reading_id,timestamp,transformer_id,lt_section,voltage_v,current_a,power_kw,power_factor,frequency_hz,phase_imbalance_pct,status
6253,2026-08-01 01:44:12,TR-103,LT-005,240.55,5.912,1.266,0.89,50.038,0.72,NORMAL
4685,2026-08-01 01:18:04,TR-102,LT-003,225.85,6.213,1.345,0.959,50.031,2.17,NORMAL
1732,2026-08-01 00:28:51,TR-102,LT-002,228.6,10.313,2.083,0.884,50.021,3.28,NORMAL
4743,2026-08-01 01:19:02,TR-102,LT-006,230.01,10.386,2.3,0.963,49.92,1.99,NORMAL
4522,2026-08-01 01:15:21,TR-102,LT-003,234.3,6.95,1.514,0.93,49.954,1.84,NORMAL
6341,2026-08-01 01:45:40,TR-102,LT-006,226.3,10.928,2.328,0.941,50.013,0.47,NORMAL
577,2026-08-01 00:09:36,TR-103,LT-003,230.94,8.033,1.678,0.904,49.974,2.52,NORMAL
5203,2026-08-01 01:26:42,TR-101,LT-003,230.6,6.778,1.422,0.91,50.088,1.33,NORMAL
6364,2026-08-01 01:46:03,TR-102,LT-005,232.73,5.123,1.092,0.916,50.082,1.57,NORMAL
440,2026-08-01 00:07:19,TR-104,LT-003,229.78,9.021,1.986,0.958,50.023,1.99,NORMAL
2751,2026-08-01 00:45:50,TR-101,LT-005,237.02,8.651,1.891,0.922,50.013,3.4,NORMAL
7488,2026-08-01 02:04:47,TR-102,LT-003,231.84,13.748,3.037,0.953,50.066,1.69,NORMAL
5273,2026-08-01 01:27:52,TR-101,LT-006,225.2,10.683,2.27,0.944,50.08,0.89,NORMAL
5654,2026-08-01 01:34:13,TR-102,LT-001,234.51,7.539,1.652,0.935,50.114,2.44,NORMAL
4000,2026-08-01 01:06:39,TR-104,LT-006,231.44,6.107,1.271,0.9,49.99,2.18,NORMAL
6034,2026-08-01 01:40:33,TR-103,LT-004,226.44,4.567,0.976,0.943,49.885,1.06,NORMAL
583,2026-08-01 00:09:42,TR-103,LT-003,232.53,4.762,1.028,0.929,49.896,3.93,NORMAL
9931,2026-08-01 00:12:10,TR-103,LT-006,100.86,0.01,0.0,0.423,50.038,29.91,POSSIBLE_BROKEN_LT
7052,2026-08-01 01:57:31,TR-101,LT-003,231.6,9.856,2.082,0.912,49.872,3.12,NORMAL
8159,2026-08-01 00:02:38,TR-103,LT-002,179.23,12.056,1.781,0.824,50.005,12.65,WARNING
9897,2026-08-01 00:11:36,TR-103,LT-001,95.14,0.506,0.024,0.491,49.958,31.29,POSSIBLE_BROKEN_LT
2250,2026-08-01 00:37:29,TR-103,LT-006,233.69,8.012,1.736,0.927,49.969,2.55,NORMAL
4641,2026-08-01 01:17:20,TR-102,LT-001,233.26,5.1,1.073,0.902,50.03,2.58,NORMAL
9486,2026-08-01 00:04:45,TR-104,LT-001,84.25,0.395,0.006,0.174,50.009,32.31,POSSIBLE_BROKEN_LT
4948,2026-08-01 01:22:27,TR-102,LT-002,224.66,6.052,1.271,0.935,50.091,1.0,NORMAL
9921,2026-08-01 00:12:00,TR-104,LT-006,64.17,0.788,0.026,0.505,50.101,16.57,POSSIBLE_BROKEN_LT
1964,2026-08-01 00:32:43,TR-101,LT-003,232.58,7.531,1.677,0.957,49.939,2.66,NORMAL
8244,2026-08-01 00:04:03,TR-104,LT-002,178.86,5.946,0.984,0.925,50.051,16.31,WARNING
6591,2026-08-01 01:49:50,TR-102,LT-001,229.14,5.329,1.144,0.937,50.166,1.22,NORMAL
8848,2026-08-01 00:14:07,TR-102,LT-006,181.79,10.179,1.583,0.856,50.13,11.84,WARNING
322,2026-08-01 00:05:21,TR-102,LT-004,232.38,5.352,1.13,0.909,50.063,2.72,NORMAL
2679,2026-08-01 00:44:38,TR-101,LT-002,230.38,6.94,1.491,0.932,50.091,1.57,NORMAL
4626,2026-08-01 01:17:05,TR-104,LT-003,235.05,8.858,1.979,0.95,50.077,2.5,NORMAL
4950,2026-08-01 01:22:29,TR-101,LT-006,231.74,8.463,1.912,0.975,49.979,3.47,NORMAL
8329,2026-08-01 00:05:28,TR-102,LT-003,216.52,15.592,2.441,0.723,49.963,14.13,WARNING
3338,2026-08-01 00:55:37,TR-103,LT-006,229.4,6.551,1.448,0.964,50.025,1.26,NORMAL
5590,2026-08-01 01:33:09,TR-104,LT-002,236.16,8.41,1.806,0.909,49.963,1.34,NORMAL
252,2026-08-01 00:04:11,TR-104,LT-004,233.67,5.888,1.215,0.883,50.04,2.7,NORMAL
3974,2026-08-01 01:06:13,TR-103,LT-002,230.35,6.376,1.344,0.915,50.092,0.78,NORMAL
6631,2026-08-01 01:50:30,TR-101,LT-003,223.73,6.6,1.396,0.945,49.915,1.93,NORMAL
5548,2026-08-01 01:32:27,TR-101,LT-001,231.88,10.077,2.241,0.959,49.98,3.04,NORMAL
36,2026-08-01 00:00:35,TR-103,LT-006,225.12,11.971,2.609,0.968,50.009,2.16,NORMAL
8363,2026-08-01 00:06:02,TR-101,LT-004,158.01,13.73,1.97,0.908,49.955,9.53,WARNING
1514,2026-08-01 00:25:13,TR-101,LT-004,222.53,7.501,1.591,0.953,49.985,3.77,NORMAL
9318,2026-08-01 00:01:57,TR-103,LT-004,54.27,0.086,0.002,0.423,50.134,53.97,POSSIBLE_BROKEN_LT
40,2026-08-01 00:00:39,TR-104,LT-003,230.79,12.508,2.707,0.938,50.052,0.81,NORMAL
4820,2026-08-01 01:20:19,TR-101,LT-005,228.88,10.527,2.335,0.969,50.011,2.91,NORMAL
3466,2026-08-01 00:57:45,TR-102,LT-001,224.65,7.718,1.709,0.986,49.991,1.58,NORMAL
1761,2026-08-01 00:29:20,TR-101,LT-002,236.56,5.161,1.13,0.926,50.161,2.05,NORMAL
2305,2026-08-01 00:38:24,TR-102,LT-002,237.98,8.477,1.87,0.927,50.109,2.02,NORMAL
3724,2026-08-01 01:02:03,TR-103,LT-004,222.85,5.399,1.173,0.975,50.011,1.6,NORMAL
8285,2026-08-01 00:04:44,TR-104,LT-002,165.96,8.73,1.153,0.796,49.981,18.3,WARNING
4994,2026-08-01 01:23:13,TR-102,LT-001,232.27,3.39,0.754,0.957,50.085,3.26,NORMAL
8128,2026-08-01 00:02:07,TR-103,LT-006,182.52,12.792,1.983,0.849,49.942,7.41,WARNING
3033,2026-08-01 00:50:32,TR-103,LT-002,231.81,4.665,0.999,0.924,50.151,3.07,NORMAL
7939,2026-08-01 02:12:18,TR-104,LT-006,235.98,6.545,1.438,0.931,49.958,1.76,NORMAL
3040,2026-08-01 00:50:39,TR-102,LT-001,229.17,6.515,1.446,0.968,50.022,3.25,NORMAL
9656,2026-08-01 00:07:35,TR-101,LT-005,85.03,0.01,0.001,0.629,49.928,2.67,POSSIBLE_BROKEN_LT
2546,2026-08-01 00:42:25,TR-102,LT-005,231.73,8.897,2.052,0.995,49.993,0.43,NORMAL
2593,2026-08-01 00:43:12,TR-104,LT-003,229.83,7.838,1.687,0.936,50.024,0.17,NORMAL
1189,2026-08-01 00:19:48,TR-103,LT-006,232.2,7.822,1.637,0.901,49.863,2.7,NORMAL
7967,2026-08-01 02:12:46,TR-103,LT-002,234.12,7.214,1.552,0.919,49.865,1.1,NORMAL
6078,2026-08-01 01:41:17,TR-104,LT-001,226.42,9.119,1.974,0.956,49.928,3.28,NORMAL
108,2026-08-01 00:01:47,TR-104,LT-004,230.7,9.638,2.134,0.96,50.083,2.79,NORMAL
1316,2026-08-01 00:21:55,TR-104,LT-003,224.75,4.927,1.049,0.948,49.845,0.78,NORMAL
8188,2026-08-01 00:03:07,TR-101,LT-001,198.76,9.292,1.588,0.86,50.024,10.25,WARNING
2754,2026-08-01 00:45:53,TR-102,LT-006,229.4,5.75,1.238,0.939,50.017,0.91,NORMAL
9754,2026-08-01 00:09:13,TR-104,LT-004,57.0,0.269,0.004,0.268,50.012,33.31,POSSIBLE_BROKEN_LT
6232,2026-08-01 01:43:51,TR-103,LT-002,228.55,7.596,1.618,0.932,49.968,1.66,NORMAL
2877,2026-08-01 00:47:56,TR-104,LT-002,226.25,9.334,1.957,0.927,50.048,2.16,NORMAL
5324,2026-08-01 01:28:43,TR-102,LT-004,230.84,8.036,1.75,0.943,49.848,0.78,NORMAL
800,2026-08-01 00:13:19,TR-103,LT-005,230.12,10.375,2.174,0.911,50.123,3.23,NORMAL
3571,2026-08-01 00:59:30,TR-101,LT-006,228.81,9.987,2.15,0.941,50.084,1.14,NORMAL
2895,2026-08-01 00:48:14,TR-104,LT-005,232.03,7.328,1.575,0.926,50.074,2.69,NORMAL
2928,2026-08-01 00:48:47,TR-101,LT-005,230.86,6.994,1.5,0.929,49.94,1.19,NORMAL
8179,2026-08-01 00:02:58,TR-104,LT-003,176.91,7.864,1.154,0.829,50.027,17.42,WARNING
972,2026-08-01 00:16:11,TR-103,LT-005,227.28,10.959,2.329,0.935,50.024,1.2,NORMAL
6688,2026-08-01 01:51:27,TR-102,LT-001,226.3,6.789,1.425,0.927,49.896,1.59,NORMAL
8576,2026-08-01 00:09:35,TR-101,LT-001,191.86,7.145,1.104,0.805,49.966,10.16,WARNING
2021,2026-08-01 00:33:40,TR-104,LT-003,230.24,11.09,2.398,0.939,49.96,2.7,NORMAL
9055,2026-08-01 00:17:34,TR-104,LT-002,164.34,5.328,0.667,0.762,49.878,5.48,WARNING
953,2026-08-01 00:15:52,TR-102,LT-003,224.99,6.123,1.292,0.938,50.124,3.06,NORMAL
5360,2026-08-01 01:29:19,TR-102,LT-002,228.9,9.984,2.088,0.914,49.977,1.66,NORMAL
3858,2026-08-01 01:04:17,TR-103,LT-006,232.37,10.056,2.197,0.94,49.952,2.42,NORMAL
5862,2026-08-01 01:37:41,TR-103,LT-003,234.91,11.083,2.514,0.966,49.974,2.44,NORMAL
3146,2026-08-01 00:52:25,TR-101,LT-001,231.88,9.797,2.169,0.955,50.037,2.31,NORMAL
3306,2026-08-01 00:55:05,TR-104,LT-006,234.25,6.902,1.536,0.95,50.003,1.69,NORMAL
3007,2026-08-01 00:50:06,TR-102,LT-006,231.94,7.067,1.564,0.954,50.003,2.49,NORMAL
9002,2026-08-01 00:16:41,TR-104,LT-006,195.49,10.361,1.472,0.727,49.958,9.6,WARNING
7771,2026-08-01 02:09:30,TR-101,LT-004,233.57,5.483,1.197,0.935,49.903,0.21,NORMAL
7439,2026-08-01 02:03:58,TR-101,LT-006,223.94,8.202,1.813,0.987,50.16,0.41,NORMAL
7943,2026-08-01 02:12:22,TR-101,LT-002,224.22,7.255,1.538,0.946,49.981,3.5,NORMAL
9239,2026-08-01 00:00:38,TR-104,LT-001,69.33,0.319,0.006,0.255,49.988,31.29,POSSIBLE_BROKEN_LT
1057,2026-08-01 00:17:36,TR-102,LT-003,229.9,7.633,1.684,0.96,50.141,0.8,NORMAL
3155,2026-08-01 00:52:34,TR-101,LT-001,225.85,5.923,1.253,0.937,49.919,2.74,NORMAL
3788,2026-08-01 01:03:07,TR-103,LT-005,226.46,10.223,2.091,0.903,49.992,1.59,NORMAL
9190,2026-08-01 00:19:49,TR-104,LT-001,167.81,7.792,1.108,0.847,49.924,10.17,WARNING
7826,2026-08-01 02:10:25,TR-104,LT-003,234.66,4.882,1.085,0.947,49.976,4.01,NORMAL
7540,2026-08-01 02:05:39,TR-101,LT-004,228.76,8.726,1.959,0.982,50.035,4.14,NORMAL
7232,2026-08-01 02:00:31,TR-101,LT-002,236.75,7.39,1.607,0.919,49.91,1.36,NORMAL
765,2026-08-01 00:12:44,TR-103,LT-006,234.6,7.871,1.732,0.938,49.985,3.0,NORMAL
5020,2026-08-01 01:23:39,TR-104,LT-002,231.59,7.493,1.678,0.967,50.018,0.71,NORMAL
4904,2026-08-01 01:21:43,TR-102,LT-005,228.51,9.018,1.874,0.91,50.114,2.34,NORMAL
8094,2026-08-01 00:01:33,TR-101,LT-003,167.67,14.709,1.796,0.728,49.987,12.46,WARNING
6844,2026-08-01 01:54:03,TR-104,LT-003,226.6,8.946,1.947,0.96,49.956,3.19,NORMAL
2166,2026-08-01 00:36:05,TR-103,LT-006,225.94,9.002,1.953,0.96,49.974,1.75,NORMAL
1863,2026-08-01 00:31:02,TR-102,LT-003,233.17,9.062,1.947,0.921,49.94,3.09,NORMAL
7851,2026-08-01 02:10:50,TR-104,LT-003,238.01,11.666,2.469,0.889,50.075,0.53,NORMAL
9124,2026-08-01 00:18:43,TR-102,LT-005,190.68,5.996,1.003,0.877,50.001,5.79,WARNING
2341,2026-08-01 00:39:00,TR-103,LT-004,232.8,7.099,1.557,0.942,50.07,1.49,NORMAL
5528,2026-08-01 01:32:07,TR-102,LT-006,230.05,9.25,1.999,0.939,49.894,1.88,NORMAL
6744,2026-08-01 01:52:23,TR-101,LT-002,224.03,9.264,1.92,0.925,49.867,1.62,NORMAL
4004,2026-08-01 01:06:43,TR-101,LT-003,231.89,7.917,1.752,0.954,50.076,1.1,NORMAL
1124,2026-08-01 00:18:43,TR-104,LT-004,225.43,8.028,1.724,0.953,49.931,1.47,NORMAL
8710,2026-08-01 00:11:49,TR-103,LT-002,160.25,11.091,1.552,0.873,49.948,14.82,WARNING
4050,2026-08-01 01:07:29,TR-103,LT-004,231.57,7.074,1.474,0.9,50.159,1.62,NORMAL
7641,2026-08-01 02:07:20,TR-102,LT-006,221.73,8.396,1.763,0.947,49.935,3.68,NORMAL
766,2026-08-01 00:12:45,TR-101,LT-003,227.19,7.09,1.522,0.945,50.098,1.27,NORMAL
2345,2026-08-01 00:39:04,TR-104,LT-005,221.39,9.235,1.831,0.896,50.041,2.15,NORMAL
4072,2026-08-01 01:07:51,TR-104,LT-006,227.18,9.619,2.091,0.957,50.068,3.15,NORMAL
7217,2026-08-01 02:00:16,TR-102,LT-005,227.63,6.231,1.357,0.957,49.973,2.78,NORMAL
4217,2026-08-01 01:10:16,TR-103,LT-002,237.43,7.258,1.66,0.963,50.096,1.0,NORMAL
7953,2026-08-01 02:12:32,TR-102,LT-003,228.92,6.289,1.365,0.948,50.104,1.22,NORMAL
5971,2026-08-01 01:39:30,TR-104,LT-004,233.9,7.491,1.586,0.905,50.082,2.66,NORMAL
3351,2026-08-01 00:55:50,TR-104,LT-001,227.92,5.317,1.135,0.937,49.959,1.71,NORMAL
4696,2026-08-01 01:18:15,TR-102,LT-002,229.21,10.217,2.13,0.91,49.88,0.3,NORMAL
3400,2026-08-01 00:56:39,TR-103,LT-004,228.38,7.579,1.624,0.938,50.13,2.02,NORMAL
4082,2026-08-01 01:08:01,TR-104,LT-005,227.21,8.189,1.722,0.925,50.168,2.43,NORMAL
9150,2026-08-01 00:19:09,TR-101,LT-002,204.26,6.189,1.179,0.933,50.016,12.16,WARNING
1225,2026-08-01 00:20:24,TR-101,LT-005,229.26,5.011,1.116,0.971,50.023,0.95,NORMAL
6293,2026-08-01 01:44:52,TR-104,LT-003,232.02,6.3,1.321,0.903,50.013,3.16,NORMAL
3123,2026-08-01 00:52:02,TR-104,LT-005,231.96,9.315,1.964,0.909,49.999,2.0,NORMAL
511,2026-08-01 00:08:30,TR-104,LT-005,231.08,8.006,1.687,0.912,49.971,3.07,NORMAL
5795,2026-08-01 01:36:34,TR-103,LT-005,228.86,6.398,1.333,0.91,49.902,3.65,NORMAL
8182,2026-08-01 00:03:01,TR-104,LT-002,192.96,12.297,1.762,0.743,50.108,11.18,WARNING
9418,2026-08-01 00:03:37,TR-103,LT-004,96.33,0.439,0.014,0.334,49.998,46.35,POSSIBLE_BROKEN_LT
97,2026-08-01 00:01:36,TR-101,LT-004,231.18,10.307,2.242,0.941,50.0,2.4,NORMAL
6682,2026-08-01 01:51:21,TR-103,LT-006,231.07,9.153,1.923,0.909,50.036,2.08,NORMAL
1513,2026-08-01 00:25:12,TR-101,LT-006,227.13,9.959,2.188,0.967,49.951,2.68,NORMAL
8792,2026-08-01 00:13:11,TR-104,LT-002,183.2,8.096,1.231,0.83,49.989,16.2,WARNING
120,2026-08-01 00:01:59,TR-104,LT-004,233.01,8.021,1.719,0.92,50.047,2.71,NORMAL
7792,2026-08-01 02:09:51,TR-103,LT-002,226.83,5.607,1.198,0.942,50.03,0.92,NORMAL
6518,2026-08-01 01:48:37,TR-101,LT-002,230.58,7.072,1.534,0.941,50.045,3.75,NORMAL
34,2026-08-01 00:00:33,TR-101,LT-001,225.77,9.571,2.099,0.971,50.069,0.16,NORMAL
7888,2026-08-01 02:11:27,TR-103,LT-005,223.38,7.85,1.696,0.967,49.985,1.39,NORMAL
6831,2026-08-01 01:53:50,TR-102,LT-004,231.77,9.266,1.875,0.873,49.782,3.34,NORMAL
5422,2026-08-01 01:30:21,TR-103,LT-005,225.24,8.519,1.65,0.86,50.097,0.88,NORMAL
1069,2026-08-01 00:17:48,TR-102,LT-006,228.13,10.983,2.304,0.919,49.995,1.26,NORMAL
1348,2026-08-01 00:22:27,TR-101,LT-002,233.74,9.5,2.126,0.957,50.034,2.03,NORMAL
4748,2026-08-01 01:19:07,TR-102,LT-001,225.66,6.407,1.324,0.916,49.948,1.94,NORMAL
6006,2026-08-01 01:40:05,TR-103,LT-006,233.35,7.006,1.513,0.925,50.026,2.69,NORMAL
6040,2026-08-01 01:40:39,TR-101,LT-003,233.27,9.072,1.963,0.928,50.017,2.12,NORMAL
3818,2026-08-01 01:03:37,TR-102,LT-005,229.51,8.842,1.935,0.953,49.894,1.6,NORMAL
8447,2026-08-01 00:07:26,TR-103,LT-001,195.2,12.289,2.032,0.847,50.023,12.82,WARNING
5270,2026-08-01 01:27:49,TR-101,LT-002,232.9,8.068,1.812,0.964,49.847,1.65,NORMAL
6898,2026-08-01 01:54:57,TR-101,LT-006,225.5,6.697,1.386,0.918,49.965,0.39,NORMAL
5310,2026-08-01 01:28:29,TR-103,LT-001,226.09,5.282,1.093,0.916,50.165,0.97,NORMAL
32,2026-08-01 00:00:31,TR-104,LT-001,237.41,11.004,2.379,0.911,50.042,1.47,NORMAL
5675,2026-08-01 01:34:34,TR-102,LT-006,224.72,7.571,1.638,0.963,49.89,4.16,NORMAL
4387,2026-08-01 01:13:06,TR-102,LT-003,227.25,7.343,1.589,0.952,49.892,1.1,NORMAL
30,2026-08-01 00:00:29,TR-103,LT-005,228.83,8.166,1.825,0.977,49.926,2.49,NORMAL
4203,2026-08-01 01:10:02,TR-104,LT-004,226.06,5.381,1.138,0.936,49.99,0.09,NORMAL
7508,2026-08-01 02:05:07,TR-102,LT-003,226.9,7.481,1.669,0.983,49.969,2.79,NORMAL
736,2026-08-01 00:12:15,TR-101,LT-001,231.89,6.726,1.467,0.94,49.931,2.63,NORMAL
2068,2026-08-01 00:34:27,TR-101,LT-006,229.46,8.867,1.942,0.954,50.084,1.91,NORMAL
107,2026-08-01 00:01:46,TR-104,LT-006,237.54,7.923,1.772,0.942,50.02,1.64,NORMAL
9645,2026-08-01 00:07:24,TR-101,LT-001,51.05,0.318,0.009,0.567,49.851,35.16,POSSIBLE_BROKEN_LT
8895,2026-08-01 00:14:54,TR-103,LT-004,124.08,13.694,1.58,0.93,50.051,4.02,WARNING
8021,2026-08-01 00:00:20,TR-103,LT-004,170.87,5.807,0.858,0.864,49.96,13.06,WARNING
2233,2026-08-01 00:37:12,TR-104,LT-001,222.12,6.212,1.257,0.911,50.109,1.59,NORMAL
994,2026-08-01 00:16:33,TR-104,LT-006,227.27,4.373,0.943,0.948,49.861,1.02,NORMAL
9413,2026-08-01 00:03:32,TR-103,LT-005,97.2,0.309,0.008,0.256,49.886,12.74,POSSIBLE_BROKEN_LT
7059,2026-08-01 01:57:38,TR-103,LT-005,237.81,11.824,2.614,0.93,50.127,0.26,NORMAL
6790,2026-08-01 01:53:09,TR-103,LT-004,232.75,8.051,1.771,0.945,49.936,1.54,NORMAL
361,2026-08-01 00:06:00,TR-103,LT-001,232.08,9.31,1.979,0.916,49.992,1.13,NORMAL
305,2026-08-01 00:05:04,TR-102,LT-001,229.92,9.663,2.061,0.928,49.967,2.51,NORMAL
2628,2026-08-01 00:43:47,TR-104,LT-006,232.79,6.572,1.475,0.964,50.066,1.08,NORMAL
8966,2026-08-01 00:16:05,TR-102,LT-002,205.74,12.962,2.378,0.891,50.032,10.56,WARNING
4514,2026-08-01 01:15:13,TR-103,LT-003,226.26,9.676,2.073,0.947,50.138,2.1,NORMAL
5911,2026-08-01 01:38:30,TR-103,LT-003,232.02,6.281,1.376,0.944,49.943,1.6,NORMAL
8314,2026-08-01 00:05:13,TR-102,LT-004,193.73,9.369,1.4,0.772,49.964,14.19,WARNING
3101,2026-08-01 00:51:40,TR-104,LT-002,227.17,8.742,1.907,0.96,50.077,1.53,NORMAL
5704,2026-08-01 01:35:03,TR-101,LT-001,227.58,6.498,1.455,0.984,49.786,1.75,NORMAL
3899,2026-08-01 01:04:58,TR-104,LT-001,231.72,4.58,1.025,0.966,49.883,2.36,NORMAL
5441,2026-08-01 01:30:40,TR-102,LT-003,227.59,10.546,2.218,0.924,50.05,3.04,NORMAL
7931,2026-08-01 02:12:10,TR-102,LT-002,232.43,5.649,1.244,0.948,49.991,1.61,NORMAL
622,2026-08-01 00:10:21,TR-104,LT-005,231.89,9.386,2.057,0.945,50.042,2.32,NORMAL
7236,2026-08-01 02:00:35,TR-104,LT-005,235.15,8.388,1.778,0.902,50.022,0.53,NORMAL
2499,2026-08-01 00:41:38,TR-104,LT-006,233.16,10.495,2.371,0.969,49.976,1.11,NORMAL
714,2026-08-01 00:11:53,TR-103,LT-006,231.6,7.343,1.565,0.92,50.106,2.49,NORMAL
8404,2026-08-01 00:06:43,TR-103,LT-006,180.34,13.825,2.042,0.819,50.006,7.56,WARNING
2856,2026-08-01 00:47:35,TR-101,LT-006,227.95,6.461,1.46,0.991,50.086,2.57,NORMAL
4270,2026-08-01 01:11:09,TR-102,LT-006,233.72,6.455,1.408,0.934,50.145,2.35,NORMAL
2909,2026-08-01 00:48:28,TR-103,LT-006,228.2,6.914,1.495,0.947,50.066,2.0,NORMAL
8081,2026-08-01 00:01:20,TR-104,LT-001,167.06,11.553,1.624,0.842,50.084,14.26,WARNING
4517,2026-08-01 01:15:16,TR-104,LT-004,228.33,8.971,1.993,0.973,49.974,1.37,NORMAL
1262,2026-08-01 00:21:01,TR-101,LT-005,230.3,10.987,2.454,0.97,50.044,3.21,NORMAL
3161,2026-08-01 00:52:40,TR-104,LT-004,227.57,10.65,2.228,0.919,50.058,1.69,NORMAL
971,2026-08-01 00:16:10,TR-103,LT-004,230.51,7.218,1.524,0.916,50.054,1.48,NORMAL
3913,2026-08-01 01:05:12,TR-103,LT-001,234.04,7.73,1.763,0.974,50.092,2.13,NORMAL
5199,2026-08-01 01:26:38,TR-104,LT-006,226.61,9.572,2.087,0.962,49.912,1.42,NORMAL
8847,2026-08-01 00:14:06,TR-101,LT-006,194.02,6.616,0.895,0.697,50.0,16.17,WARNING
260,2026-08-01 00:04:19,TR-102,LT-003,233.1,8.538,1.871,0.94,49.979,3.09,NORMAL
3791,2026-08-01 01:03:10,TR-102,LT-002,232.34,4.898,1.095,0.962,49.992,4.76,NORMAL
9203,2026-08-01 00:00:02,TR-102,LT-002,89.49,0.11,0.003,0.347,50.077,49.16,POSSIBLE_BROKEN_LT
488,2026-08-01 00:08:07,TR-101,LT-004,225.67,6.031,1.276,0.938,50.046,2.16,NORMAL
7908,2026-08-01 02:11:47,TR-104,LT-006,228.89,7.593,1.562,0.899,50.023,2.43,NORMAL
519,2026-08-01 00:08:38,TR-102,LT-006,230.4,6.731,1.452,0.936,50.0,3.37,NORMAL
8343,2026-08-01 00:05:42,TR-104,LT-006,183.57,7.149,1.17,0.892,50.105,1.96,WARNING
312,2026-08-01 00:05:11,TR-103,LT-004,234.4,13.397,2.813,0.896,49.982,2.53,NORMAL
3232,2026-08-01 00:53:51,TR-103,LT-006,221.9,6.822,1.402,0.927,49.872,2.3,NORMAL
7933,2026-08-01 02:12:12,TR-102,LT-006,229.3,7.192,1.568,0.951,50.046,1.9,NORMAL
7458,2026-08-01 02:04:17,TR-102,LT-006,233.04,7.669,1.692,0.947,49.915,1.65,NORMAL
9784,2026-08-01 00:09:43,TR-103,LT-003,57.22,0.01,0.0,0.533,50.081,59.42,POSSIBLE_BROKEN_LT
5184,2026-08-01 01:26:23,TR-102,LT-004,231.47,8.323,1.784,0.926,49.97,4.05,NORMAL
8077,2026-08-01 00:01:16,TR-101,LT-001,153.24,10.845,1.154,0.694,50.032,11.98,WARNING
6502,2026-08-01 01:48:21,TR-104,LT-006,225.16,8.034,1.749,0.967,49.98,3.36,NORMAL
6791,2026-08-01 01:53:10,TR-104,LT-003,229.65,8.499,1.912,0.98,49.935,0.64,NORMAL
7773,2026-08-01 02:09:32,TR-104,LT-005,228.84,6.392,1.385,0.947,49.889,2.09,NORMAL
2738,2026-08-01 00:45:37,TR-104,LT-004,231.37,5.999,1.221,0.879,50.176,3.45,NORMAL
7842,2026-08-01 02:10:41,TR-103,LT-002,228.21,6.294,1.38,0.961,49.918,1.28,NORMAL
6262,2026-08-01 01:44:21,TR-103,LT-002,233.09,7.837,1.664,0.911,49.996,2.12,NORMAL
8206,2026-08-01 00:03:25,TR-102,LT-006,195.03,7.587,1.208,0.816,49.88,17.35,WARNING
1248,2026-08-01 00:20:47,TR-104,LT-003,226.92,6.018,1.281,0.938,50.044,2.42,NORMAL
9336,2026-08-01 00:02:15,TR-103,LT-003,69.26,0.322,0.011,0.491,50.017,49.95,POSSIBLE_BROKEN_LT
4195,2026-08-01 01:09:54,TR-101,LT-006,220.45,9.415,2.04,0.983,50.061,3.11,NORMAL
8001,2026-08-01 00:00:00,TR-104,LT-005,170.87,12.912,1.856,0.841,50.035,12.06,WARNING
7378,2026-08-01 02:02:57,TR-101,LT-006,232.44,10.299,2.33,0.974,49.999,1.12,NORMAL
3435,2026-08-01 00:57:14,TR-104,LT-004,239.09,4.641,1.041,0.939,49.934,2.6,NORMAL
5382,2026-08-01 01:29:41,TR-103,LT-002,227.52,10.452,2.142,0.901,50.004,4.11,NORMAL
959,2026-08-01 00:15:58,TR-104,LT-001,232.28,9.906,2.049,0.89,50.051,0.82,NORMAL
417,2026-08-01 00:06:56,TR-102,LT-001,236.2,7.87,1.659,0.892,50.058,1.01,NORMAL
5742,2026-08-01 01:35:41,TR-101,LT-001,226.03,6.018,1.296,0.953,50.034,2.66,NORMAL
6728,2026-08-01 01:52:07,TR-102,LT-001,229.11,8.736,1.871,0.935,49.793,1.19,NORMAL
4382,2026-08-01 01:13:01,TR-102,LT-001,230.7,12.749,2.613,0.888,50.023,2.89,NORMAL
5197,2026-08-01 01:26:36,TR-101,LT-002,234.12,10.692,2.247,0.898,49.957,2.14,NORMAL
1113,2026-08-01 00:18:32,TR-104,LT-003,233.48,10.124,2.205,0.933,49.945,2.76,NORMAL
2689,2026-08-01 00:44:48,TR-104,LT-006,233.03,10.423,2.26,0.931,50.027,2.58,NORMAL
6473,2026-08-01 01:47:52,TR-102,LT-006,230.52,5.05,1.09,0.937,49.963,2.71,NORMAL
8820,2026-08-01 00:13:39,TR-103,LT-002,204.42,9.68,1.429,0.722,50.0,13.15,WARNING
7808,2026-08-01 02:10:07,TR-104,LT-001,236.89,6.787,1.548,0.963,50.047,1.08,NORMAL
3411,2026-08-01 00:56:50,TR-104,LT-001,227.3,6.716,1.474,0.965,49.974,1.62,NORMAL
81,2026-08-01 00:01:20,TR-104,LT-001,229.12,6.605,1.415,0.935,49.883,1.59,NORMAL
4614,2026-08-01 01:16:53,TR-101,LT-003,227.95,11.114,2.351,0.928,49.968,2.24,NORMAL
1374,2026-08-01 00:22:53,TR-102,LT-003,223.55,8.662,1.862,0.961,50.111,2.06,NORMAL
1510,2026-08-01 00:25:09,TR-101,LT-005,235.91,9.658,2.205,0.968,49.998,1.38,NORMAL
6443,2026-08-01 01:47:22,TR-101,LT-004,224.47,10.249,2.088,0.908,49.868,1.31,NORMAL
3071,2026-08-01 00:51:10,TR-103,LT-003,224.92,6.605,1.354,0.911,49.991,0.41,NORMAL
3016,2026-08-01 00:50:15,TR-103,LT-005,234.15,8.153,1.818,0.952,49.972,1.62,NORMAL
4823,2026-08-01 01:20:22,TR-102,LT-006,226.62,8.387,1.745,0.918,49.894,0.25,NORMAL
7822,2026-08-01 02:10:21,TR-102,LT-006,233.41,9.575,2.175,0.973,50.01,3.08,NORMAL
93,2026-08-01 00:01:32,TR-101,LT-001,227.19,7.793,1.635,0.923,49.957,1.03,NORMAL
9421,2026-08-01 00:03:40,TR-103,LT-003,73.59,0.365,0.011,0.397,50.086,34.98,POSSIBLE_BROKEN_LT
6600,2026-08-01 01:49:59,TR-103,LT-003,236.96,8.899,1.934,0.917,50.043,1.18,NORMAL
4443,2026-08-01 01:14:02,TR-102,LT-006,232.21,6.742,1.497,0.956,50.02,1.11,NORMAL
7602,2026-08-01 02:06:41,TR-102,LT-004,227.96,6.451,1.347,0.916,50.134,3.03,NORMAL
3835,2026-08-01 01:03:54,TR-102,LT-003,226.12,5.112,1.083,0.937,49.993,1.56,NORMAL
9702,2026-08-01 00:08:21,TR-103,LT-001,65.66,0.451,0.02,0.692,50.125,41.8,POSSIBLE_BROKEN_LT
4322,2026-08-01 01:12:01,TR-103,LT-004,229.57,9.647,2.129,0.961,50.011,1.78,NORMAL
3394,2026-08-01 00:56:33,TR-103,LT-003,229.7,3.223,0.729,0.985,50.096,3.49,NORMAL
4752,2026-08-01 01:19:11,TR-101,LT-006,228.97,12.383,2.548,0.899,50.127,1.92,NORMAL
7229,2026-08-01 02:00:28,TR-104,LT-002,230.64,7.32,1.543,0.914,50.041,1.55,NORMAL
9191,2026-08-01 00:19:50,TR-101,LT-005,171.2,4.141,0.658,0.928,49.924,7.43,WARNING
2361,2026-08-01 00:39:20,TR-101,LT-002,225.88,8.175,1.793,0.971,50.031,1.66,NORMAL
1148,2026-08-01 00:19:07,TR-103,LT-002,224.24,7.04,1.464,0.927,50.102,0.87,NORMAL
5666,2026-08-01 01:34:25,TR-104,LT-006,224.25,6.969,1.42,0.909,50.038,0.23,NORMAL
8075,2026-08-01 00:01:14,TR-102,LT-002,195.66,11.067,1.687,0.779,50.021,11.33,WARNING
4943,2026-08-01 01:22:22,TR-102,LT-002,230.33,6.27,1.346,0.932,49.903,1.93,NORMAL
3663,2026-08-01 01:01:02,TR-102,LT-005,231.49,11.096,2.429,0.946,49.901,1.22,NORMAL
1563,2026-08-01 00:26:02,TR-102,LT-005,220.3,9.142,1.896,0.941,49.987,4.67,NORMAL
4113,2026-08-01 01:08:32,TR-103,LT-003,236.24,7.088,1.555,0.929,49.991,1.27,NORMAL
9050,2026-08-01 00:17:29,TR-104,LT-003,177.02,10.801,1.682,0.88,50.115,19.86,WARNING
9276,2026-08-01 00:01:15,TR-103,LT-004,88.1,0.411,0.01,0.286,50.057,30.77,POSSIBLE_BROKEN_LT
8538,2026-08-01 00:08:57,TR-101,LT-006,170.04,5.343,0.839,0.924,50.049,12.77,WARNING
795,2026-08-01 00:13:14,TR-102,LT-004,225.68,5.683,1.235,0.963,50.056,1.69,NORMAL
5854,2026-08-01 01:37:33,TR-102,LT-003,226.09,6.647,1.412,0.939,50.04,2.51,NORMAL
7619,2026-08-01 02:06:58,TR-103,LT-002,224.75,13.054,2.66,0.907,49.958,2.15,NORMAL
1594,2026-08-01 00:26:33,TR-104,LT-004,233.62,10.273,2.276,0.948,50.014,1.75,NORMAL
7418,2026-08-01 02:03:37,TR-102,LT-006,226.35,7.35,1.614,0.97,49.934,2.02,NORMAL
5267,2026-08-01 01:27:46,TR-103,LT-005,234.37,7.519,1.729,0.981,49.974,4.86,NORMAL
7147,2026-08-01 01:59:06,TR-104,LT-005,232.36,5.465,1.195,0.941,50.141,2.36,NORMAL
89,2026-08-01 00:01:28,TR-103,LT-002,227.88,8.881,1.816,0.898,50.026,2.65,NORMAL
8695,2026-08-01 00:11:34,TR-104,LT-001,195.6,4.935,0.827,0.857,50.068,16.64,WARNING
9732,2026-08-01 00:08:51,TR-103,LT-006,58.55,0.284,0.004,0.211,50.034,32.52,POSSIBLE_BROKEN_LT
9446,2026-08-01 00:04:05,TR-103,LT-005,58.49,0.283,0.008,0.463,50.063,26.19,POSSIBLE_BROKEN_LT
6754,2026-08-01 01:52:33,TR-101,LT-005,231.46,4.99,1.107,0.959,50.055,2.3,NORMAL
3502,2026-08-01 00:58:21,TR-101,LT-004,227.49,8.841,1.896,0.943,49.959,3.47,NORMAL
2234,2026-08-01 00:37:13,TR-102,LT-003,233.57,5.792,1.308,0.967,50.035,1.88,NORMAL
2803,2026-08-01 00:46:42,TR-101,LT-006,231.4,8.58,1.805,0.909,50.082,2.73,NORMAL
4424,2026-08-01 01:13:43,TR-103,LT-006,233.78,9.729,2.071,0.911,50.127,1.27,NORMAL
5663,2026-08-01 01:34:22,TR-104,LT-003,230.03,11.117,2.488,0.973,50.021,1.83,NORMAL
7170,2026-08-01 01:59:29,TR-104,LT-002,230.15,4.216,0.915,0.943,50.099,3.85,NORMAL
8337,2026-08-01 00:05:36,TR-101,LT-001,161.06,14.756,1.674,0.704,49.947,9.56,WARNING
2148,2026-08-01 00:35:47,TR-101,LT-004,226.69,7.7,1.702,0.975,49.944,0.17,NORMAL
7969,2026-08-01 02:12:48,TR-101,LT-001,228.38,6.972,1.463,0.919,50.001,1.98,NORMAL
6551,2026-08-01 01:49:10,TR-103,LT-003,229.94,6.364,1.366,0.933,49.955,4.01,NORMAL
7643,2026-08-01 02:07:22,TR-102,LT-004,228.23,6.909,1.494,0.947,49.945,1.92,NORMAL
6164,2026-08-01 01:42:43,TR-103,LT-004,223.87,11.27,2.356,0.934,50.134,3.07,NORMAL
1495,2026-08-01 00:24:54,TR-102,LT-006,236.17,6.148,1.345,0.926,50.07,1.47,NORMAL
7696,2026-08-01 02:08:15,TR-104,LT-005,235.82,7.586,1.662,0.929,49.918,1.86,NORMAL
7094,2026-08-01 01:58:13,TR-101,LT-002,234.77,8.393,1.85,0.939,50.154,3.6,NORMAL
1409,2026-08-01 00:23:28,TR-103,LT-006,228.71,7.221,1.448,0.877,50.076,3.04,NORMAL
6691,2026-08-01 01:51:30,TR-102,LT-006,231.89,8.556,1.878,0.947,50.165,3.46,NORMAL
3401,2026-08-01 00:56:40,TR-101,LT-001,231.97,7.682,1.707,0.958,49.961,1.27,NORMAL
109,2026-08-01 00:01:48,TR-104,LT-005,231.03,10.214,2.183,0.925,50.165,1.59,NORMAL
5636,2026-08-01 01:33:55,TR-102,LT-002,232.83,8.751,1.846,0.906,50.013,1.04,NORMAL
8482,2026-08-01 00:08:01,TR-103,LT-003,208.52,11.306,1.825,0.774,50.049,13.86,WARNING
6604,2026-08-01 01:50:03,TR-103,LT-001,231.69,9.014,1.965,0.941,49.944,0.22,NORMAL
1091,2026-08-01 00:18:10,TR-102,LT-004,229.71,9.394,1.922,0.89,49.997,0.97,NORMAL
5560,2026-08-01 01:32:39,TR-104,LT-003,233.1,9.011,1.977,0.941,50.075,0.73,NORMAL
9412,2026-08-01 00:03:31,TR-102,LT-003,105.38,0.402,0.014,0.337,50.085,48.64,POSSIBLE_BROKEN_LT
8143,2026-08-01 00:02:22,TR-103,LT-002,174.98,4.097,0.594,0.829,50.112,20.84,WARNING
8664,2026-08-01 00:11:03,TR-101,LT-002,174.63,8.493,1.32,0.89,50.094,12.32,WARNING
6596,2026-08-01 01:49:55,TR-103,LT-003,235.31,4.406,0.997,0.962,49.951,1.81,NORMAL
624,2026-08-01 00:10:23,TR-101,LT-003,235.38,10.381,2.276,0.932,49.944,2.38,NORMAL
6871,2026-08-01 01:54:30,TR-103,LT-004,231.64,8.654,1.916,0.956,50.069,1.95,NORMAL
4814,2026-08-01 01:20:13,TR-102,LT-005,226.78,9.454,2.011,0.938,49.912,2.65,NORMAL
6553,2026-08-01 01:49:12,TR-101,LT-001,231.59,11.298,2.511,0.96,50.038,2.89,NORMAL
7530,2026-08-01 02:05:29,TR-101,LT-003,221.8,9.314,1.881,0.911,49.827,1.8,NORMAL
5796,2026-08-01 01:36:35,TR-102,LT-005,229.58,8.912,1.829,0.894,50.049,1.45,NORMAL
7437,2026-08-01 02:03:56,TR-102,LT-002,226.91,7.836,1.682,0.946,49.893,2.55,NORMAL
4218,2026-08-01 01:10:17,TR-102,LT-006,228.07,7.855,1.684,0.94,49.996,1.1,NORMAL
5941,2026-08-01 01:39:00,TR-102,LT-004,224.72,9.224,1.973,0.952,50.051,1.74,NORMAL
8501,2026-08-01 00:08:20,TR-103,LT-002,156.73,12.117,1.656,0.872,49.943,8.19,WARNING
6429,2026-08-01 01:47:08,TR-101,LT-006,235.41,6.475,1.473,0.967,50.014,1.73,NORMAL
6827,2026-08-01 01:53:46,TR-103,LT-001,224.02,8.897,1.86,0.933,49.999,2.37,NORMAL
4131,2026-08-01 01:08:50,TR-102,LT-004,229.03,11.919,2.634,0.965,49.939,1.46,NORMAL
7802,2026-08-01 02:10:01,TR-101,LT-006,227.28,8.89,1.822,0.902,49.982,2.98,NORMAL
7754,2026-08-01 02:09:13,TR-103,LT-004,227.1,8.731,1.906,0.961,50.036,2.11,NORMAL
4722,2026-08-01 01:18:41,TR-104,LT-001,232.07,7.574,1.573,0.895,49.972,0.44,NORMAL
1651,2026-08-01 00:27:30,TR-101,LT-006,232.32,10.247,2.205,0.926,50.051,0.16,NORMAL
4141,2026-08-01 01:09:00,TR-102,LT-002,232.48,5.688,1.249,0.944,49.917,2.77,NORMAL
1618,2026-08-01 00:26:57,TR-103,LT-002,226.99,5.656,1.237,0.963,49.965,2.21,NORMAL
2030,2026-08-01 00:33:49,TR-101,LT-006,228.03,7.834,1.636,0.916,49.951,2.92,NORMAL
8518,2026-08-01 00:08:37,TR-101,LT-002,188.07,5.379,0.838,0.828,50.01,19.6,WARNING
4576,2026-08-01 01:16:15,TR-103,LT-001,229.11,5.776,1.248,0.943,50.044,2.24,NORMAL
3993,2026-08-01 01:06:32,TR-103,LT-004,222.1,7.188,1.536,0.962,50.056,2.19,NORMAL
7377,2026-08-01 02:02:56,TR-101,LT-005,231.86,10.315,2.281,0.954,49.908,1.54,NORMAL
6150,2026-08-01 01:42:29,TR-102,LT-001,231.03,8.377,1.779,0.919,50.041,3.84,NORMAL
4909,2026-08-01 01:21:48,TR-103,LT-006,231.07,9.297,2.006,0.934,49.965,2.71,NORMAL
5027,2026-08-01 01:23:46,TR-102,LT-001,225.87,9.61,2.026,0.933,50.185,1.76,NORMAL
8261,2026-08-01 00:04:20,TR-101,LT-002,225.0,10.002,1.739,0.773,50.006,11.08,WARNING
4732,2026-08-01 01:18:51,TR-103,LT-001,229.8,9.141,1.982,0.944,50.059,0.7,NORMAL
7549,2026-08-01 02:05:48,TR-101,LT-003,232.96,6.232,1.378,0.949,49.943,1.83,NORMAL
8135,2026-08-01 00:02:14,TR-102,LT-002,213.52,9.705,1.727,0.834,50.13,21.48,WARNING
1607,2026-08-01 00:26:46,TR-103,LT-005,230.49,2.396,0.52,0.942,49.904,3.16,NORMAL
4774,2026-08-01 01:19:33,TR-101,LT-002,230.08,9.446,1.971,0.907,49.883,2.09,NORMAL
8110,2026-08-01 00:01:49,TR-102,LT-001,186.14,7.265,1.111,0.822,49.872,22.14,WARNING
6952,2026-08-01 01:55:51,TR-102,LT-005,234.68,7.992,1.716,0.915,49.995,2.72,NORMAL
6005,2026-08-01 01:40:04,TR-102,LT-003,229.14,12.961,2.862,0.963,50.015,3.02,NORMAL
7729,2026-08-01 02:08:48,TR-101,LT-004,231.49,6.443,1.388,0.931,49.967,2.27,NORMAL
3542,2026-08-01 00:59:01,TR-103,LT-002,235.8,10.221,2.366,0.981,50.102,4.96,NORMAL
389,2026-08-01 00:06:28,TR-102,LT-001,233.8,6.821,1.52,0.953,49.787,2.85,NORMAL
1795,2026-08-01 00:29:54,TR-103,LT-005,230.85,6.818,1.563,0.993,50.093,0.61,NORMAL
8732,2026-08-01 00:12:11,TR-101,LT-006,172.49,13.971,2.042,0.848,49.993,11.74,WARNING
4920,2026-08-01 01:21:59,TR-104,LT-003,235.17,5.83,1.268,0.925,49.948,2.4,NORMAL
5538,2026-08-01 01:32:17,TR-103,LT-005,228.59,9.553,2.102,0.963,50.018,2.22,NORMAL
3873,2026-08-01 01:04:32,TR-102,LT-005,225.61,8.817,1.946,0.978,50.186,2.09,NORMAL
8869,2026-08-01 00:14:28,TR-103,LT-006,200.23,8.909,1.677,0.94,49.998,12.59,WARNING
2255,2026-08-01 00:37:34,TR-101,LT-002,224.99,8.098,1.696,0.931,50.101,1.42,NORMAL
3413,2026-08-01 00:56:52,TR-102,LT-006,237.97,8.804,1.941,0.926,49.947,2.32,NORMAL
5460,2026-08-01 01:30:59,TR-101,LT-006,229.19,7.894,1.691,0.935,50.001,3.13,NORMAL
4956,2026-08-01 01:22:35,TR-101,LT-004,224.44,6.01,1.288,0.955,49.988,2.92,NORMAL
7397,2026-08-01 02:03:16,TR-101,LT-003,235.55,11.303,2.524,0.948,50.019,2.39,NORMAL
5415,2026-08-01 01:30:14,TR-103,LT-005,227.16,7.746,1.606,0.913,50.043,1.15,NORMAL
7400,2026-08-01 02:03:19,TR-104,LT-003,235.46,6.568,1.403,0.907,50.066,3.58,NORMAL
7415,2026-08-01 02:03:34,TR-102,LT-001,239.16,6.392,1.438,0.941,50.052,0.81,NORMAL
9101,2026-08-01 00:18:20,TR-101,LT-003,187.04,8.607,1.39,0.864,49.951,16.03,WARNING
4852,2026-08-01 01:20:51,TR-102,LT-003,240.2,11.512,2.579,0.933,49.987,1.43,NORMAL
2026,2026-08-01 00:33:45,TR-102,LT-005,230.74,10.955,2.394,0.947,49.958,2.34,NORMAL
2616,2026-08-01 00:43:35,TR-103,LT-001,232.67,8.589,1.874,0.938,50.003,0.21,NORMAL
7389,2026-08-01 02:03:08,TR-101,LT-004,231.76,8.191,1.816,0.957,50.032,2.22,NORMAL
2927,2026-08-01 00:48:46,TR-102,LT-006,229.54,6.457,1.331,0.898,49.99,0.68,NORMAL
1122,2026-08-01 00:18:41,TR-101,LT-006,234.75,5.156,1.12,0.926,49.929,2.1,NORMAL
2911,2026-08-01 00:48:30,TR-104,LT-002,227.86,7.851,1.72,0.962,49.934,3.22,NORMAL
8147,2026-08-01 00:02:26,TR-103,LT-001,187.42,18.056,2.7,0.798,50.034,22.13,WARNING
7384,2026-08-01 02:03:03,TR-101,LT-001,226.82,5.757,1.178,0.902,50.152,1.78,NORMAL
3483,2026-08-01 00:58:02,TR-104,LT-002,228.55,7.251,1.455,0.878,50.094,4.76,NORMAL
796,2026-08-01 00:13:15,TR-101,LT-001,234.21,4.369,0.963,0.941,50.022,2.0,NORMAL
1576,2026-08-01 00:26:15,TR-102,LT-006,229.86,6.309,1.335,0.92,49.945,3.95,NORMAL
6177,2026-08-01 01:42:56,TR-104,LT-003,229.37,10.984,2.282,0.906,50.027,2.19,NORMAL
6267,2026-08-01 01:44:26,TR-104,LT-005,230.29,9.111,1.936,0.923,50.061,1.53,NORMAL
2459,2026-08-01 00:40:58,TR-103,LT-004,232.0,7.14,1.56,0.942,49.988,3.93,NORMAL
3313,2026-08-01 00:55:12,TR-103,LT-006,238.34,6.302,1.356,0.902,50.083,2.6,NORMAL
1254,2026-08-01 00:20:53,TR-101,LT-005,231.5,5.37,1.179,0.949,50.134,3.41,NORMAL
6835,2026-08-01 01:53:54,TR-104,LT-003,231.54,5.233,1.129,0.932,49.935,1.51,NORMAL
8795,2026-08-01 00:13:14,TR-102,LT-003,170.7,9.418,1.445,0.899,50.154,23.46,WARNING
3838,2026-08-01 01:03:57,TR-104,LT-002,231.52,8.687,1.966,0.977,50.026,0.68,NORMAL
4399,2026-08-01 01:13:18,TR-101,LT-005,234.32,5.345,1.224,0.977,50.197,1.6,NORMAL
3596,2026-08-01 00:59:55,TR-101,LT-002,234.59,9.735,2.09,0.915,49.926,0.4,NORMAL
6622,2026-08-01 01:50:21,TR-104,LT-003,230.77,12.465,2.704,0.94,50.075,1.3,NORMAL
8383,2026-08-01 00:06:22,TR-102,LT-001,189.73,8.882,1.216,0.722,50.081,9.24,WARNING
2125,2026-08-01 00:35:24,TR-102,LT-006,230.09,7.441,1.683,0.983,49.97,1.35,NORMAL
3239,2026-08-01 00:53:58,TR-104,LT-002,230.74,8.327,1.921,1.0,49.991,2.14,NORMAL
5404,2026-08-01 01:30:03,TR-104,LT-002,230.36,6.456,1.435,0.965,50.02,0.05,NORMAL
5999,2026-08-01 01:39:58,TR-101,LT-003,231.87,8.382,1.818,0.936,49.853,0.11,NORMAL
5939,2026-08-01 01:38:58,TR-103,LT-003,234.98,10.417,2.324,0.95,49.865,1.94,NORMAL
2046,2026-08-01 00:34:05,TR-101,LT-006,234.48,8.24,1.726,0.893,50.058,1.9,NORMAL
1579,2026-08-01 00:26:18,TR-104,LT-004,227.06,5.836,1.21,0.913,49.976,2.51,NORMAL
15,2026-08-01 00:00:14,TR-104,LT-003,223.1,7.245,1.57,0.971,50.137,2.32,NORMAL
2674,2026-08-01 00:44:33,TR-101,LT-003,227.84,6.16,1.307,0.931,49.898,3.06,NORMAL
7017,2026-08-01 01:56:56,TR-102,LT-001,229.86,6.624,1.432,0.941,50.041,0.84,NORMAL
8721,2026-08-01 00:12:00,TR-103,LT-004,204.86,10.574,1.575,0.727,49.928,12.3,WARNING
8850,2026-08-01 00:14:09,TR-103,LT-005,187.01,6.308,0.966,0.819,49.959,12.37,WARNING
4813,2026-08-01 01:20:12,TR-102,LT-003,232.64,8.341,1.686,0.869,49.895,3.33,NORMAL
1085,2026-08-01 00:18:04,TR-102,LT-003,231.53,10.751,2.299,0.924,49.961,2.15,NORMAL
4984,2026-08-01 01:23:03,TR-103,LT-005,229.41,9.581,2.021,0.919,49.998,0.78,NORMAL
7156,2026-08-01 01:59:15,TR-101,LT-001,221.71,8.043,1.624,0.911,50.004,3.52,NORMAL
2885,2026-08-01 00:48:04,TR-102,LT-004,219.01,9.731,1.9,0.892,50.106,2.14,NORMAL
334,2026-08-01 00:05:33,TR-102,LT-003,227.29,9.425,2.032,0.949,50.056,2.43,NORMAL
7205,2026-08-01 02:00:04,TR-104,LT-006,223.03,8.753,1.836,0.94,50.08,2.03,NORMAL
4368,2026-08-01 01:12:47,TR-104,LT-006,230.13,9.167,2.066,0.979,49.963,2.44,NORMAL
3080,2026-08-01 00:51:19,TR-101,LT-004,229.01,11.125,2.313,0.908,50.022,3.81,NORMAL
7204,2026-08-01 02:00:03,TR-103,LT-003,226.62,9.326,1.85,0.875,49.787,0.29,NORMAL
9910,2026-08-01 00:11:49,TR-103,LT-002,96.71,0.223,0.01,0.476,49.855,31.04,POSSIBLE_BROKEN_LT
8865,2026-08-01 00:14:24,TR-104,LT-003,204.61,8.853,1.65,0.911,49.885,10.0,WARNING
264,2026-08-01 00:04:23,TR-103,LT-004,225.9,7.827,1.658,0.938,50.012,0.5,NORMAL
4338,2026-08-01 01:12:17,TR-103,LT-001,232.01,9.144,2.069,0.975,49.942,2.55,NORMAL
8896,2026-08-01 00:14:55,TR-104,LT-002,185.86,11.666,1.807,0.833,50.131,5.58,WARNING
8448,2026-08-01 00:07:27,TR-103,LT-002,190.55,17.949,2.278,0.666,49.846,13.26,WARNING
5904,2026-08-01 01:38:23,TR-104,LT-001,234.24,6.401,1.388,0.926,50.223,1.92,NORMAL
1499,2026-08-01 00:24:58,TR-103,LT-004,234.1,8.132,1.8,0.945,50.006,2.2,NORMAL
4191,2026-08-01 01:09:50,TR-104,LT-002,231.58,8.906,1.919,0.93,49.924,0.91,NORMAL
7486,2026-08-01 02:04:45,TR-101,LT-002,227.49,7.443,1.626,0.96,49.877,1.99,NORMAL
9644,2026-08-01 00:07:23,TR-102,LT-004,73.89,0.5,0.016,0.427,50.086,41.55,POSSIBLE_BROKEN_LT
8311,2026-08-01 00:05:10,TR-102,LT-001,192.0,7.163,1.154,0.839,50.036,9.59,WARNING
7591,2026-08-01 02:06:30,TR-102,LT-001,226.61,6.313,1.341,0.938,49.874,1.66,NORMAL
501,2026-08-01 00:08:20,TR-103,LT-006,233.7,13.011,2.79,0.917,50.106,2.06,NORMAL
9156,2026-08-01 00:19:15,TR-104,LT-001,194.48,12.434,2.099,0.868,49.958,12.29,WARNING
9415,2026-08-01 00:03:34,TR-103,LT-004,76.32,0.326,0.003,0.127,50.036,55.6,POSSIBLE_BROKEN_LT
3096,2026-08-01 00:51:35,TR-104,LT-004,235.12,9.233,2.05,0.944,49.959,1.66,NORMAL
4632,2026-08-01 01:17:11,TR-101,LT-002,227.84,7.794,1.649,0.929,49.976,1.07,NORMAL
368,2026-08-01 00:06:07,TR-102,LT-006,230.05,8.766,1.852,0.918,50.05,2.61,NORMAL
4059,2026-08-01 01:07:38,TR-104,LT-001,233.85,7.975,1.811,0.971,50.01,0.6,NORMAL
8175,2026-08-01 00:02:54,TR-104,LT-003,176.98,6.446,1.051,0.921,50.011,15.07,WARNING
4631,2026-08-01 01:17:10,TR-104,LT-003,223.82,11.859,2.586,0.974,49.985,2.73,NORMAL
6071,2026-08-01 01:41:10,TR-102,LT-003,232.31,7.777,1.654,0.916,50.067,0.86,NORMAL
2665,2026-08-01 00:44:24,TR-103,LT-003,231.85,9.355,1.975,0.911,49.934,0.77,NORMAL
1027,2026-08-01 00:17:06,TR-104,LT-004,230.15,7.127,1.532,0.934,50.104,2.3,NORMAL
5909,2026-08-01 01:38:28,TR-102,LT-004,236.69,6.648,1.498,0.952,49.974,2.67,NORMAL
5051,2026-08-01 01:24:10,TR-101,LT-001,232.92,8.564,1.972,0.988,49.919,2.24,NORMAL
6329,2026-08-01 01:45:28,TR-102,LT-005,235.57,10.668,2.324,0.925,49.944,1.57,NORMAL
9734,2026-08-01 00:08:53,TR-104,LT-002,110.29,0.627,0.026,0.38,50.041,45.81,POSSIBLE_BROKEN_LT
1692,2026-08-01 00:28:11,TR-104,LT-006,228.1,7.396,1.584,0.939,50.025,3.76,NORMAL
674,2026-08-01 00:11:13,TR-103,LT-005,228.51,10.387,2.216,0.934,49.974,1.48,NORMAL
5573,2026-08-01 01:32:52,TR-101,LT-001,228.62,8.158,1.694,0.908,50.193,1.97,NORMAL
5767,2026-08-01 01:36:06,TR-101,LT-003,232.51,6.466,1.401,0.932,50.006,3.33,NORMAL
5157,2026-08-01 01:25:56,TR-103,LT-003,230.55,5.47,1.165,0.924,49.95,0.48,NORMAL
734,2026-08-01 00:12:13,TR-104,LT-004,223.19,4.239,0.87,0.919,49.851,2.23,NORMAL
3527,2026-08-01 00:58:46,TR-103,LT-003,229.21,8.58,1.911,0.972,49.906,3.28,NORMAL
569,2026-08-01 00:09:28,TR-103,LT-004,222.52,8.892,1.891,0.956,49.971,0.22,NORMAL
9188,2026-08-01 00:19:47,TR-101,LT-006,183.14,10.566,1.808,0.934,50.123,20.24,WARNING
2923,2026-08-01 00:48:42,TR-104,LT-002,229.22,11.385,2.361,0.905,49.954,1.23,NORMAL
7912,2026-08-01 02:11:51,TR-104,LT-002,232.26,7.393,1.517,0.884,50.001,2.38,NORMAL
1559,2026-08-01 00:25:58,TR-101,LT-005,235.97,6.851,1.541,0.953,50.044,1.83,NORMAL
102,2026-08-01 00:01:41,TR-104,LT-006,228.32,6.642,1.452,0.958,50.017,0.61,NORMAL
3008,2026-08-01 00:50:07,TR-103,LT-002,223.81,6.526,1.421,0.973,49.978,1.2,NORMAL
7202,2026-08-01 02:00:01,TR-104,LT-004,230.26,9.515,2.053,0.937,50.012,2.33,NORMAL
304,2026-08-01 00:05:03,TR-102,LT-003,232.44,8.278,1.793,0.932,49.993,2.31,NORMAL
77,2026-08-01 00:01:16,TR-103,LT-005,230.35,7.835,1.727,0.957,49.919,1.78,NORMAL
6755,2026-08-01 01:52:34,TR-103,LT-001,222.23,10.034,2.136,0.958,50.039,0.58,NORMAL
8630,2026-08-01 00:10:29,TR-101,LT-003,197.71,7.752,1.186,0.774,50.021,14.87,WARNING
1209,2026-08-01 00:20:08,TR-104,LT-001,224.39,8.495,1.748,0.917,49.943,1.4,NORMAL
7743,2026-08-01 02:09:02,TR-104,LT-004,227.48,9.232,1.955,0.931,49.986,1.76,NORMAL
8215,2026-08-01 00:03:34,TR-104,LT-002,171.62,11.042,1.44,0.76,49.969,12.16,WARNING
8945,2026-08-01 00:15:44,TR-102,LT-005,167.85,3.453,0.507,0.876,49.99,7.7,WARNING
8414,2026-08-01 00:06:53,TR-103,LT-003,176.62,5.027,0.676,0.761,50.136,5.22,WARNING
1776,2026-08-01 00:29:35,TR-102,LT-006,224.72,11.175,2.415,0.962,50.087,2.77,NORMAL
3474,2026-08-01 00:57:53,TR-104,LT-005,225.76,7.677,1.647,0.95,49.97,1.12,NORMAL
484,2026-08-01 00:08:03,TR-102,LT-001,230.81,5.35,1.171,0.948,49.989,1.59,NORMAL
2190,2026-08-01 00:36:29,TR-101,LT-001,232.35,12.234,2.72,0.957,50.029,1.72,NORMAL
347,2026-08-01 00:05:46,TR-103,LT-004,224.21,7.247,1.527,0.94,49.999,1.02,NORMAL
5482,2026-08-01 01:31:21,TR-101,LT-003,231.8,6.75,1.453,0.929,50.039,1.76,NORMAL
8362,2026-08-01 00:06:01,TR-104,LT-006,167.59,6.674,0.932,0.834,49.96,9.38,WARNING
1473,2026-08-01 00:24:32,TR-101,LT-001,229.46,4.283,0.887,0.902,50.11,3.48,NORMAL
5101,2026-08-01 01:25:00,TR-103,LT-002,234.12,8.528,1.843,0.923,50.055,1.28,NORMAL
6766,2026-08-01 01:52:45,TR-102,LT-004,231.65,8.879,1.869,0.909,49.976,2.44,NORMAL
8707,2026-08-01 00:11:46,TR-103,LT-003,183.62,16.023,2.325,0.79,50.173,14.9,WARNING
4930,2026-08-01 01:22:09,TR-103,LT-001,229.43,3.541,0.782,0.963,50.012,2.72,NORMAL
6330,2026-08-01 01:45:29,TR-101,LT-004,230.44,6.573,1.417,0.936,49.79,1.5,NORMAL
2610,2026-08-01 00:43:29,TR-101,LT-003,235.1,6.656,1.473,0.941,49.979,1.87,NORMAL
4,2026-08-01 00:00:03,TR-104,LT-004,236.09,9.429,2.067,0.928,50.111,3.86,NORMAL
2214,2026-08-01 00:36:53,TR-104,LT-003,228.19,7.776,1.688,0.951,49.749,0.77,NORMAL
4828,2026-08-01 01:20:27,TR-102,LT-001,233.19,5.064,1.1,0.932,49.875,2.13,NORMAL
857,2026-08-01 00:14:16,TR-103,LT-003,226.67,8.416,1.784,0.935,49.994,2.51,NORMAL
6978,2026-08-01 01:56:17,TR-101,LT-002,234.01,8.731,1.914,0.937,49.931,1.28,NORMAL
5886,2026-08-01 01:38:05,TR-101,LT-002,236.69,5.311,1.199,0.954,50.037,1.38,NORMAL
625,2026-08-01 00:10:24,TR-102,LT-002,236.37,10.044,2.281,0.961,49.962,3.24,NORMAL
291,2026-08-01 00:04:50,TR-103,LT-005,229.17,7.823,1.654,0.923,49.978,1.65,NORMAL
2019,2026-08-01 00:33:38,TR-104,LT-004,232.54,6.57,1.436,0.94,49.951,2.59,NORMAL
669,2026-08-01 00:11:08,TR-101,LT-006,219.4,8.77,1.813,0.942,50.158,2.49,NORMAL
8922,2026-08-01 00:15:21,TR-102,LT-002,177.42,5.483,0.801,0.823,50.007,20.81,WARNING
8265,2026-08-01 00:04:24,TR-104,LT-006,192.53,10.484,1.803,0.893,50.032,14.73,WARNING
9697,2026-08-01 00:08:16,TR-102,LT-005,47.45,0.215,0.008,0.833,49.935,13.1,POSSIBLE_BROKEN_LT
1632,2026-08-01 00:27:11,TR-101,LT-002,226.61,7.805,1.761,0.995,49.96,1.9,NORMAL
5171,2026-08-01 01:26:10,TR-103,LT-006,231.24,6.064,1.336,0.952,50.043,1.0,NORMAL
7206,2026-08-01 02:00:05,TR-102,LT-001,230.63,9.213,1.958,0.921,50.057,2.44,NORMAL
2523,2026-08-01 00:42:02,TR-104,LT-006,231.47,4.216,0.891,0.913,49.992,4.38,NORMAL
2216,2026-08-01 00:36:55,TR-103,LT-001,231.06,6.07,1.363,0.972,50.051,3.93,NORMAL
6969,2026-08-01 01:56:08,TR-104,LT-006,229.77,8.623,1.891,0.954,50.051,1.39,NORMAL
6497,2026-08-01 01:48:16,TR-101,LT-004,233.99,6.695,1.418,0.905,49.987,0.91,NORMAL
6214,2026-08-01 01:43:33,TR-102,LT-004,224.78,7.694,1.569,0.907,49.965,1.48,NORMAL
7033,2026-08-01 01:57:12,TR-102,LT-005,232.0,9.114,1.937,0.916,50.065,1.68,NORMAL
7421,2026-08-01 02:03:40,TR-102,LT-002,228.29,9.445,2.134,0.99,50.09,4.47,NORMAL
1108,2026-08-01 00:18:27,TR-102,LT-002,225.79,8.896,1.876,0.934,49.949,0.8,NORMAL
451,2026-08-01 00:07:30,TR-104,LT-002,229.75,4.489,0.989,0.959,49.884,3.22,NORMAL
6290,2026-08-01 01:44:49,TR-104,LT-001,228.74,10.557,2.413,0.999,49.855,1.97,NORMAL
9967,2026-08-01 00:12:46,TR-104,LT-002,68.09,0.238,0.005,0.329,49.968,45.53,POSSIBLE_BROKEN_LT
136,2026-08-01 00:02:15,TR-103,LT-004,236.2,7.755,1.725,0.942,50.092,2.18,NORMAL
1786,2026-08-01 00:29:45,TR-102,LT-004,224.17,8.408,1.78,0.944,49.941,0.68,NORMAL
3405,2026-08-01 00:56:44,TR-102,LT-006,231.74,8.76,1.907,0.94,50.028,1.68,NORMAL
2907,2026-08-01 00:48:26,TR-104,LT-006,228.34,6.33,1.308,0.905,49.95,3.48,NORMAL
8305,2026-08-01 00:05:04,TR-104,LT-001,174.29,10.017,1.361,0.78,49.885,14.23,WARNING
7493,2026-08-01 02:04:52,TR-103,LT-003,227.59,7.672,1.661,0.952,50.105,1.95,NORMAL
6101,2026-08-01 01:41:40,TR-103,LT-006,227.65,3.678,0.769,0.918,49.926,2.51,NORMAL
4505,2026-08-01 01:15:04,TR-104,LT-002,229.14,7.723,1.609,0.909,50.015,2.81,NORMAL
5054,2026-08-01 01:24:13,TR-103,LT-006,228.91,12.334,2.665,0.944,49.993,1.94,NORMAL
5206,2026-08-01 01:26:45,TR-102,LT-004,233.31,5.358,1.191,0.953,50.079,1.38,NORMAL
4081,2026-08-01 01:08:00,TR-101,LT-006,232.53,10.518,2.316,0.947,50.079,1.8,NORMAL
6919,2026-08-01 01:55:18,TR-103,LT-003,237.0,7.879,1.747,0.936,49.918,2.34,NORMAL
6803,2026-08-01 01:53:22,TR-104,LT-004,220.6,3.859,0.766,0.9,50.049,2.6,NORMAL
5207,2026-08-01 01:26:46,TR-101,LT-002,234.64,14.193,3.095,0.929,50.012,1.31,NORMAL
533,2026-08-01 00:08:52,TR-101,LT-002,229.74,8.96,1.93,0.938,49.964,2.14,NORMAL
4831,2026-08-01 01:20:30,TR-103,LT-006,233.48,9.878,2.206,0.956,49.965,3.25,NORMAL
4039,2026-08-01 01:07:18,TR-104,LT-006,229.91,11.47,2.559,0.97,49.993,1.97,NORMAL
4085,2026-08-01 01:08:04,TR-102,LT-005,235.24,6.39,1.481,0.985,49.92,4.25,NORMAL
3205,2026-08-01 00:53:24,TR-104,LT-005,226.19,10.731,2.292,0.944,50.097,2.77,NORMAL
7111,2026-08-01 01:58:30,TR-101,LT-002,226.08,11.637,2.521,0.958,49.913,1.57,NORMAL
331,2026-08-01 00:05:30,TR-102,LT-002,229.95,7.57,1.677,0.963,49.968,4.87,NORMAL
4958,2026-08-01 01:22:37,TR-103,LT-005,234.24,9.578,2.197,0.979,49.967,1.0,NORMAL
3034,2026-08-01 00:50:33,TR-102,LT-006,226.07,9.981,1.99,0.882,49.834,2.69,NORMAL
7685,2026-08-01 02:08:04,TR-101,LT-006,233.98,10.251,2.217,0.924,50.04,3.04,NORMAL
1598,2026-08-01 00:26:37,TR-104,LT-005,238.23,7.925,1.748,0.926,49.982,2.88,NORMAL
9920,2026-08-01 00:11:59,TR-104,LT-001,36.15,0.322,0.004,0.341,49.944,43.75,POSSIBLE_BROKEN_LT
3598,2026-08-01 00:59:57,TR-103,LT-006,234.03,13.047,2.873,0.941,49.944,3.11,NORMAL
9039,2026-08-01 00:17:18,TR-103,LT-001,192.38,10.764,1.834,0.886,49.935,18.07,WARNING
8002,2026-08-01 00:00:01,TR-101,LT-001,200.39,8.362,1.366,0.815,49.937,7.9,WARNING
591,2026-08-01 00:09:50,TR-103,LT-006,230.29,10.91,2.273,0.905,49.925,1.83,NORMAL
648,2026-08-01 00:10:47,TR-102,LT-003,229.78,7.559,1.61,0.927,49.893,0.77,NORMAL
9103,2026-08-01 00:18:22,TR-103,LT-004,179.05,10.696,1.502,0.785,49.978,15.95,WARNING
8016,2026-08-01 00:00:15,TR-103,LT-004,171.05,9.453,1.292,0.799,49.991,14.62,WARNING
3772,2026-08-01 01:02:51,TR-101,LT-001,228.01,9.454,1.995,0.925,50.069,2.17,NORMAL
9040,2026-08-01 00:17:19,TR-102,LT-006,185.23,5.519,0.947,0.926,50.036,14.87,WARNING
5083,2026-08-01 01:24:42,TR-102,LT-002,230.34,6.983,1.573,0.978,50.02,1.49,NORMAL
7883,2026-08-01 02:11:22,TR-102,LT-006,235.14,6.58,1.416,0.915,50.039,0.92,NORMAL
9363,2026-08-01 00:02:42,TR-101,LT-001,70.04,0.227,0.006,0.371,50.043,35.03,POSSIBLE_BROKEN_LT
4211,2026-08-01 01:10:10,TR-104,LT-006,228.97,5.228,1.136,0.949,49.924,1.63,NORMAL
8835,2026-08-01 00:13:54,TR-101,LT-001,180.65,13.565,1.976,0.806,49.886,6.52,WARNING
8700,2026-08-01 00:11:39,TR-102,LT-005,196.54,7.729,1.142,0.752,49.984,13.02,WARNING
1796,2026-08-01 00:29:55,TR-104,LT-003,226.99,10.49,2.128,0.894,50.004,2.41,NORMAL
2587,2026-08-01 00:43:06,TR-102,LT-005,224.72,9.652,2.154,0.993,49.986,3.09,NORMAL
8356,2026-08-01 00:05:55,TR-104,LT-004,167.47,6.487,0.882,0.811,50.072,21.84,WARNING
2317,2026-08-01 00:38:36,TR-103,LT-006,233.36,10.445,2.354,0.966,49.926,2.34,NORMAL
4186,2026-08-01 01:09:45,TR-102,LT-001,231.44,11.844,2.629,0.959,49.994,0.53,NORMAL
8828,2026-08-01 00:13:47,TR-101,LT-003,170.05,13.248,1.937,0.86,50.084,8.51,WARNING
7073,2026-08-01 01:57:52,TR-101,LT-002,224.51,10.165,2.078,0.911,49.957,3.67,NORMAL
5235,2026-08-01 01:27:14,TR-101,LT-003,231.23,10.62,2.324,0.946,50.022,1.64,NORMAL
8744,2026-08-01 00:12:23,TR-104,LT-002,182.59,13.882,2.036,0.803,49.87,16.58,WARNING
8671,2026-08-01 00:11:10,TR-103,LT-001,166.63,8.861,1.269,0.86,50.258,17.2,WARNING
4769,2026-08-01 01:19:28,TR-104,LT-006,234.12,7.513,1.62,0.921,49.936,3.0,NORMAL
9973,2026-08-01 00:12:52,TR-101,LT-004,62.98,0.313,0.005,0.27,49.913,29.38,POSSIBLE_BROKEN_LT
7145,2026-08-01 01:59:04,TR-102,LT-004,231.24,6.943,1.527,0.951,50.0,2.63,NORMAL
2914,2026-08-01 00:48:33,TR-103,LT-001,233.03,9.1,1.935,0.912,49.889,1.69,NORMAL
9872,2026-08-01 00:11:11,TR-102,LT-006,90.01,0.23,0.006,0.28,50.092,39.9,POSSIBLE_BROKEN_LT
9894,2026-08-01 00:11:33,TR-104,LT-006,82.36,0.189,0.008,0.534,49.966,42.55,POSSIBLE_BROKEN_LT
2076,2026-08-01 00:34:35,TR-102,LT-004,228.74,7.379,1.577,0.934,50.119,1.19,NORMAL
4303,2026-08-01 01:11:42,TR-103,LT-001,226.1,10.59,2.181,0.911,49.993,2.96,NORMAL
5823,2026-08-01 01:37:02,TR-103,LT-001,225.54,7.925,1.659,0.928,50.084,2.69,NORMAL
2150,2026-08-01 00:35:49,TR-101,LT-004,223.43,7.214,1.536,0.953,50.001,1.2,NORMAL
145,2026-08-01 00:02:24,TR-101,LT-001,231.04,10.169,2.287,0.974,49.947,2.55,NORMAL
4964,2026-08-01 01:22:43,TR-104,LT-003,231.24,11.197,2.482,0.958,49.912,1.61,NORMAL
8160,2026-08-01 00:02:39,TR-104,LT-003,214.82,7.938,1.567,0.919,50.046,18.68,WARNING
9031,2026-08-01 00:17:10,TR-103,LT-003,225.0,5.812,1.132,0.866,49.936,15.06,WARNING
4776,2026-08-01 01:19:35,TR-103,LT-005,233.13,8.638,1.833,0.91,49.822,1.69,NORMAL
8934,2026-08-01 00:15:33,TR-102,LT-006,215.07,8.824,1.708,0.9,50.101,13.35,WARNING
7750,2026-08-01 02:09:09,TR-104,LT-003,235.57,6.882,1.568,0.967,50.001,2.55,NORMAL
9829,2026-08-01 00:10:28,TR-101,LT-001,66.07,0.181,0.01,0.794,49.922,22.66,POSSIBLE_BROKEN_LT
9215,2026-08-01 00:00:14,TR-101,LT-003,58.68,0.314,0.007,0.398,50.013,24.86,POSSIBLE_BROKEN_LT
6061,2026-08-01 01:41:00,TR-104,LT-005,230.2,10.167,2.165,0.925,50.007,2.32,NORMAL
9476,2026-08-01 00:04:35,TR-102,LT-005,101.36,0.449,0.021,0.466,49.998,60.78,POSSIBLE_BROKEN_LT
6410,2026-08-01 01:46:49,TR-102,LT-004,230.73,10.277,2.218,0.936,49.991,1.16,NORMAL
3318,2026-08-01 00:55:17,TR-103,LT-006,226.07,8.812,1.929,0.968,50.107,0.55,NORMAL
7465,2026-08-01 02:04:24,TR-103,LT-005,238.45,8.276,1.851,0.938,50.054,2.58,NORMAL
3062,2026-08-01 00:51:01,TR-101,LT-006,228.67,6.755,1.415,0.916,49.865,1.59,NORMAL
1356,2026-08-01 00:22:35,TR-102,LT-004,219.64,8.965,1.774,0.901,50.093,0.43,NORMAL
4515,2026-08-01 01:15:14,TR-103,LT-006,229.29,7.686,1.618,0.918,49.93,2.15,NORMAL
5506,2026-08-01 01:31:45,TR-102,LT-001,233.37,10.702,2.386,0.955,49.952,2.35,NORMAL
5251,2026-08-01 01:27:30,TR-104,LT-003,226.14,6.94,1.502,0.957,49.943,2.35,NORMAL
4512,2026-08-01 01:15:11,TR-101,LT-003,234.23,8.235,1.8,0.933,50.017,0.08,NORMAL
1731,2026-08-01 00:28:50,TR-104,LT-006,229.11,5.445,1.124,0.901,49.922,2.29,NORMAL
1759,2026-08-01 00:29:18,TR-102,LT-006,236.45,7.747,1.652,0.902,49.973,0.78,NORMAL
6651,2026-08-01 01:50:50,TR-104,LT-003,231.03,10.493,2.355,0.971,49.887,1.42,NORMAL
6647,2026-08-01 01:50:46,TR-101,LT-003,232.21,10.057,2.096,0.897,49.871,4.22,NORMAL
9861,2026-08-01 00:11:00,TR-103,LT-003,77.68,0.06,0.002,0.49,50.016,47.45,POSSIBLE_BROKEN_LT
4140,2026-08-01 01:08:59,TR-104,LT-006,230.02,9.98,2.14,0.932,50.066,1.19,NORMAL
9394,2026-08-01 00:03:13,TR-102,LT-001,77.23,0.318,0.014,0.576,49.946,17.81,POSSIBLE_BROKEN_LT
5124,2026-08-01 01:25:23,TR-102,LT-006,229.72,7.951,1.678,0.918,50.118,2.09,NORMAL
1,2026-08-01 00:00:00,TR-103,LT-002,231.99,7.934,1.771,0.962,49.953,1.33,NORMAL
1865,2026-08-01 00:31:04,TR-103,LT-005,235.22,8.231,1.761,0.91,49.92,2.16,NORMAL
544,2026-08-01 00:09:03,TR-102,LT-001,235.77,7.982,1.705,0.906,50.046,2.17,NORMAL
350,2026-08-01 00:05:49,TR-101,LT-004,229.15,10.568,2.315,0.956,49.981,0.46,NORMAL
6907,2026-08-01 01:55:06,TR-101,LT-004,225.34,9.02,2.018,0.993,50.033,2.15,NORMAL
9766,2026-08-01 00:09:25,TR-103,LT-003,74.23,0.363,0.02,0.741,50.111,29.33,POSSIBLE_BROKEN_LT
2524,2026-08-01 00:42:03,TR-103,LT-003,228.75,7.876,1.675,0.93,50.023,2.32,NORMAL
3465,2026-08-01 00:57:44,TR-104,LT-002,230.7,14.576,3.087,0.918,50.042,3.22,NORMAL
458,2026-08-01 00:07:37,TR-101,LT-001,225.86,8.047,1.642,0.903,50.157,1.64,NORMAL
3024,2026-08-01 00:50:23,TR-104,LT-006,234.62,9.845,2.2,0.953,50.015,2.89,NORMAL
7262,2026-08-01 02:01:01,TR-104,LT-002,230.05,10.09,2.211,0.953,49.99,0.62,NORMAL
9516,2026-08-01 00:05:15,TR-103,LT-001,59.48,0.463,0.01,0.371,50.04,33.1,POSSIBLE_BROKEN_LT
7873,2026-08-01 02:11:12,TR-101,LT-002,241.46,7.121,1.629,0.948,49.988,1.4,NORMAL
6626,2026-08-01 01:50:25,TR-102,LT-004,221.8,12.489,2.558,0.923,50.077,2.19,NORMAL
2535,2026-08-01 00:42:14,TR-104,LT-002,228.33,4.754,1.018,0.938,49.993,0.95,NORMAL
132,2026-08-01 00:02:11,TR-102,LT-006,230.27,9.17,1.924,0.911,49.944,2.96,NORMAL
3705,2026-08-01 01:01:44,TR-102,LT-003,229.44,9.027,1.953,0.943,50.02,1.57,NORMAL
1373,2026-08-01 00:22:52,TR-104,LT-001,224.51,6.82,1.449,0.946,50.016,1.57,NORMAL
6201,2026-08-01 01:43:20,TR-101,LT-005,227.79,5.201,1.106,0.934,50.022,0.66,NORMAL
4857,2026-08-01 01:20:56,TR-104,LT-004,233.48,9.437,2.089,0.948,50.172,2.46,NORMAL
4713,2026-08-01 01:18:32,TR-101,LT-002,231.64,7.751,1.656,0.922,49.936,1.59,NORMAL
5545,2026-08-01 01:32:24,TR-103,LT-003,228.54,8.78,1.921,0.957,50.126,2.43,NORMAL
1414,2026-08-01 00:23:33,TR-104,LT-005,238.66,7.191,1.568,0.914,50.059,2.45,NORMAL
4114,2026-08-01 01:08:33,TR-103,LT-004,223.88,9.005,1.83,0.907,49.808,3.47,NORMAL
656,2026-08-01 00:10:55,TR-104,LT-004,230.24,5.652,1.241,0.954,50.076,0.89,NORMAL
8138,2026-08-01 00:02:17,TR-102,LT-006,175.13,13.36,2.006,0.858,50.008,9.65,WARNING
4099,2026-08-01 01:08:18,TR-101,LT-003,229.47,9.418,1.937,0.896,49.954,1.89,NORMAL
593,2026-08-01 00:09:52,TR-103,LT-006,231.92,11.872,2.654,0.964,50.074,0.24,NORMAL
8709,2026-08-01 00:11:48,TR-101,LT-005,182.09,12.289,2.055,0.918,49.943,17.34,WARNING
3124,2026-08-01 00:52:03,TR-103,LT-004,228.57,8.629,1.846,0.936,50.037,2.02,NORMAL
3048,2026-08-01 00:50:47,TR-102,LT-004,228.65,6.824,1.506,0.965,49.969,2.3,NORMAL
3888,2026-08-01 01:04:47,TR-101,LT-004,229.35,7.3,1.524,0.91,50.01,1.08,NORMAL
5736,2026-08-01 01:35:35,TR-103,LT-001,228.88,9.645,2.018,0.914,50.043,2.96,NORMAL
2185,2026-08-01 00:36:24,TR-101,LT-006,221.15,6.742,1.391,0.933,50.143,2.19,NORMAL
2146,2026-08-01 00:35:45,TR-104,LT-004,235.96,10.236,2.279,0.944,49.988,1.84,NORMAL
7048,2026-08-01 01:57:27,TR-104,LT-003,229.63,8.404,1.762,0.913,49.913,1.02,NORMAL
3106,2026-08-01 00:51:45,TR-103,LT-005,231.45,4.25,0.931,0.946,49.99,1.0,NORMAL
9234,2026-08-01 00:00:33,TR-104,LT-002,85.95,0.427,0.025,0.67,49.977,33.07,POSSIBLE_BROKEN_LT
9097,2026-08-01 00:18:16,TR-102,LT-004,158.87,6.741,0.871,0.813,50.116,19.86,WARNING
2770,2026-08-01 00:46:09,TR-103,LT-002,229.21,12.013,2.607,0.947,50.026,3.03,NORMAL
5222,2026-08-01 01:27:01,TR-102,LT-005,230.05,10.872,2.395,0.958,50.035,2.26,NORMAL
5834,2026-08-01 01:37:13,TR-101,LT-005,233.28,10.054,2.162,0.922,50.027,1.25,NORMAL
1733,2026-08-01 00:28:52,TR-104,LT-004,229.92,10.539,2.29,0.945,49.936,1.84,NORMAL
266,2026-08-01 00:04:25,TR-102,LT-002,225.01,7.609,1.651,0.964,50.061,1.49,NORMAL
5145,2026-08-01 01:25:44,TR-104,LT-006,233.63,6.801,1.527,0.961,49.942,0.11,NORMAL
8268,2026-08-01 00:04:27,TR-101,LT-001,204.36,7.011,1.281,0.894,50.024,15.05,WARNING
3938,2026-08-01 01:05:37,TR-104,LT-002,224.67,6.856,1.538,0.998,50.012,2.0,NORMAL
762,2026-08-01 00:12:41,TR-101,LT-004,230.49,5.409,1.218,0.977,50.102,2.75,NORMAL
7221,2026-08-01 02:00:20,TR-103,LT-005,234.43,8.359,1.894,0.967,49.867,2.69,NORMAL
8440,2026-08-01 00:07:19,TR-101,LT-004,161.56,12.096,1.731,0.886,49.888,6.78,WARNING
3258,2026-08-01 00:54:17,TR-101,LT-005,227.15,8.01,1.686,0.927,50.005,0.51,NORMAL
4339,2026-08-01 01:12:18,TR-104,LT-004,221.75,8.978,1.966,0.988,49.976,1.73,NORMAL
4363,2026-08-01 01:12:42,TR-103,LT-001,231.11,9.042,2.069,0.99,50.091,1.92,NORMAL
317,2026-08-01 00:05:16,TR-103,LT-001,232.73,7.625,1.686,0.95,50.097,1.55,NORMAL
8070,2026-08-01 00:01:09,TR-101,LT-006,166.33,4.49,0.565,0.757,49.918,15.79,WARNING
1852,2026-08-01 00:30:51,TR-102,LT-006,237.1,7.687,1.675,0.919,49.908,0.8,NORMAL
2485,2026-08-01 00:41:24,TR-103,LT-004,227.8,9.139,2.002,0.962,49.996,2.3,NORMAL
9874,2026-08-01 00:11:13,TR-101,LT-001,97.9,0.341,0.017,0.507,50.022,29.07,POSSIBLE_BROKEN_LT
9575,2026-08-01 00:06:14,TR-103,LT-002,83.01,0.352,0.008,0.281,50.047,17.75,POSSIBLE_BROKEN_LT
1079,2026-08-01 00:17:58,TR-103,LT-004,236.0,5.869,1.292,0.933,49.898,3.02,NORMAL
8359,2026-08-01 00:05:58,TR-102,LT-005,178.12,9.465,1.516,0.899,49.864,18.02,WARNING
7334,2026-08-01 02:02:13,TR-103,LT-003,235.58,5.147,1.156,0.953,50.092,2.28,NORMAL
1072,2026-08-01 00:17:51,TR-101,LT-002,231.91,6.959,1.519,0.941,49.814,1.63,NORMAL
104,2026-08-01 00:01:43,TR-101,LT-006,226.79,4.25,0.897,0.93,50.052,2.58,NORMAL
5749,2026-08-01 01:35:48,TR-103,LT-003,229.93,12.441,2.781,0.972,49.991,2.12,NORMAL
1419,2026-08-01 00:23:38,TR-104,LT-002,236.11,8.216,1.731,0.892,50.069,3.26,NORMAL
1659,2026-08-01 00:27:38,TR-101,LT-006,225.97,10.61,2.22,0.926,50.153,1.63,NORMAL
5285,2026-08-01 01:28:04,TR-101,LT-001,236.48,7.203,1.648,0.968,50.02,0.71,NORMAL
1150,2026-08-01 00:19:09,TR-101,LT-005,226.61,8.834,1.927,0.963,49.998,1.41,NORMAL
7151,2026-08-01 01:59:10,TR-103,LT-002,232.75,9.181,1.928,0.902,50.037,1.87,NORMAL
1569,2026-08-01 00:26:08,TR-104,LT-005,223.75,12.313,2.495,0.905,50.026,2.1,NORMAL
1088,2026-08-01 00:18:07,TR-101,LT-006,230.96,11.984,2.474,0.894,50.025,4.08,NORMAL
6086,2026-08-01 01:41:25,TR-101,LT-002,228.67,6.972,1.41,0.885,50.066,0.21,NORMAL
8675,2026-08-01 00:11:14,TR-103,LT-002,196.74,10.412,1.577,0.77,49.966,12.54,WARNING
8342,2026-08-01 00:05:41,TR-103,LT-003,205.2,7.506,1.334,0.866,49.895,4.27,WARNING
7812,2026-08-01 02:10:11,TR-104,LT-002,229.29,11.494,2.417,0.917,49.933,2.04,NORMAL
6085,2026-08-01 01:41:24,TR-102,LT-001,229.62,6.823,1.461,0.932,49.931,1.58,NORMAL
8774,2026-08-01 00:12:53,TR-101,LT-006,180.19,8.582,1.232,0.796,49.849,10.63,WARNING
8758,2026-08-01 00:12:37,TR-103,LT-004,212.39,3.867,0.646,0.787,49.944,15.95,WARNING
1693,2026-08-01 00:28:12,TR-103,LT-001,233.49,13.061,2.955,0.969,49.95,1.4,NORMAL
4735,2026-08-01 01:18:54,TR-103,LT-001,231.16,7.191,1.608,0.968,49.934,1.67,NORMAL
3388,2026-08-01 00:56:27,TR-104,LT-003,230.31,9.515,2.061,0.941,50.039,0.94,NORMAL
3647,2026-08-01 01:00:46,TR-104,LT-006,231.03,10.294,2.193,0.922,50.083,0.42,NORMAL
1684,2026-08-01 00:28:03,TR-101,LT-001,231.3,6.449,1.346,0.902,49.979,4.53,NORMAL
9,2026-08-01 00:00:08,TR-102,LT-006,228.12,7.374,1.568,0.932,49.933,2.68,NORMAL
6063,2026-08-01 01:41:02,TR-103,LT-004,228.54,6.258,1.314,0.919,49.98,2.15,NORMAL
6517,2026-08-01 01:48:36,TR-103,LT-003,236.77,9.899,2.224,0.949,49.841,1.06,NORMAL
4124,2026-08-01 01:08:43,TR-101,LT-001,230.83,7.387,1.636,0.96,50.073,2.02,NORMAL
8730,2026-08-01 00:12:09,TR-103,LT-005,201.94,9.939,1.605,0.8,49.971,8.02,WARNING
6046,2026-08-01 01:40:45,TR-104,LT-002,228.33,6.435,1.436,0.977,50.0,2.11,NORMAL
568,2026-08-01 00:09:27,TR-101,LT-005,225.97,9.055,1.964,0.96,49.937,1.39,NORMAL
9162,2026-08-01 00:19:21,TR-101,LT-003,193.61,8.367,1.313,0.81,49.911,20.84,WARNING
1804,2026-08-01 00:30:03,TR-102,LT-005,223.95,5.969,1.263,0.945,50.034,2.55,NORMAL
8502,2026-08-01 00:08:21,TR-104,LT-004,194.14,9.755,1.377,0.727,50.018,11.86,WARNING
4901,2026-08-01 01:21:40,TR-102,LT-005,228.43,6.696,1.441,0.942,50.078,2.17,NORMAL
1600,2026-08-01 00:26:39,TR-101,LT-005,227.09,7.352,1.601,0.959,49.854,2.86,NORMAL
7932,2026-08-01 02:12:11,TR-101,LT-005,235.38,7.917,1.759,0.944,50.05,3.56,NORMAL
9548,2026-08-01 00:05:47,TR-104,LT-001,72.48,0.307,0.016,0.709,49.979,50.62,POSSIBLE_BROKEN_LT
2824,2026-08-01 00:47:03,TR-104,LT-002,224.38,8.744,1.933,0.985,50.127,2.71,NORMAL
5468,2026-08-01 01:31:07,TR-101,LT-002,231.0,8.116,1.761,0.939,50.035,2.9,NORMAL
3530,2026-08-01 00:58:49,TR-103,LT-006,225.79,6.1,1.315,0.955,49.848,2.4,NORMAL
8684,2026-08-01 00:11:23,TR-103,LT-005,200.76,12.713,2.258,0.885,49.915,13.6,WARNING
1156,2026-08-01 00:19:15,TR-102,LT-004,234.04,7.074,1.553,0.938,50.058,2.06,NORMAL
6548,2026-08-01 01:49:07,TR-102,LT-001,226.73,7.977,1.715,0.948,50.105,1.77,NORMAL
9089,2026-08-01 00:18:08,TR-102,LT-001,214.45,9.818,1.752,0.832,49.981,10.76,WARNING
7621,2026-08-01 02:07:00,TR-102,LT-006,226.79,9.603,2.021,0.928,49.982,1.55,NORMAL
8297,2026-08-01 00:04:56,TR-103,LT-004,220.48,7.175,1.328,0.839,50.114,11.98,WARNING
4541,2026-08-01 01:15:40,TR-103,LT-003,225.84,6.282,1.349,0.951,49.926,2.07,NORMAL
9135,2026-08-01 00:18:54,TR-103,LT-005,165.13,8.846,1.208,0.827,50.096,12.67,WARNING
6483,2026-08-01 01:48:02,TR-103,LT-005,226.46,5.643,1.172,0.917,49.948,5.16,NORMAL
5827,2026-08-01 01:37:06,TR-104,LT-002,229.56,10.306,2.201,0.93,49.946,2.73,NORMAL
1191,2026-08-01 00:19:50,TR-102,LT-002,230.42,6.121,1.342,0.952,50.106,0.93,NORMAL
7445,2026-08-01 02:04:04,TR-103,LT-005,222.88,6.715,1.486,0.993,50.064,1.62,NORMAL
8521,2026-08-01 00:08:40,TR-101,LT-006,184.79,10.527,1.689,0.868,49.923,19.69,WARNING
961,2026-08-01 00:16:00,TR-101,LT-004,232.57,8.921,1.868,0.9,49.948,1.95,NORMAL
7455,2026-08-01 02:04:14,TR-101,LT-002,225.78,9.7,2.025,0.925,50.066,1.15,NORMAL
37,2026-08-01 00:00:36,TR-101,LT-002,230.84,4.894,1.075,0.952,49.837,0.82,NORMAL
7517,2026-08-01 02:05:16,TR-103,LT-003,237.13,7.046,1.621,0.97,49.991,2.03,NORMAL
7645,2026-08-01 02:07:24,TR-104,LT-001,233.78,8.931,1.96,0.939,49.992,1.28,NORMAL
4439,2026-08-01 01:13:58,TR-102,LT-004,228.64,8.461,1.832,0.947,50.147,2.1,NORMAL
6162,2026-08-01 01:42:41,TR-104,LT-002,233.49,7.375,1.672,0.971,50.039,2.9,NORMAL
7745,2026-08-01 02:09:04,TR-104,LT-003,231.54,6.215,1.314,0.913,49.931,2.57,NORMAL
9588,2026-08-01 00:06:27,TR-103,LT-005,75.98,0.418,0.01,0.313,50.04,54.42,POSSIBLE_BROKEN_LT
8120,2026-08-01 00:01:59,TR-102,LT-003,204.83,15.229,2.693,0.863,50.028,8.28,WARNING
6968,2026-08-01 01:56:07,TR-103,LT-002,229.69,13.396,2.788,0.906,50.005,1.93,NORMAL
5719,2026-08-01 01:35:18,TR-104,LT-004,232.22,8.011,1.702,0.915,49.918,2.06,NORMAL
578,2026-08-01 00:09:37,TR-104,LT-004,233.08,6.026,1.405,1.0,50.154,1.91,NORMAL
9834,2026-08-01 00:10:33,TR-104,LT-002,74.78,0.391,0.018,0.623,50.12,35.19,POSSIBLE_BROKEN_LT
4103,2026-08-01 01:08:22,TR-103,LT-006,235.4,7.7,1.775,0.979,49.971,0.4,NORMAL
7647,2026-08-01 02:07:26,TR-103,LT-003,222.51,6.195,1.289,0.935,50.011,2.24,NORMAL
4152,2026-08-01 01:09:11,TR-102,LT-005,234.51,7.474,1.572,0.897,50.04,2.64,NORMAL
3131,2026-08-01 00:52:10,TR-102,LT-003,229.64,4.847,1.004,0.902,50.019,2.9,NORMAL
4891,2026-08-01 01:21:30,TR-101,LT-003,226.71,9.964,2.07,0.916,49.952,1.95,NORMAL
9976,2026-08-01 00:12:55,TR-102,LT-002,71.31,0.228,0.006,0.351,49.845,37.06,POSSIBLE_BROKEN_LT
7472,2026-08-01 02:04:31,TR-102,LT-004,228.78,6.0,1.343,0.979,49.909,1.98,NORMAL
1834,2026-08-01 00:30:33,TR-104,LT-006,231.15,7.292,1.533,0.909,49.924,1.31,NORMAL
9149,2026-08-01 00:19:08,TR-101,LT-006,140.15,7.583,0.97,0.913,50.042,10.39,WARNING
4892,2026-08-01 01:21:31,TR-102,LT-003,225.12,7.138,1.499,0.932,50.028,0.29,NORMAL
2288,2026-08-01 00:38:07,TR-104,LT-001,228.99,8.018,1.711,0.932,50.071,2.0,NORMAL
1331,2026-08-01 00:22:10,TR-102,LT-003,236.12,10.821,2.41,0.943,49.975,3.48,NORMAL
2772,2026-08-01 00:46:11,TR-104,LT-001,227.01,11.157,2.381,0.94,49.92,2.74,NORMAL
3687,2026-08-01 01:01:26,TR-103,LT-004,239.94,10.228,2.299,0.937,50.086,0.05,NORMAL
8284,2026-08-01 00:04:43,TR-104,LT-006,204.29,11.819,2.038,0.844,50.035,9.37,WARNING
5929,2026-08-01 01:38:48,TR-103,LT-004,234.72,10.644,2.412,0.966,49.948,3.49,NORMAL
638,2026-08-01 00:10:37,TR-102,LT-005,230.29,5.729,1.214,0.92,49.879,0.65,NORMAL
48,2026-08-01 00:00:47,TR-101,LT-003,234.23,6.587,1.399,0.907,50.002,2.49,NORMAL
2603,2026-08-01 00:43:22,TR-101,LT-002,227.46,6.289,1.328,0.928,50.063,1.01,NORMAL
1966,2026-08-01 00:32:45,TR-102,LT-004,230.36,9.002,1.898,0.915,50.062,2.4,NORMAL
2169,2026-08-01 00:36:08,TR-101,LT-005,229.06,5.938,1.335,0.981,50.018,2.16,NORMAL
5050,2026-08-01 01:24:09,TR-101,LT-003,229.25,7.123,1.488,0.911,50.031,0.66,NORMAL
3335,2026-08-01 00:55:34,TR-104,LT-001,235.6,5.15,1.192,0.982,49.898,2.32,NORMAL
3020,2026-08-01 00:50:19,TR-103,LT-005,232.21,10.616,2.389,0.969,49.998,3.07,NORMAL
8765,2026-08-01 00:12:44,TR-102,LT-006,166.19,11.165,1.64,0.884,50.012,6.08,WARNING
9177,2026-08-01 00:19:36,TR-103,LT-005,173.58,11.513,1.772,0.887,49.998,9.49,WARNING
1361,2026-08-01 00:22:40,TR-101,LT-003,229.94,10.848,2.284,0.915,49.919,3.13,NORMAL
5799,2026-08-01 01:36:38,TR-104,LT-002,232.04,10.967,2.442,0.96,49.994,3.38,NORMAL
9401,2026-08-01 00:03:20,TR-103,LT-001,81.39,0.34,0.012,0.441,49.956,18.93,POSSIBLE_BROKEN_LT
3252,2026-08-01 00:54:11,TR-103,LT-004,231.19,7.793,1.638,0.909,50.022,1.99,NORMAL
6301,2026-08-01 01:45:00,TR-101,LT-004,229.11,8.287,1.711,0.901,50.089,1.89,NORMAL
2252,2026-08-01 00:37:31,TR-102,LT-006,236.04,9.989,2.166,0.919,50.03,1.64,NORMAL
6028,2026-08-01 01:40:27,TR-104,LT-003,223.97,6.455,1.428,0.988,49.999,0.39,NORMAL
1176,2026-08-01 00:19:35,TR-101,LT-001,228.88,7.245,1.627,0.981,50.003,0.3,NORMAL
8800,2026-08-01 00:13:19,TR-103,LT-003,196.48,6.067,1.023,0.858,49.821,12.57,WARNING
3280,2026-08-01 00:54:39,TR-102,LT-004,232.22,6.039,1.324,0.944,49.91,3.39,NORMAL
2974,2026-08-01 00:49:33,TR-104,LT-004,237.95,8.986,1.982,0.927,49.99,2.37,NORMAL
3397,2026-08-01 00:56:36,TR-104,LT-002,232.02,8.237,1.828,0.956,50.211,0.92,NORMAL
6940,2026-08-01 01:55:39,TR-101,LT-002,224.8,7.851,1.55,0.878,49.914,2.68,NORMAL
966,2026-08-01 00:16:05,TR-104,LT-001,235.76,4.91,1.066,0.921,49.928,1.63,NORMAL
8575,2026-08-01 00:09:34,TR-101,LT-002,179.34,6.56,0.932,0.792,50.066,14.49,WARNING
743,2026-08-01 00:12:22,TR-103,LT-006,227.5,8.262,1.769,0.941,49.807,1.78,NORMAL
7515,2026-08-01 02:05:14,TR-102,LT-003,225.29,8.716,1.839,0.937,50.007,3.64,NORMAL
3315,2026-08-01 00:55:14,TR-101,LT-002,228.55,7.693,1.679,0.955,50.068,0.54,NORMAL
4899,2026-08-01 01:21:38,TR-103,LT-001,232.68,5.503,1.243,0.971,50.076,1.1,NORMAL
9341,2026-08-01 00:02:20,TR-103,LT-001,55.55,0.131,0.004,0.487,49.995,39.52,POSSIBLE_BROKEN_LT
4673,2026-08-01 01:17:52,TR-104,LT-006,231.92,7.379,1.586,0.927,50.076,1.61,NORMAL
8619,2026-08-01 00:10:18,TR-101,LT-005,180.33,11.536,1.721,0.827,49.956,19.88,WARNING
1218,2026-08-01 00:20:17,TR-103,LT-001,231.12,8.538,1.888,0.957,50.024,0.4,NORMAL
4398,2026-08-01 01:13:17,TR-101,LT-005,226.14,7.669,1.659,0.956,49.991,2.1,NORMAL
6081,2026-08-01 01:41:20,TR-101,LT-002,236.19,6.563,1.448,0.934,49.742,1.4,NORMAL
2615,2026-08-01 00:43:34,TR-102,LT-002,232.4,8.364,1.808,0.93,50.082,2.66,NORMAL
2621,2026-08-01 00:43:40,TR-104,LT-004,232.82,7.158,1.629,0.978,50.039,3.14,NORMAL
8715,2026-08-01 00:11:54,TR-104,LT-002,189.31,7.424,1.252,0.891,50.191,3.32,WARNING
7283,2026-08-01 02:01:22,TR-101,LT-003,237.87,9.348,2.157,0.97,49.987,0.63,NORMAL
3380,2026-08-01 00:56:19,TR-101,LT-006,227.09,8.113,1.842,1.0,49.922,1.51,NORMAL
7302,2026-08-01 02:01:41,TR-102,LT-001,227.94,10.176,2.101,0.906,49.992,2.34,NORMAL
9858,2026-08-01 00:10:57,TR-104,LT-006,60.36,0.087,0.002,0.341,50.043,30.15,POSSIBLE_BROKEN_LT
5606,2026-08-01 01:33:25,TR-103,LT-005,230.88,9.591,2.112,0.954,49.908,2.5,NORMAL
9814,2026-08-01 00:10:13,TR-102,LT-004,75.55,0.667,0.014,0.287,49.892,50.87,POSSIBLE_BROKEN_LT
5787,2026-08-01 01:36:26,TR-103,LT-004,229.57,3.258,0.692,0.925,50.043,1.12,NORMAL
8519,2026-08-01 00:08:38,TR-101,LT-006,163.79,9.905,1.337,0.824,49.951,21.69,WARNING
6851,2026-08-01 01:54:10,TR-102,LT-006,225.52,4.367,0.95,0.964,50.028,1.26,NORMAL
1517,2026-08-01 00:25:16,TR-103,LT-004,236.05,11.696,2.6,0.942,50.029,2.97,NORMAL
5099,2026-08-01 01:24:58,TR-104,LT-001,226.93,8.198,1.675,0.9,50.105,1.19,NORMAL
7637,2026-08-01 02:07:16,TR-102,LT-004,225.61,12.022,2.564,0.945,50.084,2.5,NORMAL
9086,2026-08-01 00:18:05,TR-102,LT-003,194.13,7.953,1.405,0.91,49.907,6.11,WARNING
8024,2026-08-01 00:00:23,TR-101,LT-001,187.88,11.603,1.909,0.876,50.19,11.36,WARNING
2393,2026-08-01 00:39:52,TR-102,LT-003,224.01,10.179,2.052,0.9,49.853,3.0,NORMAL
587,2026-08-01 00:09:46,TR-103,LT-002,228.16,11.728,2.462,0.92,50.213,1.9,NORMAL
3520,2026-08-01 00:58:39,TR-102,LT-002,221.13,7.433,1.547,0.941,49.994,1.91,NORMAL
7654,2026-08-01 02:07:33,TR-104,LT-005,231.93,8.772,1.849,0.909,50.139,0.76,NORMAL
8947,2026-08-01 00:15:46,TR-101,LT-005,188.27,9.964,1.633,0.871,50.021,16.12,WARNING
851,2026-08-01 00:14:10,TR-103,LT-004,227.51,11.738,2.626,0.983,50.068,1.46,NORMAL
336,2026-08-01 00:05:35,TR-104,LT-006,229.41,8.776,1.754,0.871,50.075,2.93,NORMAL
6635,2026-08-01 01:50:34,TR-101,LT-005,226.96,9.193,1.999,0.958,49.843,2.08,NORMAL
8973,2026-08-01 00:16:12,TR-101,LT-005,195.46,9.161,1.717,0.959,49.985,21.02,WARNING
7494,2026-08-01 02:04:53,TR-104,LT-006,230.01,4.223,0.916,0.943,49.988,3.3,NORMAL
2869,2026-08-01 00:47:48,TR-101,LT-006,232.14,6.577,1.466,0.96,49.861,2.33,NORMAL
4873,2026-08-01 01:21:12,TR-103,LT-005,225.02,8.463,1.821,0.956,49.973,1.29,NORMAL
3551,2026-08-01 00:59:10,TR-103,LT-001,227.87,10.506,2.297,0.96,50.081,0.87,NORMAL
3843,2026-08-01 01:04:02,TR-103,LT-004,233.92,9.536,2.15,0.964,49.912,0.33,NORMAL
7263,2026-08-01 02:01:02,TR-102,LT-004,231.55,10.43,2.298,0.952,49.929,1.96,NORMAL
5825,2026-08-01 01:37:04,TR-104,LT-001,227.61,12.103,2.679,0.972,49.994,0.93,NORMAL
24,2026-08-01 00:00:23,TR-101,LT-005,224.3,6.099,1.278,0.934,49.984,2.63,NORMAL
1454,2026-08-01 00:24:13,TR-101,LT-002,240.41,8.46,1.87,0.92,50.021,0.67,NORMAL
1685,2026-08-01 00:28:04,TR-103,LT-004,225.28,6.44,1.405,0.968,49.869,1.96,NORMAL
2311,2026-08-01 00:38:30,TR-101,LT-002,228.72,8.198,1.73,0.922,50.133,1.56,NORMAL
9064,2026-08-01 00:17:43,TR-101,LT-002,173.77,12.28,1.934,0.906,50.07,8.19,WARNING
9407,2026-08-01 00:03:26,TR-101,LT-003,99.03,0.508,0.033,0.65,50.08,28.37,POSSIBLE_BROKEN_LT
382,2026-08-01 00:06:21,TR-103,LT-005,227.6,8.613,1.86,0.949,49.879,2.71,NORMAL
5815,2026-08-01 01:36:54,TR-101,LT-005,220.26,7.426,1.556,0.951,49.916,1.76,NORMAL
5551,2026-08-01 01:32:30,TR-104,LT-004,226.11,9.581,2.021,0.933,49.905,1.24,NORMAL
9309,2026-08-01 00:01:48,TR-102,LT-004,67.81,0.01,0.0,0.516,49.915,43.51,POSSIBLE_BROKEN_LT
1619,2026-08-01 00:26:58,TR-102,LT-001,228.29,10.054,2.193,0.956,49.897,1.14,NORMAL
790,2026-08-01 00:13:09,TR-104,LT-003,223.36,6.58,1.352,0.92,50.144,2.1,NORMAL
5984,2026-08-01 01:39:43,TR-104,LT-003,231.57,7.859,1.768,0.971,49.896,1.77,NORMAL
8673,2026-08-01 00:11:12,TR-104,LT-001,159.59,9.577,1.256,0.822,50.056,9.2,WARNING
4476,2026-08-01 01:14:35,TR-104,LT-001,232.06,10.752,2.347,0.941,49.997,3.63,NORMAL
5607,2026-08-01 01:33:26,TR-104,LT-006,224.92,9.399,2.034,0.962,50.0,0.26,NORMAL
9313,2026-08-01 00:01:52,TR-103,LT-005,67.97,0.526,0.024,0.666,49.968,12.59,POSSIBLE_BROKEN_LT
5649,2026-08-01 01:34:08,TR-104,LT-002,235.79,5.364,1.222,0.966,49.96,3.06,NORMAL
6217,2026-08-01 01:43:36,TR-104,LT-001,230.05,8.068,1.856,1.0,49.99,4.13,NORMAL
2287,2026-08-01 00:38:06,TR-102,LT-004,233.13,7.813,1.775,0.975,49.921,2.22,NORMAL
9994,2026-08-01 00:13:13,TR-102,LT-006,65.59,0.055,0.002,0.539,50.1,21.42,POSSIBLE_BROKEN_LT
7579,2026-08-01 02:06:18,TR-101,LT-002,227.75,8.215,1.725,0.922,50.048,3.8,NORMAL
1184,2026-08-01 00:19:43,TR-104,LT-002,223.72,8.668,1.842,0.95,50.051,2.37,NORMAL
6002,2026-08-01 01:40:01,TR-101,LT-004,227.48,7.578,1.615,0.937,50.022,0.95,NORMAL
5091,2026-08-01 01:24:50,TR-104,LT-003,222.72,7.097,1.437,0.909,50.033,2.06,NORMAL
2517,2026-08-01 00:41:56,TR-102,LT-003,230.34,5.743,1.259,0.952,49.885,2.05,NORMAL
4123,2026-08-01 01:08:42,TR-101,LT-004,233.83,8.57,1.971,0.984,49.913,2.84,NORMAL
5522,2026-08-01 01:32:01,TR-102,LT-002,227.35,6.25,1.321,0.93,50.125,1.24,NORMAL
5628,2026-08-01 01:33:47,TR-103,LT-004,233.81,10.812,2.314,0.915,49.902,2.89,NORMAL
8361,2026-08-01 00:06:00,TR-102,LT-002,186.0,10.97,1.719,0.842,50.107,13.74,WARNING
5873,2026-08-01 01:37:52,TR-103,LT-002,231.44,10.918,2.322,0.919,49.938,2.45,NORMAL
8613,2026-08-01 00:10:12,TR-102,LT-003,184.01,11.122,1.784,0.872,50.078,0.24,WARNING
7728,2026-08-01 02:08:47,TR-104,LT-003,223.54,3.196,0.673,0.942,50.14,2.08,NORMAL
5969,2026-08-01 01:39:28,TR-102,LT-002,231.35,6.034,1.292,0.926,49.91,2.67,NORMAL
1181,2026-08-01 00:19:40,TR-103,LT-001,230.72,7.81,1.61,0.894,49.915,2.11,NORMAL
8763,2026-08-01 00:12:42,TR-102,LT-004,195.11,7.058,1.329,0.965,49.93,21.87,WARNING
8236,2026-08-01 00:03:55,TR-102,LT-004,205.03,8.704,1.575,0.882,49.881,13.03,WARNING
2819,2026-08-01 00:46:58,TR-101,LT-003,231.58,7.992,1.724,0.932,49.934,1.32,NORMAL
9965,2026-08-01 00:12:44,TR-104,LT-001,68.64,0.073,0.002,0.374,49.986,39.25,POSSIBLE_BROKEN_LT
8704,2026-08-01 00:11:43,TR-101,LT-005,164.5,7.149,0.886,0.754,50.083,3.66,WARNING
6609,2026-08-01 01:50:08,TR-102,LT-004,226.85,7.49,1.564,0.921,49.994,2.68,NORMAL
2821,2026-08-01 00:47:00,TR-103,LT-005,228.88,6.019,1.27,0.922,50.011,1.64,NORMAL
7536,2026-08-01 02:05:35,TR-101,LT-006,225.7,11.895,2.469,0.92,50.078,1.53,NORMAL
2261,2026-08-01 00:37:40,TR-101,LT-003,231.75,8.081,1.771,0.946,50.018,2.1,NORMAL
2240,2026-08-01 00:37:19,TR-102,LT-005,232.75,9.68,2.096,0.931,49.97,2.06,NORMAL
6022,2026-08-01 01:40:21,TR-104,LT-006,231.6,6.171,1.379,0.965,49.924,2.74,NORMAL
783,2026-08-01 00:13:02,TR-101,LT-006,231.52,10.367,2.34,0.975,49.891,2.01,NORMAL
933,2026-08-01 00:15:32,TR-103,LT-003,224.21,8.045,1.643,0.911,49.968,3.39,NORMAL
6203,2026-08-01 01:43:22,TR-101,LT-002,239.17,5.343,1.217,0.952,50.019,1.76,NORMAL
2413,2026-08-01 00:40:12,TR-103,LT-002,225.51,5.859,1.278,0.967,50.036,2.19,NORMAL
6998,2026-08-01 01:56:37,TR-103,LT-002,227.89,10.624,2.326,0.961,50.069,1.9,NORMAL
9116,2026-08-01 00:18:35,TR-104,LT-002,154.11,11.12,1.47,0.858,49.945,12.11,WARNING
1157,2026-08-01 00:19:16,TR-104,LT-005,227.25,8.626,1.823,0.93,49.93,0.06,NORMAL
8108,2026-08-01 00:01:47,TR-101,LT-001,183.69,9.964,1.661,0.908,49.935,7.71,WARNING
5806,2026-08-01 01:36:45,TR-102,LT-004,230.55,7.929,1.666,0.912,49.966,0.2,NORMAL
4880,2026-08-01 01:21:19,TR-103,LT-005,233.87,9.687,2.167,0.957,49.92,2.34,NORMAL
3310,2026-08-01 00:55:09,TR-103,LT-001,230.0,5.738,1.199,0.909,49.869,2.52,NORMAL
8962,2026-08-01 00:16:01,TR-104,LT-006,164.54,10.26,1.289,0.763,50.041,14.47,WARNING
1703,2026-08-01 00:28:22,TR-103,LT-001,232.54,9.174,2.073,0.972,49.98,2.47,NORMAL
2493,2026-08-01 00:41:32,TR-102,LT-006,228.03,5.824,1.25,0.941,49.933,4.64,NORMAL
3707,2026-08-01 01:01:46,TR-102,LT-001,227.9,6.483,1.391,0.942,50.057,2.83,NORMAL
8277,2026-08-01 00:04:36,TR-101,LT-003,183.48,14.885,2.355,0.862,50.027,10.85,WARNING
287,2026-08-01 00:04:46,TR-104,LT-006,229.39,8.303,1.758,0.923,50.017,4.18,NORMAL
1609,2026-08-01 00:26:48,TR-102,LT-006,231.29,5.147,1.072,0.901,50.053,0.89,NORMAL
6632,2026-08-01 01:50:31,TR-102,LT-004,231.83,5.617,1.178,0.904,50.032,0.95,NORMAL
8279,2026-08-01 00:04:38,TR-103,LT-006,178.93,7.24,1.173,0.906,50.091,10.69,WARNING
7316,2026-08-01 02:01:55,TR-103,LT-004,236.16,4.168,0.889,0.903,49.923,2.44,NORMAL
2253,2026-08-01 00:37:32,TR-101,LT-006,224.2,9.056,1.871,0.922,49.838,3.55,NORMAL
7416,2026-08-01 02:03:35,TR-101,LT-003,222.95,10.433,2.104,0.904,50.087,2.75,NORMAL
8366,2026-08-01 00:06:05,TR-104,LT-004,199.76,8.57,1.4,0.818,50.099,14.26,WARNING
1892,2026-08-01 00:31:31,TR-104,LT-005,230.03,9.832,2.065,0.913,50.055,3.44,NORMAL
5063,2026-08-01 01:24:22,TR-101,LT-004,228.66,8.929,1.892,0.927,49.956,2.29,NORMAL
6121,2026-08-01 01:42:00,TR-103,LT-004,229.54,2.64,0.593,0.979,50.037,3.07,NORMAL
564,2026-08-01 00:09:23,TR-104,LT-005,228.7,8.417,1.78,0.925,50.014,2.64,NORMAL
292,2026-08-01 00:04:51,TR-103,LT-002,228.03,12.421,2.59,0.914,50.024,2.6,NORMAL
4717,2026-08-01 01:18:36,TR-102,LT-005,239.55,7.773,1.632,0.876,50.094,0.99,NORMAL
7709,2026-08-01 02:08:28,TR-104,LT-001,227.09,5.552,1.162,0.922,50.133,0.27,NORMAL
6350,2026-08-01 01:45:49,TR-102,LT-002,227.12,6.608,1.429,0.952,50.058,2.45,NORMAL
170,2026-08-01 00:02:49,TR-103,LT-006,226.99,7.773,1.633,0.925,50.069,1.45,NORMAL
268,2026-08-01 00:04:27,TR-103,LT-006,224.28,5.865,1.273,0.968,49.93,2.13,NORMAL
4639,2026-08-01 01:17:18,TR-104,LT-003,221.93,9.093,1.85,0.917,50.095,1.39,NORMAL
7078,2026-08-01 01:57:57,TR-102,LT-004,238.24,10.083,2.252,0.938,50.158,1.45,NORMAL
3356,2026-08-01 00:55:55,TR-101,LT-002,229.34,10.845,2.353,0.946,49.969,1.98,NORMAL
8280,2026-08-01 00:04:39,TR-104,LT-004,207.51,13.74,2.555,0.896,49.969,14.96,WARNING
316,2026-08-01 00:05:15,TR-102,LT-002,230.08,9.538,2.132,0.972,50.039,2.28,NORMAL
6729,2026-08-01 01:52:08,TR-103,LT-006,225.82,8.719,1.872,0.951,49.952,0.38,NORMAL
9496,2026-08-01 00:04:55,TR-101,LT-003,54.84,0.51,0.014,0.493,50.02,25.31,POSSIBLE_BROKEN_LT
4068,2026-08-01 01:07:47,TR-103,LT-001,231.19,7.326,1.613,0.952,49.971,2.74,NORMAL
246,2026-08-01 00:04:05,TR-101,LT-006,228.66,5.301,1.165,0.961,49.88,0.57,NORMAL
253,2026-08-01 00:04:12,TR-104,LT-005,238.49,4.239,0.957,0.946,49.964,1.31,NORMAL
1112,2026-08-01 00:18:31,TR-103,LT-003,230.87,9.08,1.878,0.896,49.833,1.92,NORMAL
4802,2026-08-01 01:20:01,TR-101,LT-004,229.77,5.969,1.28,0.933,50.042,0.93,NORMAL
1714,2026-08-01 00:28:33,TR-101,LT-003,233.39,7.338,1.566,0.914,50.099,3.32,NORMAL
51,2026-08-01 00:00:50,TR-101,LT-002,231.3,5.839,1.313,0.972,49.96,3.46,NORMAL
1836,2026-08-01 00:30:35,TR-103,LT-002,231.45,10.109,2.216,0.947,49.927,1.16,NORMAL
7897,2026-08-01 02:11:36,TR-104,LT-001,235.32,12.481,2.767,0.942,49.973,2.76,NORMAL
3384,2026-08-01 00:56:23,TR-101,LT-005,234.11,5.158,1.164,0.964,50.08,2.12,NORMAL
6411,2026-08-01 01:46:50,TR-102,LT-006,231.76,8.619,1.902,0.952,50.094,1.48,NORMAL
4314,2026-08-01 01:11:53,TR-104,LT-002,231.53,5.38,1.167,0.937,49.988,0.77,NORMAL
873,2026-08-01 00:14:32,TR-101,LT-002,224.48,4.464,0.89,0.888,49.877,0.35,NORMAL
1255,2026-08-01 00:20:54,TR-101,LT-004,234.91,8.438,1.828,0.922,50.151,2.55,NORMAL
8882,2026-08-01 00:14:41,TR-102,LT-005,192.82,8.213,1.172,0.74,49.967,14.62,WARNING
5852,2026-08-01 01:37:31,TR-103,LT-005,228.12,7.589,1.676,0.968,49.937,2.9,NORMAL
5703,2026-08-01 01:35:02,TR-102,LT-004,230.23,6.143,1.337,0.945,50.007,1.94,NORMAL
8104,2026-08-01 00:01:43,TR-101,LT-003,217.18,8.134,1.601,0.906,49.905,11.35,WARNING
2099,2026-08-01 00:34:58,TR-103,LT-004,223.78,7.2,1.49,0.925,49.941,1.0,NORMAL
5129,2026-08-01 01:25:28,TR-104,LT-005,230.6,5.337,1.143,0.929,50.186,2.75,NORMAL
249,2026-08-01 00:04:08,TR-102,LT-002,237.06,14.755,3.328,0.952,49.951,3.45,NORMAL
6562,2026-08-01 01:49:21,TR-101,LT-002,235.38,4.772,1.055,0.939,50.1,0.81,NORMAL
1340,2026-08-01 00:22:19,TR-102,LT-006,230.68,8.042,1.808,0.974,49.905,4.2,NORMAL
7018,2026-08-01 01:56:57,TR-101,LT-005,226.58,7.603,1.618,0.939,49.893,2.61,NORMAL
2111,2026-08-01 00:35:10,TR-102,LT-005,227.82,6.607,1.419,0.943,50.084,1.99,NORMAL
1570,2026-08-01 00:26:09,TR-102,LT-005,227.88,7.239,1.484,0.9,50.113,0.39,NORMAL
1727,2026-08-01 00:28:46,TR-101,LT-006,227.86,8.004,1.741,0.955,49.912,2.19,NORMAL
8385,2026-08-01 00:06:24,TR-102,LT-001,204.6,10.635,1.849,0.85,49.895,19.59,WARNING
6941,2026-08-01 01:55:40,TR-104,LT-001,228.28,7.44,1.619,0.953,50.038,1.11,NORMAL
4396,2026-08-01 01:13:15,TR-101,LT-003,224.57,7.681,1.673,0.97,49.93,2.27,NORMAL
2421,2026-08-01 00:40:20,TR-101,LT-005,234.19,10.113,2.183,0.922,50.032,1.55,NORMAL
3046,2026-08-01 00:50:45,TR-104,LT-004,221.8,9.719,2.014,0.934,50.095,0.56,NORMAL
5504,2026-08-01 01:31:43,TR-102,LT-002,224.47,9.076,1.874,0.92,50.068,1.5,NORMAL
3704,2026-08-01 01:01:43,TR-104,LT-004,226.65,11.1,2.377,0.945,49.969,1.89,NORMAL
8192,2026-08-01 00:03:11,TR-102,LT-005,181.51,14.634,1.908,0.718,50.076,9.77,WARNING
5332,2026-08-01 01:28:51,TR-103,LT-001,228.98,6.49,1.385,0.932,50.053,1.2,NORMAL
9809,2026-08-01 00:10:08,TR-104,LT-002,73.34,0.232,0.01,0.567,49.944,33.46,POSSIBLE_BROKEN_LT
448,2026-08-01 00:07:27,TR-103,LT-005,226.24,12.419,2.635,0.938,49.987,1.83,NORMAL
7895,2026-08-01 02:11:34,TR-104,LT-003,222.26,6.44,1.336,0.933,50.01,1.9,NORMAL
8729,2026-08-01 00:12:08,TR-103,LT-003,190.36,6.425,1.11,0.907,50.161,13.3,WARNING
7829,2026-08-01 02:10:28,TR-103,LT-006,230.76,11.85,2.694,0.985,50.181,1.39,NORMAL
1769,2026-08-01 00:29:28,TR-101,LT-001,230.49,9.407,1.966,0.907,50.074,3.46,NORMAL
6809,2026-08-01 01:53:28,TR-103,LT-003,228.5,6.541,1.39,0.93,50.072,1.6,NORMAL
4705,2026-08-01 01:18:24,TR-101,LT-005,232.31,9.021,1.985,0.947,50.131,1.3,NORMAL
3870,2026-08-01 01:04:29,TR-102,LT-004,233.98,8.905,1.928,0.925,49.994,2.56,NORMAL
1656,2026-08-01 00:27:35,TR-101,LT-005,228.82,10.61,2.304,0.949,50.025,1.93,NORMAL
3188,2026-08-01 00:53:07,TR-101,LT-006,233.57,9.097,2.077,0.978,49.98,1.87,NORMAL
684,2026-08-01 00:11:23,TR-103,LT-002,231.96,9.662,2.028,0.905,50.066,1.14,NORMAL
4171,2026-08-01 01:09:30,TR-103,LT-006,223.83,13.049,2.765,0.947,49.898,2.92,NORMAL
4478,2026-08-01 01:14:37,TR-102,LT-002,233.03,7.189,1.6,0.955,49.883,2.08,NORMAL
462,2026-08-01 00:07:41,TR-103,LT-005,230.14,3.676,0.815,0.963,49.95,1.82,NORMAL
5765,2026-08-01 01:36:04,TR-104,LT-005,230.43,8.08,1.713,0.92,50.031,2.21,NORMAL
7523,2026-08-01 02:05:22,TR-103,LT-005,230.71,3.437,0.718,0.905,49.991,1.57,NORMAL
4503,2026-08-01 01:15:02,TR-103,LT-001,223.67,6.483,1.395,0.962,49.961,2.36,NORMAL
9710,2026-08-01 00:08:29,TR-103,LT-004,51.13,0.46,0.013,0.536,49.919,42.15,POSSIBLE_BROKEN_LT
319,2026-08-01 00:05:18,TR-103,LT-004,231.3,6.349,1.346,0.916,50.112,2.97,NORMAL
1146,2026-08-01 00:19:05,TR-104,LT-006,230.06,4.59,1.002,0.949,49.991,2.04,NORMAL
5095,2026-08-01 01:24:54,TR-103,LT-002,229.54,10.471,2.335,0.971,50.039,0.87,NORMAL
1394,2026-08-01 00:23:13,TR-101,LT-003,230.55,7.937,1.69,0.924,49.999,0.56,NORMAL
6624,2026-08-01 01:50:23,TR-103,LT-003,229.84,6.382,1.371,0.935,50.034,3.1,NORMAL
1502,2026-08-01 00:25:01,TR-101,LT-004,227.8,10.645,2.299,0.948,49.967,3.74,NORMAL
6409,2026-08-01 01:46:48,TR-104,LT-004,228.25,6.292,1.384,0.964,50.101,2.4,NORMAL
377,2026-08-01 00:06:16,TR-102,LT-002,233.49,5.271,1.207,0.981,49.905,2.1,NORMAL
411,2026-08-01 00:06:50,TR-101,LT-001,232.85,7.707,1.748,0.974,49.91,2.93,NORMAL
1661,2026-08-01 00:27:40,TR-103,LT-006,235.27,7.896,1.729,0.931,49.903,1.6,NORMAL
3152,2026-08-01 00:52:31,TR-103,LT-003,228.52,7.181,1.506,0.917,49.902,3.3,NORMAL
1624,2026-08-01 00:27:03,TR-104,LT-003,227.33,9.784,2.173,0.977,49.999,2.61,NORMAL
5610,2026-08-01 01:33:29,TR-102,LT-005,230.15,5.29,1.201,0.986,49.87,1.07,NORMAL
8533,2026-08-01 00:08:52,TR-104,LT-005,160.43,4.791,0.645,0.839,49.797,19.25,WARNING
5803,2026-08-01 01:36:42,TR-101,LT-003,228.36,12.884,2.689,0.914,49.983,1.58,NORMAL
5307,2026-08-01 01:28:26,TR-101,LT-006,229.48,7.03,1.581,0.98,50.034,3.58,NORMAL
7087,2026-08-01 01:58:06,TR-103,LT-006,230.55,3.541,0.783,0.959,49.966,2.32,NORMAL
8898,2026-08-01 00:14:57,TR-104,LT-006,198.78,11.292,1.8,0.802,50.041,9.41,WARNING
7489,2026-08-01 02:04:48,TR-103,LT-003,231.0,8.532,1.817,0.922,49.942,0.8,NORMAL
9616,2026-08-01 00:06:55,TR-101,LT-002,77.85,0.119,0.004,0.439,50.061,39.1,POSSIBLE_BROKEN_LT
9218,2026-08-01 00:00:17,TR-102,LT-001,84.31,0.724,0.03,0.489,50.061,10.7,POSSIBLE_BROKEN_LT
1673,2026-08-01 00:27:52,TR-101,LT-003,228.43,5.945,1.29,0.949,50.031,3.15,NORMAL
2359,2026-08-01 00:39:18,TR-102,LT-004,222.9,7.278,1.528,0.942,49.852,1.18,NORMAL
8468,2026-08-01 00:07:47,TR-102,LT-006,196.87,4.62,0.849,0.933,49.977,14.49,WARNING
275,2026-08-01 00:04:34,TR-104,LT-005,226.07,5.752,1.237,0.951,50.099,2.87,NORMAL
2474,2026-08-01 00:41:13,TR-103,LT-006,224.48,6.094,1.257,0.919,49.998,2.32,NORMAL
5490,2026-08-01 01:31:29,TR-104,LT-002,228.46,6.806,1.397,0.898,50.029,2.93,NORMAL
4772,2026-08-01 01:19:31,TR-101,LT-001,226.1,9.292,2.08,0.99,49.994,2.35,NORMAL
2108,2026-08-01 00:35:07,TR-102,LT-006,232.55,7.785,1.662,0.918,49.943,3.08,NORMAL
7501,2026-08-01 02:05:00,TR-104,LT-004,236.9,7.827,1.744,0.941,50.005,1.45,NORMAL
4415,2026-08-01 01:13:34,TR-104,LT-002,230.8,11.024,2.334,0.917,50.013,1.91,NORMAL
8139,2026-08-01 00:02:18,TR-102,LT-006,200.94,3.22,0.507,0.783,50.096,14.96,WARNING
8661,2026-08-01 00:11:00,TR-101,LT-006,198.78,8.697,1.429,0.827,50.005,14.08,WARNING
8240,2026-08-01 00:03:59,TR-102,LT-006,147.29,14.822,1.909,0.874,49.996,16.24,WARNING
2418,2026-08-01 00:40:17,TR-103,LT-003,231.36,8.435,1.866,0.956,50.008,0.8,NORMAL
8772,2026-08-01 00:12:51,TR-102,LT-006,179.0,13.317,1.904,0.799,50.032,19.54,WARNING
2237,2026-08-01 00:37:16,TR-102,LT-005,230.06,10.323,2.142,0.902,50.024,2.6,NORMAL
3768,2026-08-01 01:02:47,TR-104,LT-003,235.21,5.923,1.388,0.996,50.017,2.24,NORMAL
9792,2026-08-01 00:09:51,TR-101,LT-002,85.73,0.253,0.008,0.348,50.03,12.92,POSSIBLE_BROKEN_LT
9990,2026-08-01 00:13:09,TR-104,LT-003,68.07,0.34,0.012,0.519,49.93,59.98,POSSIBLE_BROKEN_LT
9966,2026-08-01 00:12:45,TR-101,LT-002,72.77,0.106,0.004,0.554,50.001,45.66,POSSIBLE_BROKEN_LT
7324,2026-08-01 02:02:03,TR-103,LT-003,230.98,8.908,1.983,0.964,49.977,2.36,NORMAL
1384,2026-08-01 00:23:03,TR-102,LT-004,227.58,5.989,1.268,0.93,49.952,1.32,NORMAL
3102,2026-08-01 00:51:41,TR-102,LT-002,233.42,6.017,1.312,0.934,49.918,2.8,NORMAL
3922,2026-08-01 01:05:21,TR-101,LT-002,230.9,8.618,1.9,0.955,50.014,3.05,NORMAL
6686,2026-08-01 01:51:25,TR-101,LT-004,230.57,9.192,1.975,0.932,50.136,2.93,NORMAL
3195,2026-08-01 00:53:14,TR-101,LT-001,223.86,7.308,1.498,0.916,49.908,0.23,NORMAL
1942,2026-08-01 00:32:21,TR-104,LT-004,228.43,11.603,2.434,0.918,50.041,1.93,NORMAL
7714,2026-08-01 02:08:33,TR-102,LT-003,231.33,6.687,1.451,0.938,50.01,1.96,NORMAL
4897,2026-08-01 01:21:36,TR-103,LT-006,223.25,7.915,1.596,0.903,50.129,0.43,NORMAL
4783,2026-08-01 01:19:42,TR-102,LT-003,223.24,8.8,1.825,0.929,50.149,3.21,NORMAL
1497,2026-08-01 00:24:56,TR-104,LT-004,238.25,10.486,2.312,0.926,50.103,2.12,NORMAL
1958,2026-08-01 00:32:37,TR-101,LT-003,242.55,5.931,1.278,0.888,49.948,2.43,NORMAL
9172,2026-08-01 00:19:31,TR-101,LT-004,201.14,10.239,1.754,0.852,49.975,2.64,WARNING
9746,2026-08-01 00:09:05,TR-104,LT-003,86.42,0.156,0.006,0.448,49.882,30.64,POSSIBLE_BROKEN_LT
7333,2026-08-01 02:02:12,TR-101,LT-003,239.48,11.032,2.49,0.943,50.095,1.8,NORMAL
7950,2026-08-01 02:12:29,TR-103,LT-001,230.04,11.718,2.541,0.943,49.947,0.25,NORMAL
3018,2026-08-01 00:50:17,TR-101,LT-005,218.67,6.505,1.296,0.911,50.003,0.39,NORMAL
6747,2026-08-01 01:52:26,TR-102,LT-004,226.18,9.394,2.044,0.962,49.931,2.07,NORMAL
514,2026-08-01 00:08:33,TR-102,LT-003,226.37,8.959,1.91,0.942,49.909,0.47,NORMAL
3935,2026-08-01 01:05:34,TR-104,LT-004,230.24,7.248,1.62,0.971,50.112,1.59,NORMAL
3026,2026-08-01 00:50:25,TR-101,LT-002,228.45,11.196,2.41,0.942,49.908,1.87,NORMAL
1200,2026-08-01 00:19:59,TR-103,LT-001,235.46,7.084,1.569,0.941,50.036,1.78,NORMAL
5029,2026-08-01 01:23:48,TR-101,LT-001,235.15,6.826,1.487,0.926,49.946,0.52,NORMAL
9785,2026-08-01 00:09:44,TR-104,LT-001,83.81,0.396,0.021,0.644,50.04,34.06,POSSIBLE_BROKEN_LT
922,2026-08-01 00:15:21,TR-102,LT-001,225.89,8.786,1.899,0.957,50.043,0.17,NORMAL
4650,2026-08-01 01:17:29,TR-102,LT-002,229.08,10.771,2.316,0.938,49.933,2.1,NORMAL
5333,2026-08-01 01:28:52,TR-103,LT-003,231.02,8.978,1.99,0.959,50.002,3.59,NORMAL
1077,2026-08-01 00:17:56,TR-103,LT-001,223.77,7.328,1.572,0.958,49.912,1.68,NORMAL
6769,2026-08-01 01:52:48,TR-103,LT-002,236.6,3.328,0.723,0.918,50.025,1.81,NORMAL
9411,2026-08-01 00:03:30,TR-102,LT-003,61.32,0.568,0.028,0.801,50.116,46.27,POSSIBLE_BROKEN_LT
1672,2026-08-01 00:27:51,TR-103,LT-005,228.53,8.777,1.935,0.965,49.921,3.43,NORMAL
475,2026-08-01 00:07:54,TR-103,LT-003,236.58,8.956,1.941,0.916,49.879,0.63,NORMAL
9187,2026-08-01 00:19:46,TR-102,LT-005,200.04,8.971,1.606,0.895,50.166,11.44,WARNING
8840,2026-08-01 00:13:59,TR-101,LT-005,197.17,8.411,1.305,0.787,49.958,13.69,WARNING
5759,2026-08-01 01:35:58,TR-101,LT-003,227.93,9.437,2.115,0.983,50.044,1.44,NORMAL
6298,2026-08-01 01:44:57,TR-102,LT-002,225.46,6.245,1.334,0.947,50.003,3.28,NORMAL
2479,2026-08-01 00:41:18,TR-103,LT-006,224.65,11.801,2.484,0.937,50.003,3.37,NORMAL
5494,2026-08-01 01:31:33,TR-103,LT-002,238.33,7.84,1.821,0.974,49.884,0.28,NORMAL
3915,2026-08-01 01:05:14,TR-101,LT-005,224.0,5.792,1.237,0.954,50.16,1.51,NORMAL
2139,2026-08-01 00:35:38,TR-102,LT-003,225.04,10.036,2.066,0.915,49.841,2.05,NORMAL
5455,2026-08-01 01:30:54,TR-104,LT-003,233.9,6.301,1.385,0.94,49.999,2.64,NORMAL
5380,2026-08-01 01:29:39,TR-103,LT-004,227.77,9.119,1.915,0.922,49.95,2.04,NORMAL
8986,2026-08-01 00:16:25,TR-104,LT-001,225.0,5.548,1.018,0.816,50.054,19.19,WARNING
4024,2026-08-01 01:07:03,TR-101,LT-004,233.13,10.315,2.24,0.932,49.971,2.77,NORMAL
3486,2026-08-01 00:58:05,TR-104,LT-004,227.94,7.953,1.724,0.951,49.979,1.55,NORMAL
2456,2026-08-01 00:40:55,TR-101,LT-001,235.95,7.018,1.577,0.953,49.926,3.89,NORMAL
2465,2026-08-01 00:41:04,TR-103,LT-005,233.48,7.464,1.701,0.976,50.22,3.98,NORMAL
8697,2026-08-01 00:11:36,TR-102,LT-005,149.1,10.545,1.558,0.991,49.879,13.51,WARNING
1370,2026-08-01 00:22:49,TR-104,LT-006,226.46,8.739,1.754,0.886,50.038,0.77,NORMAL
6689,2026-08-01 01:51:28,TR-104,LT-001,222.98,10.406,2.104,0.907,50.032,1.07,NORMAL
7457,2026-08-01 02:04:16,TR-103,LT-006,226.36,7.911,1.694,0.946,50.098,1.28,NORMAL
9975,2026-08-01 00:12:54,TR-104,LT-006,63.68,0.314,0.015,0.773,49.895,25.59,POSSIBLE_BROKEN_LT
1902,2026-08-01 00:31:41,TR-101,LT-001,228.66,8.74,1.859,0.93,50.023,2.43,NORMAL
4872,2026-08-01 01:21:11,TR-102,LT-005,235.44,8.228,1.857,0.959,50.036,1.34,NORMAL
4711,2026-08-01 01:18:30,TR-102,LT-001,227.57,7.466,1.493,0.879,49.971,3.45,NORMAL
7887,2026-08-01 02:11:26,TR-101,LT-002,234.68,11.951,2.638,0.94,49.951,4.21,NORMAL
1794,2026-08-01 00:29:53,TR-103,LT-001,232.69,6.088,1.319,0.931,50.014,1.07,NORMAL
2875,2026-08-01 00:47:54,TR-101,LT-002,229.88,10.838,2.393,0.961,49.977,1.33,NORMAL
6218,2026-08-01 01:43:37,TR-101,LT-005,225.21,7.277,1.556,0.95,49.988,4.03,NORMAL
5214,2026-08-01 01:26:53,TR-101,LT-003,231.6,4.992,1.092,0.945,50.167,2.34,NORMAL
2246,2026-08-01 00:37:25,TR-101,LT-005,230.42,6.96,1.527,0.952,50.005,1.49,NORMAL
1742,2026-08-01 00:29:01,TR-103,LT-005,229.32,5.67,1.239,0.953,50.05,0.82,NORMAL
1021,2026-08-01 00:17:00,TR-102,LT-002,232.09,8.377,1.87,0.962,50.002,1.95,NORMAL
706,2026-08-01 00:11:45,TR-104,LT-001,232.42,9.327,2.051,0.946,50.138,1.61,NORMAL
4295,2026-08-01 01:11:34,TR-102,LT-006,234.83,9.956,2.184,0.934,49.946,2.16,NORMAL
5577,2026-08-01 01:32:56,TR-103,LT-006,227.33,11.344,2.32,0.9,50.006,3.22,NORMAL
7167,2026-08-01 01:59:26,TR-101,LT-001,237.59,5.751,1.302,0.953,50.038,2.02,NORMAL
8178,2026-08-01 00:02:57,TR-104,LT-001,180.42,9.666,1.452,0.832,49.942,13.05,WARNING
909,2026-08-01 00:15:08,TR-103,LT-001,232.58,9.13,2.017,0.95,50.098,2.81,NORMAL
5194,2026-08-01 01:26:33,TR-104,LT-001,227.63,4.429,0.977,0.969,50.112,1.18,NORMAL
3078,2026-08-01 00:51:17,TR-102,LT-004,232.21,5.884,1.323,0.968,49.856,1.93,NORMAL
9367,2026-08-01 00:02:46,TR-102,LT-003,85.56,0.337,0.013,0.441,49.905,40.23,POSSIBLE_BROKEN_LT
595,2026-08-01 00:09:54,TR-101,LT-001,234.15,7.808,1.701,0.93,50.053,1.62,NORMAL
5305,2026-08-01 01:28:24,TR-101,LT-005,228.97,4.274,0.896,0.915,49.987,4.43,NORMAL
441,2026-08-01 00:07:20,TR-101,LT-005,231.54,6.409,1.286,0.867,50.048,1.33,NORMAL
7607,2026-08-01 02:06:46,TR-102,LT-002,226.41,8.489,1.772,0.922,49.997,2.62,NORMAL
4093,2026-08-01 01:08:12,TR-103,LT-002,229.55,7.985,1.663,0.907,49.997,2.53,NORMAL
6135,2026-08-01 01:42:14,TR-104,LT-002,226.79,8.321,1.804,0.956,49.982,2.24,NORMAL
11,2026-08-01 00:00:10,TR-103,LT-006,228.15,7.424,1.656,0.978,49.983,1.76,NORMAL
3777,2026-08-01 01:02:56,TR-102,LT-005,222.68,5.138,1.105,0.966,50.132,0.77,NORMAL
9000,2026-08-01 00:16:39,TR-104,LT-002,181.87,8.841,1.3,0.808,50.024,13.76,WARNING
3709,2026-08-01 01:01:48,TR-103,LT-004,231.7,10.253,2.244,0.945,49.999,2.96,NORMAL
3781,2026-08-01 01:03:00,TR-102,LT-005,229.4,7.84,1.712,0.952,49.874,0.73,NORMAL
94,2026-08-01 00:01:33,TR-102,LT-003,228.69,7.021,1.576,0.982,49.908,0.51,NORMAL
9240,2026-08-01 00:00:39,TR-103,LT-001,80.06,0.124,0.004,0.401,50.106,41.47,POSSIBLE_BROKEN_LT
3950,2026-08-01 01:05:49,TR-102,LT-001,224.88,5.598,1.191,0.946,49.993,4.15,NORMAL
5786,2026-08-01 01:36:25,TR-101,LT-004,232.36,10.196,2.153,0.908,50.032,1.98,NORMAL
4871,2026-08-01 01:21:10,TR-103,LT-002,242.31,8.395,1.871,0.92,50.021,2.42,NORMAL
4803,2026-08-01 01:20:02,TR-104,LT-006,224.42,7.544,1.658,0.979,49.929,2.38,NORMAL
4868,2026-08-01 01:21:07,TR-102,LT-002,229.85,8.309,1.838,0.962,50.187,2.29,NORMAL
293,2026-08-01 00:04:52,TR-104,LT-001,227.64,9.61,2.05,0.937,50.044,2.55,NORMAL
7889,2026-08-01 02:11:28,TR-104,LT-006,232.34,10.224,2.197,0.925,49.905,2.23,NORMAL
7406,2026-08-01 02:03:25,TR-102,LT-004,236.66,8.933,1.94,0.917,50.191,0.25,NORMAL
5596,2026-08-01 01:33:15,TR-101,LT-002,223.03,7.021,1.528,0.976,50.023,2.4,NORMAL
2887,2026-08-01 00:48:06,TR-101,LT-003,227.9,6.324,1.378,0.956,50.029,1.5,NORMAL
6455,2026-08-01 01:47:34,TR-104,LT-001,223.97,6.664,1.347,0.902,49.949,2.76,NORMAL
2543,2026-08-01 00:42:22,TR-103,LT-002,229.13,8.138,1.725,0.925,49.849,3.04,NORMAL
1766,2026-08-01 00:29:25,TR-101,LT-003,226.63,7.397,1.545,0.922,49.93,2.28,NORMAL
6801,2026-08-01 01:53:20,TR-102,LT-002,226.2,7.6,1.616,0.94,50.046,2.79,NORMAL
1878,2026-08-01 00:31:17,TR-101,LT-003,229.16,5.278,1.151,0.952,49.915,2.25,NORMAL
1982,2026-08-01 00:33:01,TR-102,LT-001,224.48,6.993,1.526,0.972,50.034,3.22,NORMAL
9730,2026-08-01 00:08:49,TR-101,LT-003,85.01,0.269,0.015,0.637,49.87,33.6,POSSIBLE_BROKEN_LT
9609,2026-08-01 00:06:48,TR-101,LT-003,53.92,0.321,0.008,0.464,49.999,21.71,POSSIBLE_BROKEN_LT
2686,2026-08-01 00:44:45,TR-102,LT-005,231.26,6.3,1.404,0.963,49.894,1.12,NORMAL
8931,2026-08-01 00:15:30,TR-102,LT-002,195.86,14.795,2.473,0.854,49.929,21.22,WARNING
3459,2026-08-01 00:57:38,TR-103,LT-005,230.08,6.516,1.454,0.97,49.907,4.11,NORMAL
4542,2026-08-01 01:15:41,TR-103,LT-001,237.78,6.551,1.47,0.944,50.099,0.52,NORMAL
2179,2026-08-01 00:36:18,TR-103,LT-002,238.09,11.018,2.527,0.963,50.107,2.88,NORMAL
4451,2026-08-01 01:14:10,TR-104,LT-005,228.02,7.609,1.65,0.951,49.895,2.02,NORMAL
3860,2026-08-01 01:04:19,TR-102,LT-002,229.22,8.057,1.722,0.932,49.911,3.08,NORMAL
7624,2026-08-01 02:07:03,TR-101,LT-002,227.07,8.059,1.744,0.953,50.087,3.18,NORMAL
7655,2026-08-01 02:07:34,TR-103,LT-005,234.33,7.779,1.715,0.941,49.992,2.15,NORMAL
4520,2026-08-01 01:15:19,TR-102,LT-006,226.41,7.823,1.595,0.9,49.957,1.32,NORMAL
2518,2026-08-01 00:41:57,TR-101,LT-002,221.12,10.545,2.196,0.942,49.963,0.74,NORMAL
4837,2026-08-01 01:20:36,TR-104,LT-002,228.13,5.97,1.279,0.939,49.965,0.85,NORMAL
2886,2026-08-01 00:48:05,TR-104,LT-006,228.0,10.163,2.112,0.912,50.094,1.14,NORMAL
7282,2026-08-01 02:01:21,TR-103,LT-004,235.47,6.082,1.338,0.934,49.925,1.96,NORMAL
6256,2026-08-01 01:44:15,TR-101,LT-005,221.18,7.355,1.533,0.942,50.016,2.0,NORMAL
4540,2026-08-01 01:15:39,TR-103,LT-006,233.06,6.533,1.411,0.927,49.913,1.5,NORMAL
5640,2026-08-01 01:33:59,TR-102,LT-002,230.93,8.215,1.811,0.955,49.953,2.78,NORMAL
9460,2026-08-01 00:04:19,TR-102,LT-004,83.56,0.461,0.017,0.446,49.834,39.34,POSSIBLE_BROKEN_LT
3482,2026-08-01 00:58:01,TR-102,LT-006,219.59,8.673,1.777,0.933,50.104,1.77,NORMAL
1278,2026-08-01 00:21:17,TR-103,LT-006,231.57,8.795,1.848,0.907,49.843,3.11,NORMAL
3147,2026-08-01 00:52:26,TR-103,LT-006,227.17,6.612,1.415,0.942,49.871,0.05,NORMAL
8263,2026-08-01 00:04:22,TR-102,LT-004,164.58,5.265,0.823,0.95,50.037,17.41,WARNING
3206,2026-08-01 00:53:25,TR-104,LT-004,227.29,7.907,1.674,0.931,50.076,1.19,NORMAL
9893,2026-08-01 00:11:32,TR-101,LT-002,72.08,0.51,0.016,0.448,49.984,30.25,POSSIBLE_BROKEN_LT
2743,2026-08-01 00:45:42,TR-103,LT-006,230.17,6.347,1.41,0.965,50.02,2.99,NORMAL
6077,2026-08-01 01:41:16,TR-102,LT-005,224.89,7.133,1.494,0.931,49.887,0.64,NORMAL
4048,2026-08-01 01:07:27,TR-102,LT-003,241.26,8.658,1.921,0.92,49.915,1.22,NORMAL
5732,2026-08-01 01:35:31,TR-101,LT-002,230.17,7.896,1.786,0.983,49.997,1.47,NORMAL
2946,2026-08-01 00:49:05,TR-101,LT-002,225.41,10.42,2.249,0.957,49.995,4.44,NORMAL
5791,2026-08-01 01:36:30,TR-102,LT-004,223.5,6.358,1.368,0.963,49.963,1.76,NORMAL
6795,2026-08-01 01:53:14,TR-102,LT-003,229.2,9.335,2.039,0.953,50.187,2.54,NORMAL
6544,2026-08-01 01:49:03,TR-103,LT-006,229.29,8.423,1.813,0.939,50.13,1.5,NORMAL
701,2026-08-01 00:11:40,TR-102,LT-001,227.91,11.184,2.497,0.98,49.933,2.6,NORMAL
3575,2026-08-01 00:59:34,TR-101,LT-006,224.92,6.818,1.412,0.921,50.19,1.57,NORMAL
7700,2026-08-01 02:08:19,TR-103,LT-003,233.4,5.964,1.329,0.955,49.906,2.61,NORMAL
2516,2026-08-01 00:41:55,TR-104,LT-004,231.31,9.932,2.213,0.963,50.009,3.47,NORMAL
3001,2026-08-01 00:50:00,TR-103,LT-002,222.37,5.644,1.188,0.947,50.031,1.22,NORMAL
5821,2026-08-01 01:37:00,TR-104,LT-006,230.13,8.575,1.884,0.955,49.972,0.32,NORMAL
8582,2026-08-01 00:09:41,TR-104,LT-001,190.46,10.49,1.945,0.974,49.888,12.31,WARNING
3685,2026-08-01 01:01:24,TR-101,LT-002,232.41,10.366,2.176,0.903,49.96,1.91,NORMAL
2996,2026-08-01 00:49:55,TR-103,LT-006,230.31,8.483,1.834,0.939,50.025,2.74,NORMAL
4253,2026-08-01 01:10:52,TR-103,LT-001,230.84,12.737,2.764,0.94,49.964,3.12,NORMAL
3412,2026-08-01 00:56:51,TR-104,LT-004,228.39,3.947,0.838,0.93,49.961,2.43,NORMAL
7963,2026-08-01 02:12:42,TR-102,LT-001,226.88,4.853,1.01,0.918,50.003,0.19,NORMAL
6310,2026-08-01 01:45:09,TR-102,LT-006,230.12,8.025,1.694,0.917,50.064,2.95,NORMAL
8612,2026-08-01 00:10:11,TR-103,LT-001,166.59,6.446,0.961,0.895,50.02,13.92,WARNING
5013,2026-08-01 01:23:32,TR-103,LT-004,230.04,5.496,1.159,0.916,49.921,2.38,NORMAL
7751,2026-08-01 02:09:10,TR-104,LT-004,230.09,10.152,2.246,0.962,50.013,1.38,NORMAL
5980,2026-08-01 01:39:39,TR-104,LT-003,231.95,8.463,1.813,0.924,49.887,1.71,NORMAL
4049,2026-08-01 01:07:28,TR-102,LT-002,229.58,10.035,2.213,0.96,49.996,2.13,NORMAL
4900,2026-08-01 01:21:39,TR-101,LT-002,232.42,9.571,2.015,0.906,50.149,2.38,NORMAL
1319,2026-08-01 00:21:58,TR-102,LT-006,227.56,7.072,1.555,0.966,50.126,2.62,NORMAL
9773,2026-08-01 00:09:32,TR-104,LT-006,80.17,0.033,0.001,0.353,49.994,38.09,POSSIBLE_BROKEN_LT
9138,2026-08-01 00:18:57,TR-104,LT-002,198.57,8.626,1.361,0.794,49.977,11.66,WARNING
7143,2026-08-01 01:59:02,TR-102,LT-001,230.14,4.554,0.943,0.899,50.093,2.27,NORMAL
1898,2026-08-01 00:31:37,TR-102,LT-001,236.39,7.459,1.701,0.965,49.927,2.14,NORMAL
7466,2026-08-01 02:04:25,TR-103,LT-005,226.56,11.066,2.298,0.916,50.073,1.85,NORMAL
604,2026-08-01 00:10:03,TR-103,LT-003,235.42,8.838,1.945,0.935,49.998,2.99,NORMAL
2847,2026-08-01 00:47:26,TR-102,LT-001,227.64,10.54,2.269,0.946,49.944,2.94,NORMAL
8208,2026-08-01 00:03:27,TR-104,LT-006,162.09,6.394,0.868,0.838,50.068,3.52,WARNING
394,2026-08-01 00:06:33,TR-101,LT-002,237.33,7.308,1.631,0.94,50.022,1.14,NORMAL
4437,2026-08-01 01:13:56,TR-103,LT-004,234.69,8.619,1.872,0.926,50.039,1.72,NORMAL
9448,2026-08-01 00:04:07,TR-103,LT-001,107.28,0.451,0.017,0.345,50.035,39.96,POSSIBLE_BROKEN_LT
7235,2026-08-01 02:00:34,TR-103,LT-002,227.49,9.713,2.18,0.986,50.038,0.55,NORMAL
5399,2026-08-01 01:29:58,TR-102,LT-002,222.43,6.83,1.51,0.994,50.013,1.05,NORMAL
96,2026-08-01 00:01:35,TR-102,LT-001,224.15,13.273,2.729,0.917,50.044,2.38,NORMAL
1663,2026-08-01 00:27:42,TR-102,LT-001,221.51,7.31,1.482,0.915,49.968,2.18,NORMAL
8971,2026-08-01 00:16:10,TR-104,LT-004,181.57,11.197,1.648,0.811,50.021,8.91,WARNING
5131,2026-08-01 01:25:30,TR-103,LT-002,231.74,7.953,1.687,0.916,50.058,3.29,NORMAL
1489,2026-08-01 00:24:48,TR-101,LT-001,223.9,7.04,1.441,0.914,50.17,3.96,NORMAL
8317,2026-08-01 00:05:16,TR-102,LT-006,178.58,12.714,2.039,0.898,50.08,8.63,WARNING
2708,2026-08-01 00:45:07,TR-101,LT-003,230.1,6.212,1.283,0.898,50.011,0.11,NORMAL
1596,2026-08-01 00:26:35,TR-102,LT-001,225.96,7.097,1.444,0.9,49.953,2.37,NORMAL
9278,2026-08-01 00:01:17,TR-103,LT-002,64.24,0.482,0.016,0.522,50.0,37.54,POSSIBLE_BROKEN_LT
2378,2026-08-01 00:39:37,TR-101,LT-004,224.7,9.583,1.997,0.928,50.04,1.53,NORMAL
5141,2026-08-01 01:25:40,TR-104,LT-005,227.7,8.067,1.665,0.906,49.991,3.53,NORMAL
6148,2026-08-01 01:42:27,TR-102,LT-005,228.51,12.786,2.695,0.922,50.151,3.21,NORMAL
8242,2026-08-01 00:04:01,TR-101,LT-003,178.01,11.023,1.583,0.807,49.98,6.52,WARNING
3949,2026-08-01 01:05:48,TR-101,LT-001,228.88,6.35,1.383,0.952,49.882,0.74,NORMAL
3934,2026-08-01 01:05:33,TR-103,LT-006,233.04,9.814,2.182,0.954,49.982,1.94,NORMAL
4798,2026-08-01 01:19:57,TR-104,LT-002,222.2,6.733,1.424,0.952,49.889,1.33,NORMAL
4373,2026-08-01 01:12:52,TR-104,LT-005,225.63,9.076,2.006,0.98,49.875,1.37,NORMAL
9863,2026-08-01 00:11:02,TR-101,LT-002,58.45,0.059,0.001,0.348,50.163,36.9,POSSIBLE_BROKEN_LT
8243,2026-08-01 00:04:02,TR-101,LT-004,163.53,7.733,1.043,0.825,49.9,16.12,WARNING
3449,2026-08-01 00:57:28,TR-101,LT-001,228.45,9.922,2.197,0.969,49.998,2.65,NORMAL
2944,2026-08-01 00:49:03,TR-104,LT-001,229.24,7.306,1.538,0.918,49.987,2.2,NORMAL
2466,2026-08-01 00:41:05,TR-104,LT-002,233.55,6.582,1.434,0.933,50.017,0.78,NORMAL
8583,2026-08-01 00:09:42,TR-103,LT-003,176.21,5.719,0.914,0.907,49.868,10.36,WARNING
5507,2026-08-01 01:31:46,TR-103,LT-005,225.8,9.767,2.086,0.946,50.06,2.03,NORMAL
2699,2026-08-01 00:44:58,TR-104,LT-005,232.49,9.042,1.945,0.925,50.037,2.56,NORMAL
2448,2026-08-01 00:40:47,TR-104,LT-004,229.06,5.898,1.289,0.954,49.926,1.27,NORMAL
20,2026-08-01 00:00:19,TR-104,LT-003,224.35,9.956,2.155,0.965,50.027,1.72,NORMAL
2749,2026-08-01 00:45:48,TR-103,LT-003,231.55,4.211,0.933,0.957,49.946,1.3,NORMAL
5400,2026-08-01 01:29:59,TR-102,LT-003,231.25,10.348,2.286,0.955,50.106,1.16,NORMAL
8079,2026-08-01 00:01:18,TR-104,LT-004,210.84,4.976,0.969,0.923,50.11,9.73,WARNING
6872,2026-08-01 01:54:31,TR-101,LT-006,232.67,9.731,2.159,0.954,49.865,1.37,NORMAL
4709,2026-08-01 01:18:28,TR-103,LT-001,233.82,14.568,3.133,0.92,50.155,1.87,NORMAL
9477,2026-08-01 00:04:36,TR-104,LT-004,96.63,0.589,0.042,0.742,50.015,39.15,POSSIBLE_BROKEN_LT
810,2026-08-01 00:13:29,TR-102,LT-001,226.42,9.535,1.954,0.905,49.957,1.78,NORMAL
7478,2026-08-01 02:04:37,TR-103,LT-003,230.78,9.768,2.162,0.959,50.0,2.32,NORMAL
2274,2026-08-01 00:37:53,TR-103,LT-006,230.14,9.879,2.086,0.917,50.066,1.19,NORMAL
1924,2026-08-01 00:32:03,TR-103,LT-003,230.96,10.094,2.154,0.924,50.041,4.28,NORMAL
1471,2026-08-01 00:24:30,TR-101,LT-003,234.79,8.825,1.921,0.927,50.006,2.09,NORMAL
7935,2026-08-01 02:12:14,TR-104,LT-004,229.24,9.33,1.985,0.928,49.939,1.3,NORMAL
7408,2026-08-01 02:03:27,TR-103,LT-005,232.8,8.039,1.76,0.941,49.798,3.44,NORMAL
2407,2026-08-01 00:40:06,TR-102,LT-004,224.8,8.242,1.803,0.973,50.078,2.83,NORMAL
1143,2026-08-01 00:19:02,TR-104,LT-003,229.4,8.498,1.8,0.924,50.03,3.63,NORMAL
1748,2026-08-01 00:29:07,TR-101,LT-003,232.0,5.686,1.149,0.871,49.828,1.82,NORMAL
5710,2026-08-01 01:35:09,TR-102,LT-004,237.59,9.258,2.029,0.923,50.126,2.33,NORMAL
4976,2026-08-01 01:22:55,TR-104,LT-002,224.5,9.581,2.061,0.958,49.94,0.45,NORMAL
7301,2026-08-01 02:01:40,TR-103,LT-003,227.36,3.138,0.689,0.965,49.931,2.65,NORMAL
8149,2026-08-01 00:02:28,TR-102,LT-002,209.42,6.89,1.092,0.757,50.023,13.25,WARNING
2834,2026-08-01 00:47:13,TR-102,LT-003,228.9,7.498,1.592,0.928,49.916,1.67,NORMAL
3132,2026-08-01 00:52:11,TR-103,LT-003,229.85,8.79,1.811,0.896,49.949,2.11,NORMAL
1311,2026-08-01 00:21:50,TR-101,LT-005,229.9,11.847,2.53,0.929,50.104,1.01,NORMAL
8651,2026-08-01 00:10:50,TR-103,LT-005,183.23,8.733,1.376,0.86,50.006,5.11,WARNING
6775,2026-08-01 01:52:54,TR-103,LT-003,225.61,9.996,2.136,0.947,50.026,1.97,NORMAL
6757,2026-08-01 01:52:36,TR-103,LT-005,231.38,9.114,1.885,0.894,50.021,1.29,NORMAL
621,2026-08-01 00:10:20,TR-104,LT-004,226.84,6.42,1.346,0.925,49.964,0.95,NORMAL
2702,2026-08-01 00:45:01,TR-101,LT-005,234.36,9.226,2.103,0.973,50.001,2.11,NORMAL
2200,2026-08-01 00:36:39,TR-104,LT-006,231.95,8.614,1.805,0.903,50.168,0.36,NORMAL
6197,2026-08-01 01:43:16,TR-103,LT-004,224.28,8.276,1.81,0.975,50.121,0.77,NORMAL
8825,2026-08-01 00:13:44,TR-101,LT-004,146.43,16.222,2.007,0.845,49.926,24.21,WARNING
1047,2026-08-01 00:17:26,TR-103,LT-006,232.61,10.557,2.337,0.952,49.973,3.83,NORMAL
5769,2026-08-01 01:36:08,TR-103,LT-006,230.82,6.154,1.316,0.926,49.963,4.57,NORMAL
9948,2026-08-01 00:12:27,TR-102,LT-001,81.67,0.505,0.027,0.651,50.013,33.6,POSSIBLE_BROKEN_LT
9020,2026-08-01 00:16:59,TR-104,LT-005,214.99,11.349,2.109,0.864,50.011,10.64,WARNING
744,2026-08-01 00:12:23,TR-103,LT-004,230.1,9.77,2.139,0.951,50.018,2.46,NORMAL
223,2026-08-01 00:03:42,TR-102,LT-003,232.75,9.089,1.996,0.944,49.953,1.91,NORMAL
3150,2026-08-01 00:52:29,TR-102,LT-002,226.41,9.822,2.099,0.944,49.983,1.28,NORMAL
626,2026-08-01 00:10:25,TR-104,LT-002,227.96,8.422,1.736,0.904,49.985,2.56,NORMAL
9335,2026-08-01 00:02:14,TR-101,LT-004,78.2,0.56,0.015,0.353,49.941,39.01,POSSIBLE_BROKEN_LT
7567,2026-08-01 02:06:06,TR-103,LT-003,228.57,6.302,1.335,0.927,50.158,1.12,NORMAL
4583,2026-08-01 01:16:22,TR-103,LT-003,229.98,7.807,1.657,0.923,49.977,0.61,NORMAL
5712,2026-08-01 01:35:11,TR-101,LT-006,225.86,5.897,1.264,0.949,49.987,0.03,NORMAL
3285,2026-08-01 00:54:44,TR-102,LT-001,223.75,6.71,1.399,0.932,50.043,2.24,NORMAL
7586,2026-08-01 02:06:25,TR-101,LT-006,226.71,10.166,2.207,0.957,49.957,2.88,NORMAL
9647,2026-08-01 00:07:26,TR-104,LT-003,95.17,0.605,0.031,0.539,50.006,26.75,POSSIBLE_BROKEN_LT
1531,2026-08-01 00:25:30,TR-104,LT-001,230.56,9.619,2.115,0.954,49.967,2.31,NORMAL
9686,2026-08-01 00:08:05,TR-102,LT-003,78.44,0.583,0.011,0.247,49.959,44.44,POSSIBLE_BROKEN_LT
354,2026-08-01 00:05:53,TR-101,LT-001,229.36,9.541,1.945,0.889,50.021,2.12,NORMAL
2475,2026-08-01 00:41:14,TR-101,LT-004,231.22,8.726,1.937,0.96,49.943,3.71,NORMAL
8014,2026-08-01 00:00:13,TR-104,LT-004,175.09,6.719,0.997,0.848,50.171,13.43,WARNING
6476,2026-08-01 01:47:55,TR-104,LT-004,232.46,8.984,1.923,0.921,49.937,2.38,NORMAL
6450,2026-08-01 01:47:29,TR-103,LT-004,231.34,10.264,2.185,0.92,50.042,0.99,NORMAL
240,2026-08-01 00:03:59,TR-104,LT-005,233.41,6.07,1.336,0.943,49.997,3.88,NORMAL
2626,2026-08-01 00:43:45,TR-103,LT-006,226.56,7.429,1.505,0.894,50.088,2.59,NORMAL
9787,2026-08-01 00:09:46,TR-101,LT-004,82.09,0.148,0.006,0.486,50.047,31.15,POSSIBLE_BROKEN_LT
7199,2026-08-01 01:59:58,TR-102,LT-001,237.1,11.371,2.528,0.937,50.015,2.35,NORMAL
7693,2026-08-01 02:08:12,TR-102,LT-003,235.97,7.511,1.707,0.963,50.087,1.57,NORMAL
2998,2026-08-01 00:49:57,TR-102,LT-004,225.03,10.359,2.192,0.941,49.934,1.22,NORMAL
6441,2026-08-01 01:47:20,TR-102,LT-001,222.4,10.512,2.258,0.966,50.028,0.73,NORMAL
4563,2026-08-01 01:16:02,TR-104,LT-006,226.41,7.165,1.549,0.955,50.064,0.5,NORMAL
8615,2026-08-01 00:10:14,TR-102,LT-004,225.0,10.393,1.65,0.706,49.99,16.47,WARNING
1480,2026-08-01 00:24:39,TR-103,LT-002,228.25,10.088,2.129,0.925,49.919,1.99,NORMAL
1019,2026-08-01 00:16:58,TR-104,LT-002,228.72,7.611,1.644,0.944,50.052,2.97,NORMAL
3095,2026-08-01 00:51:34,TR-103,LT-005,226.54,6.805,1.511,0.98,49.927,2.85,NORMAL
6183,2026-08-01 01:43:02,TR-102,LT-006,223.08,7.629,1.582,0.93,50.169,2.82,NORMAL
4961,2026-08-01 01:22:40,TR-101,LT-004,228.73,10.181,2.16,0.928,49.927,1.45,NORMAL
8493,2026-08-01 00:08:12,TR-102,LT-005,159.08,10.166,1.336,0.826,50.149,15.73,WARNING
1104,2026-08-01 00:18:23,TR-103,LT-001,229.44,10.756,2.455,0.995,50.009,3.07,NORMAL
6082,2026-08-01 01:41:21,TR-101,LT-006,231.28,11.664,2.578,0.956,49.92,2.81,NORMAL
9526,2026-08-01 00:05:25,TR-103,LT-006,59.79,0.31,0.014,0.753,50.041,36.49,POSSIBLE_BROKEN_LT
5191,2026-08-01 01:26:30,TR-102,LT-004,227.46,6.27,1.335,0.936,50.093,2.64,NORMAL
4182,2026-08-01 01:09:41,TR-102,LT-004,227.96,8.606,1.876,0.956,50.116,0.48,NORMAL
4468,2026-08-01 01:14:27,TR-103,LT-005,231.67,8.844,1.919,0.936,50.019,1.7,NORMAL
1627,2026-08-01 00:27:06,TR-104,LT-004,228.21,8.37,1.866,0.977,49.987,2.52,NORMAL
6718,2026-08-01 01:51:57,TR-104,LT-002,229.68,7.425,1.61,0.944,49.947,0.39,NORMAL
3799,2026-08-01 01:03:18,TR-101,LT-004,226.03,11.459,2.478,0.957,49.911,1.68,NORMAL
3054,2026-08-01 00:50:53,TR-101,LT-001,226.86,8.001,1.73,0.953,50.013,0.84,NORMAL
2868,2026-08-01 00:47:47,TR-103,LT-001,226.45,6.411,1.318,0.908,50.085,2.09,NORMAL
1433,2026-08-01 00:23:52,TR-103,LT-001,233.44,7.436,1.715,0.988,50.03,2.54,NORMAL
7984,2026-08-01 02:13:03,TR-103,LT-003,237.56,7.287,1.619,0.935,49.935,1.89,NORMAL
9347,2026-08-01 00:02:26,TR-104,LT-001,88.94,0.463,0.015,0.357,50.016,31.2,POSSIBLE_BROKEN_LT
9420,2026-08-01 00:03:39,TR-104,LT-005,69.19,0.268,0.012,0.647,50.033,41.26,POSSIBLE_BROKEN_LT
4077,2026-08-01 01:07:56,TR-104,LT-001,228.55,7.978,1.774,0.973,49.974,0.3,NORMAL
218,2026-08-01 00:03:37,TR-102,LT-003,229.05,3.905,0.817,0.914,49.913,0.57,NORMAL
3556,2026-08-01 00:59:15,TR-101,LT-004,229.87,9.017,1.868,0.901,50.014,1.28,NORMAL
7937,2026-08-01 02:12:16,TR-101,LT-005,221.13,5.481,1.097,0.905,50.051,1.43,NORMAL
8422,2026-08-01 00:07:01,TR-101,LT-006,160.58,10.135,1.388,0.853,50.073,14.27,WARNING
1035,2026-08-01 00:17:14,TR-104,LT-001,228.07,7.941,1.704,0.941,50.05,1.34,NORMAL
3774,2026-08-01 01:02:53,TR-102,LT-002,226.96,8.934,1.895,0.935,50.0,1.09,NORMAL
4133,2026-08-01 01:08:52,TR-103,LT-003,234.28,5.914,1.288,0.93,49.985,3.25,NORMAL
2336,2026-08-01 00:38:55,TR-103,LT-001,232.3,7.866,1.695,0.928,50.073,1.3,NORMAL
6493,2026-08-01 01:48:12,TR-103,LT-006,233.83,6.58,1.515,0.985,50.059,2.55,NORMAL
1483,2026-08-01 00:24:42,TR-101,LT-003,236.91,5.182,1.159,0.944,50.01,1.69,NORMAL
907,2026-08-01 00:15:06,TR-103,LT-005,224.56,9.468,2.014,0.947,49.883,0.71,NORMAL
6089,2026-08-01 01:41:28,TR-101,LT-006,231.06,6.664,1.474,0.957,50.074,1.73,NORMAL
6467,2026-08-01 01:47:46,TR-101,LT-003,226.6,11.55,2.433,0.93,49.88,0.05,NORMAL
5677,2026-08-01 01:34:36,TR-104,LT-006,230.72,7.292,1.607,0.955,49.932,1.62,NORMAL
2771,2026-08-01 00:46:10,TR-102,LT-006,229.18,10.475,2.259,0.941,50.018,2.55,NORMAL
1806,2026-08-01 00:30:05,TR-103,LT-001,223.66,5.377,1.1,0.915,50.096,1.35,NORMAL
7375,2026-08-01 02:02:54,TR-102,LT-004,231.88,4.607,1.012,0.947,50.038,1.39,NORMAL
2115,2026-08-01 00:35:14,TR-103,LT-006,232.96,7.438,1.664,0.96,50.047,1.54,NORMAL
4535,2026-08-01 01:15:34,TR-104,LT-001,232.97,6.594,1.412,0.919,50.008,2.67,NORMAL
2532,2026-08-01 00:42:11,TR-101,LT-005,226.29,6.947,1.47,0.935,49.892,1.52,NORMAL
8526,2026-08-01 00:08:45,TR-101,LT-006,186.89,6.869,1.137,0.886,50.007,17.68,WARNING
3471,2026-08-01 00:57:50,TR-104,LT-001,229.63,10.574,2.22,0.914,50.145,2.09,NORMAL
1403,2026-08-01 00:23:22,TR-104,LT-004,234.74,4.826,1.104,0.974,50.002,1.84,NORMAL
853,2026-08-01 00:14:12,TR-102,LT-006,227.45,4.67,1.0,0.942,50.045,0.9,NORMAL
3083,2026-08-01 00:51:22,TR-103,LT-003,222.13,9.08,1.918,0.951,50.022,2.5,NORMAL
8025,2026-08-01 00:00:24,TR-101,LT-003,183.21,11.226,1.785,0.868,49.818,5.9,WARNING
7566,2026-08-01 02:06:05,TR-104,LT-006,223.12,8.572,1.793,0.937,50.196,0.79,NORMAL
5530,2026-08-01 01:32:09,TR-103,LT-002,229.56,9.133,2.012,0.959,49.997,1.49,NORMAL
7855,2026-08-01 02:10:54,TR-104,LT-003,226.0,6.112,1.309,0.948,50.094,2.81,NORMAL
4933,2026-08-01 01:22:12,TR-102,LT-003,236.14,9.886,2.021,0.866,49.941,1.81,NORMAL
5160,2026-08-01 01:25:59,TR-103,LT-006,225.48,10.305,2.172,0.935,49.959,1.9,NORMAL
9716,2026-08-01 00:08:35,TR-101,LT-003,76.44,0.282,0.009,0.419,50.061,38.84,POSSIBLE_BROKEN_LT
3847,2026-08-01 01:04:06,TR-104,LT-006,234.36,10.066,2.168,0.919,50.053,3.36,NORMAL
6484,2026-08-01 01:48:03,TR-104,LT-003,228.67,8.704,1.904,0.957,49.957,2.61,NORMAL
748,2026-08-01 00:12:27,TR-102,LT-005,226.98,7.455,1.665,0.984,49.986,1.01,NORMAL
3035,2026-08-01 00:50:34,TR-104,LT-001,230.24,6.244,1.373,0.955,50.025,0.92,NORMAL
348,2026-08-01 00:05:47,TR-102,LT-001,224.37,8.632,1.838,0.949,50.005,2.19,NORMAL
3352,2026-08-01 00:55:51,TR-103,LT-002,228.64,9.077,1.938,0.934,50.078,0.03,NORMAL
2865,2026-08-01 00:47:44,TR-103,LT-006,231.63,7.9,1.721,0.94,49.937,2.03,NORMAL
2168,2026-08-01 00:36:07,TR-104,LT-004,224.97,8.233,1.762,0.952,50.014,1.05,NORMAL
6955,2026-08-01 01:55:54,TR-101,LT-005,226.01,9.006,1.891,0.929,49.966,3.07,NORMAL
6210,2026-08-01 01:43:29,TR-102,LT-006,227.36,9.189,1.995,0.955,49.914,1.55,NORMAL
2778,2026-08-01 00:46:17,TR-101,LT-004,229.03,7.385,1.631,0.964,49.918,3.26,NORMAL
1442,2026-08-01 00:24:01,TR-101,LT-006,234.69,7.498,1.601,0.91,49.948,2.2,NORMAL
5658,2026-08-01 01:34:17,TR-101,LT-002,229.82,10.298,2.268,0.958,49.953,2.78,NORMAL
9658,2026-08-01 00:07:37,TR-103,LT-001,59.36,0.227,0.007,0.546,49.961,38.5,POSSIBLE_BROKEN_LT
3028,2026-08-01 00:50:27,TR-104,LT-004,231.8,5.166,1.133,0.946,50.02,2.94,NORMAL
6118,2026-08-01 01:41:57,TR-103,LT-005,226.65,11.204,2.403,0.946,50.114,1.13,NORMAL
2484,2026-08-01 00:41:23,TR-101,LT-004,226.93,9.224,2.038,0.974,50.078,2.77,NORMAL
2883,2026-08-01 00:48:02,TR-103,LT-002,227.57,7.037,1.489,0.93,49.933,1.18,NORMAL
5562,2026-08-01 01:32:41,TR-104,LT-001,229.89,8.341,1.875,0.978,49.92,2.77,NORMAL
764,2026-08-01 00:12:43,TR-101,LT-001,229.62,9.158,1.955,0.93,49.979,2.87,NORMAL
6482,2026-08-01 01:48:01,TR-104,LT-005,221.89,5.836,1.239,0.957,49.953,1.69,NORMAL
1617,2026-08-01 00:26:56,TR-102,LT-006,231.2,10.031,2.191,0.945,49.906,1.87,NORMAL
1223,2026-08-01 00:20:22,TR-101,LT-005,232.54,9.878,2.145,0.934,50.014,3.45,NORMAL
8665,2026-08-01 00:11:04,TR-103,LT-005,173.59,13.192,2.177,0.951,50.04,9.77,WARNING
6222,2026-08-01 01:43:41,TR-103,LT-004,229.87,9.844,2.137,0.944,50.011,3.01,NORMAL
1577,2026-08-01 00:26:16,TR-102,LT-001,223.54,4.779,0.991,0.928,49.943,1.52,NORMAL
9392,2026-08-01 00:03:11,TR-104,LT-006,65.23,0.01,0.0,0.229,50.094,25.4,POSSIBLE_BROKEN_LT
6351,2026-08-01 01:45:50,TR-104,LT-004,241.12,10.392,2.266,0.904,50.012,2.06,NORMAL
3783,2026-08-01 01:03:02,TR-104,LT-001,225.83,4.328,0.922,0.944,50.086,2.72,NORMAL
4375,2026-08-01 01:12:54,TR-104,LT-006,233.98,6.311,1.376,0.932,50.07,1.41,NORMAL
709,2026-08-01 00:11:48,TR-101,LT-004,221.67,10.83,2.283,0.951,50.024,3.11,NORMAL
510,2026-08-01 00:08:29,TR-103,LT-001,226.68,9.187,1.965,0.943,50.005,2.18,NORMAL
2955,2026-08-01 00:49:14,TR-104,LT-004,226.2,6.659,1.412,0.938,50.136,0.7,NORMAL
7538,2026-08-01 02:05:37,TR-103,LT-004,221.52,4.925,1.031,0.945,49.99,0.8,NORMAL
6339,2026-08-01 01:45:38,TR-101,LT-006,230.56,6.131,1.3,0.92,49.939,2.99,NORMAL
8923,2026-08-01 00:15:22,TR-104,LT-005,210.15,12.526,2.452,0.931,50.101,10.59,WARNING
7064,2026-08-01 01:57:43,TR-103,LT-001,230.47,7.022,1.479,0.914,50.075,0.25,NORMAL
7163,2026-08-01 01:59:22,TR-104,LT-004,232.19,0.73,0.166,0.982,49.884,0.41,NORMAL
7372,2026-08-01 02:02:51,TR-104,LT-003,230.23,11.095,2.379,0.931,49.994,1.05,NORMAL
6829,2026-08-01 01:53:48,TR-104,LT-003,229.31,10.202,2.226,0.951,50.157,1.48,NORMAL
3616,2026-08-01 01:00:15,TR-102,LT-002,232.94,8.063,1.827,0.973,49.991,3.43,NORMAL
4657,2026-08-01 01:17:36,TR-104,LT-005,228.74,10.689,2.278,0.932,49.852,1.06,NORMAL
6976,2026-08-01 01:56:15,TR-103,LT-002,230.1,7.332,1.61,0.955,49.966,2.53,NORMAL
4351,2026-08-01 01:12:30,TR-101,LT-005,221.86,6.705,1.37,0.921,50.107,1.64,NORMAL
712,2026-08-01 00:11:51,TR-104,LT-001,229.61,7.095,1.525,0.936,49.974,0.88,NORMAL
6479,2026-08-01 01:47:58,TR-104,LT-001,229.02,6.588,1.424,0.944,49.994,3.32,NORMAL
9130,2026-08-01 00:18:49,TR-104,LT-001,181.59,7.732,1.195,0.851,49.979,8.82,WARNING
8205,2026-08-01 00:03:24,TR-101,LT-003,177.7,12.138,1.766,0.819,50.09,5.45,WARNING
9204,2026-08-01 00:00:03,TR-104,LT-001,65.19,0.52,0.016,0.458,50.021,44.36,POSSIBLE_BROKEN_LT
713,2026-08-01 00:11:52,TR-103,LT-006,227.82,5.664,1.223,0.948,49.977,3.25,NORMAL
9113,2026-08-01 00:18:32,TR-102,LT-002,181.18,11.978,1.712,0.789,50.064,6.33,WARNING
1246,2026-08-01 00:20:45,TR-102,LT-001,225.1,6.473,1.355,0.93,50.01,1.07,NORMAL
9786,2026-08-01 00:09:45,TR-104,LT-001,73.86,0.376,0.014,0.493,49.841,38.58,POSSIBLE_BROKEN_LT
6849,2026-08-01 01:54:08,TR-104,LT-005,240.12,10.567,2.364,0.932,49.94,2.94,NORMAL
5134,2026-08-01 01:25:33,TR-101,LT-002,231.81,7.997,1.765,0.952,49.922,2.08,NORMAL
716,2026-08-01 00:11:55,TR-103,LT-005,234.41,9.133,2.005,0.937,49.797,0.23,NORMAL
3464,2026-08-01 00:57:43,TR-102,LT-005,234.09,4.98,1.114,0.956,50.12,2.33,NORMAL
4395,2026-08-01 01:13:14,TR-102,LT-006,233.36,6.608,1.423,0.923,49.949,0.77,NORMAL
4569,2026-08-01 01:16:08,TR-104,LT-005,235.81,4.656,0.994,0.905,50.05,2.62,NORMAL
8804,2026-08-01 00:13:23,TR-101,LT-003,163.19,12.23,1.698,0.851,50.055,21.9,WARNING
8490,2026-08-01 00:08:09,TR-104,LT-006,149.43,9.491,1.129,0.796,49.961,3.38,WARNING
7702,2026-08-01 02:08:21,TR-103,LT-006,225.55,8.827,1.836,0.922,49.795,2.04,NORMAL
213,2026-08-01 00:03:32,TR-102,LT-006,233.82,6.426,1.461,0.972,50.013,2.7,NORMAL
9768,2026-08-01 00:09:27,TR-104,LT-006,65.3,0.322,0.009,0.412,49.905,32.63,POSSIBLE_BROKEN_LT
6839,2026-08-01 01:53:58,TR-101,LT-004,227.69,8.629,1.965,1.0,50.09,1.46,NORMAL
1011,2026-08-01 00:16:50,TR-102,LT-003,235.27,8.684,1.899,0.929,49.943,1.43,NORMAL
324,2026-08-01 00:05:23,TR-103,LT-006,238.37,11.283,2.538,0.944,50.096,0.89,NORMAL
5397,2026-08-01 01:29:56,TR-101,LT-002,230.96,8.565,1.76,0.89,49.934,2.14,NORMAL
5991,2026-08-01 01:39:50,TR-101,LT-002,232.15,5.417,1.164,0.925,50.075,1.78,NORMAL
3173,2026-08-01 00:52:52,TR-104,LT-003,224.73,5.628,1.152,0.911,49.82,2.75,NORMAL
335,2026-08-01 00:05:34,TR-102,LT-005,233.9,10.063,2.254,0.957,49.997,1.56,NORMAL
8306,2026-08-01 00:05:05,TR-102,LT-005,149.31,9.464,1.155,0.817,49.998,4.89,WARNING
2211,2026-08-01 00:36:50,TR-102,LT-005,225.0,7.378,1.457,0.878,49.945,1.22,NORMAL
4272,2026-08-01 01:11:11,TR-101,LT-001,227.91,8.34,1.773,0.933,50.11,2.11,NORMAL
6741,2026-08-01 01:52:20,TR-102,LT-003,223.16,9.085,1.886,0.93,49.898,2.37,NORMAL
234,2026-08-01 00:03:53,TR-104,LT-004,227.39,6.842,1.458,0.937,49.949,1.43,NORMAL
5951,2026-08-01 01:39:10,TR-103,LT-005,230.55,6.74,1.453,0.935,50.075,2.63,NORMAL
5738,2026-08-01 01:35:37,TR-104,LT-005,235.65,10.234,2.297,0.952,50.054,3.28,NORMAL
7922,2026-08-01 02:12:01,TR-104,LT-006,234.68,6.899,1.542,0.952,49.994,1.97,NORMAL
2349,2026-08-01 00:39:08,TR-104,LT-005,232.77,9.562,2.117,0.951,49.989,2.2,NORMAL
2037,2026-08-01 00:33:56,TR-101,LT-005,231.57,7.391,1.556,0.909,50.013,0.83,NORMAL
7485,2026-08-01 02:04:44,TR-103,LT-005,228.65,8.856,1.922,0.949,49.923,1.75,NORMAL
6007,2026-08-01 01:40:06,TR-103,LT-001,228.72,7.83,1.647,0.92,50.078,0.82,NORMAL
4554,2026-08-01 01:15:53,TR-104,LT-002,226.14,9.211,1.967,0.945,49.859,2.14,NORMAL
8073,2026-08-01 00:01:12,TR-102,LT-005,175.65,13.685,1.93,0.803,49.829,21.85,WARNING
1459,2026-08-01 00:24:18,TR-104,LT-004,235.16,10.091,2.244,0.946,50.099,1.82,NORMAL
3289,2026-08-01 00:54:48,TR-103,LT-001,227.49,6.429,1.405,0.961,50.051,0.26,NORMAL
3065,2026-08-01 00:51:04,TR-101,LT-003,223.94,10.542,2.281,0.966,50.066,0.35,NORMAL
9437,2026-08-01 00:03:56,TR-102,LT-001,60.2,0.01,0.0,0.39,49.948,21.28,POSSIBLE_BROKEN_LT
775,2026-08-01 00:12:54,TR-101,LT-001,232.49,10.868,2.461,0.974,50.02,2.68,NORMAL
6833,2026-08-01 01:53:52,TR-103,LT-004,225.39,9.008,1.845,0.909,49.997,2.62,NORMAL
872,2026-08-01 00:14:31,TR-102,LT-006,226.81,8.164,1.709,0.923,50.032,1.95,NORMAL
8750,2026-08-01 00:12:29,TR-104,LT-003,177.66,5.426,0.863,0.895,50.031,15.16,WARNING
1264,2026-08-01 00:21:03,TR-102,LT-003,226.32,6.467,1.403,0.959,50.024,0.02,NORMAL
4834,2026-08-01 01:20:33,TR-101,LT-006,232.48,10.745,2.431,0.973,49.947,2.0,NORMAL
3895,2026-08-01 01:04:54,TR-103,LT-005,228.43,7.225,1.6,0.97,49.949,2.05,NORMAL
6324,2026-08-01 01:45:23,TR-102,LT-003,235.22,7.485,1.724,0.979,50.017,2.75,NORMAL
9213,2026-08-01 00:00:12,TR-102,LT-005,74.2,0.324,0.011,0.457,49.971,36.04,POSSIBLE_BROKEN_LT
7020,2026-08-01 01:56:59,TR-102,LT-004,230.22,7.579,1.587,0.909,50.028,0.92,NORMAL
1221,2026-08-01 00:20:20,TR-102,LT-006,225.25,8.573,1.878,0.973,50.093,0.07,NORMAL
1447,2026-08-01 00:24:06,TR-101,LT-004,227.89,6.4,1.357,0.93,50.088,2.06,NORMAL
3185,2026-08-01 00:53:04,TR-102,LT-003,226.88,7.068,1.48,0.923,50.009,3.4,NORMAL
409,2026-08-01 00:06:48,TR-103,LT-002,230.48,6.746,1.471,0.946,50.001,1.99,NORMAL
4345,2026-08-01 01:12:24,TR-101,LT-004,227.38,6.159,1.342,0.958,50.094,1.39,NORMAL
3022,2026-08-01 00:50:21,TR-103,LT-005,228.15,4.752,1.024,0.944,50.055,2.27,NORMAL
2304,2026-08-01 00:38:23,TR-101,LT-006,231.0,6.07,1.312,0.936,50.087,2.57,NORMAL
6272,2026-08-01 01:44:31,TR-104,LT-005,232.97,9.896,2.157,0.936,50.085,2.42,NORMAL
8281,2026-08-01 00:04:40,TR-103,LT-001,193.89,5.237,0.807,0.795,50.032,11.26,WARNING
6642,2026-08-01 01:50:41,TR-103,LT-005,237.19,8.45,1.902,0.949,49.983,0.63,NORMAL
6956,2026-08-01 01:55:55,TR-101,LT-001,222.98,8.55,1.835,0.963,50.111,1.16,NORMAL
2110,2026-08-01 00:35:09,TR-103,LT-003,232.41,10.627,2.254,0.913,50.14,3.24,NORMAL
5352,2026-08-01 01:29:11,TR-101,LT-005,231.5,8.932,1.85,0.895,50.04,1.7,NORMAL
9684,2026-08-01 00:08:03,TR-104,LT-005,61.69,0.363,0.011,0.491,50.011,21.55,POSSIBLE_BROKEN_LT
8344,2026-08-01 00:05:43,TR-104,LT-001,168.43,9.933,1.547,0.924,50.081,20.5,WARNING
4550,2026-08-01 01:15:49,TR-101,LT-002,229.08,10.317,2.168,0.917,50.052,2.55,NORMAL
1881,2026-08-01 00:31:20,TR-102,LT-002,233.86,8.092,1.785,0.943,50.007,2.34,NORMAL
5946,2026-08-01 01:39:05,TR-104,LT-004,233.33,8.698,1.817,0.895,49.98,1.33,NORMAL
1738,2026-08-01 00:28:57,TR-101,LT-004,225.73,7.007,1.5,0.948,50.048,3.45,NORMAL
7794,2026-08-01 02:09:53,TR-101,LT-005,228.2,9.246,1.937,0.918,49.972,2.16,NORMAL
5213,2026-08-01 01:26:52,TR-104,LT-003,229.3,8.26,1.79,0.945,49.846,0.35,NORMAL
3209,2026-08-01 00:53:28,TR-103,LT-003,233.6,8.974,1.951,0.931,49.877,3.37,NORMAL
7083,2026-08-01 01:58:02,TR-101,LT-001,226.88,8.072,1.651,0.901,50.057,2.77,NORMAL
2056,2026-08-01 00:34:15,TR-101,LT-003,226.72,8.867,1.948,0.969,49.977,2.12,NORMAL
1689,2026-08-01 00:28:08,TR-103,LT-002,231.13,7.964,1.635,0.888,49.951,2.2,NORMAL
4780,2026-08-01 01:19:39,TR-101,LT-001,217.29,7.826,1.658,0.975,49.888,4.73,NORMAL
7476,2026-08-01 02:04:35,TR-101,LT-003,236.92,7.629,1.726,0.955,49.97,2.66,NORMAL
7877,2026-08-01 02:11:16,TR-102,LT-002,227.63,7.437,1.617,0.955,49.996,1.26,NORMAL
6750,2026-08-01 01:52:29,TR-104,LT-004,229.28,5.91,1.258,0.928,50.08,0.48,NORMAL
8556,2026-08-01 00:09:15,TR-102,LT-003,180.69,12.184,1.832,0.832,50.179,8.35,WARNING
8123,2026-08-01 00:02:02,TR-104,LT-002,186.2,9.72,1.426,0.788,49.986,13.88,WARNING
6991,2026-08-01 01:56:30,TR-103,LT-006,232.35,10.702,2.365,0.951,49.997,2.41,NORMAL
8267,2026-08-01 00:04:26,TR-104,LT-002,199.86,15.477,2.456,0.794,49.987,10.32,WARNING
8540,2026-08-01 00:08:59,TR-104,LT-006,211.79,10.306,1.751,0.802,50.167,9.44,WARNING
3393,2026-08-01 00:56:32,TR-104,LT-001,229.7,9.05,2.011,0.968,50.049,2.03,NORMAL
6326,2026-08-01 01:45:25,TR-103,LT-006,224.35,7.594,1.688,0.991,49.888,1.75,NORMAL
3529,2026-08-01 00:58:48,TR-104,LT-002,222.67,9.192,1.869,0.913,49.981,3.16,NORMAL
4605,2026-08-01 01:16:44,TR-102,LT-004,225.63,9.717,2.033,0.927,49.925,1.62,NORMAL
7024,2026-08-01 01:57:03,TR-102,LT-004,230.13,5.717,1.245,0.946,50.004,1.06,NORMAL
6322,2026-08-01 01:45:21,TR-104,LT-004,229.97,7.054,1.577,0.972,49.996,3.51,NORMAL
746,2026-08-01 00:12:25,TR-102,LT-006,227.1,6.612,1.411,0.94,50.065,1.49,NORMAL
711,2026-08-01 00:11:50,TR-102,LT-003,230.84,7.776,1.639,0.913,50.173,0.45,NORMAL
380,2026-08-01 00:06:19,TR-101,LT-003,226.77,8.461,1.772,0.923,50.007,3.54,NORMAL
8783,2026-08-01 00:13:02,TR-103,LT-006,171.21,7.806,1.155,0.864,49.904,11.24,WARNING
3012,2026-08-01 00:50:11,TR-103,LT-002,235.3,7.741,1.7,0.933,49.853,1.51,NORMAL
8859,2026-08-01 00:14:18,TR-104,LT-005,211.77,6.182,1.196,0.913,50.104,12.38,WARNING
7153,2026-08-01 01:59:12,TR-104,LT-006,226.49,5.421,1.125,0.916,49.95,2.4,NORMAL
8567,2026-08-01 00:09:26,TR-103,LT-002,175.59,7.282,1.028,0.804,49.962,13.14,WARNING
3498,2026-08-01 00:58:17,TR-101,LT-004,229.81,6.672,1.421,0.927,49.88,0.22,NORMAL
3890,2026-08-01 01:04:49,TR-104,LT-003,233.4,6.571,1.428,0.931,49.899,2.84,NORMAL
4485,2026-08-01 01:14:44,TR-103,LT-005,229.86,5.876,1.31,0.97,49.955,0.61,NORMAL
4012,2026-08-01 01:06:51,TR-101,LT-001,224.38,9.575,2.044,0.951,49.879,1.0,NORMAL
2620,2026-08-01 00:43:39,TR-103,LT-002,235.82,4.221,0.938,0.942,50.099,2.16,NORMAL
6671,2026-08-01 01:51:10,TR-103,LT-003,230.96,8.836,1.916,0.939,49.927,0.58,NORMAL
6513,2026-08-01 01:48:32,TR-103,LT-001,226.95,6.113,1.29,0.93,49.873,1.27,NORMAL
3468,2026-08-01 00:57:47,TR-102,LT-004,230.53,8.227,1.828,0.964,50.001,0.77,NORMAL
1314,2026-08-01 00:21:53,TR-102,LT-005,232.23,7.828,1.72,0.946,50.04,1.31,NORMAL
8606,2026-08-01 00:10:05,TR-101,LT-006,207.9,11.516,2.12,0.885,50.191,10.61,WARNING
2070,2026-08-01 00:34:29,TR-103,LT-005,233.7,7.295,1.595,0.936,49.914,0.63,NORMAL
2983,2026-08-01 00:49:42,TR-102,LT-002,232.93,7.188,1.532,0.915,50.095,1.83,NORMAL
5915,2026-08-01 01:38:34,TR-102,LT-004,229.06,8.185,1.728,0.922,49.992,2.81,NORMAL
9171,2026-08-01 00:19:30,TR-101,LT-001,151.08,14.213,1.602,0.746,50.1,15.23,WARNING
1286,2026-08-01 00:21:25,TR-104,LT-002,224.68,2.957,0.629,0.948,49.979,3.82,NORMAL
8991,2026-08-01 00:16:30,TR-101,LT-006,215.67,9.119,1.596,0.812,49.996,9.61,WARNING
8430,2026-08-01 00:07:09,TR-104,LT-002,163.38,7.322,1.073,0.897,49.857,20.13,WARNING
1350,2026-08-01 00:22:29,TR-103,LT-005,229.1,7.336,1.577,0.938,50.067,1.03,NORMAL
2612,2026-08-01 00:43:31,TR-101,LT-003,225.45,10.244,2.095,0.907,50.104,2.79,NORMAL
9495,2026-08-01 00:04:54,TR-103,LT-006,89.16,0.341,0.019,0.622,49.909,27.18,POSSIBLE_BROKEN_LT
3669,2026-08-01 01:01:08,TR-104,LT-003,229.43,7.805,1.65,0.921,49.864,0.7,NORMAL
2222,2026-08-01 00:37:01,TR-103,LT-006,227.41,7.603,1.664,0.962,50.048,1.21,NORMAL
428,2026-08-01 00:07:07,TR-102,LT-005,232.74,6.188,1.306,0.907,50.008,2.51,NORMAL
654,2026-08-01 00:10:53,TR-102,LT-006,225.57,7.725,1.572,0.902,49.948,2.43,NORMAL
9914,2026-08-01 00:11:53,TR-102,LT-005,91.34,0.777,0.023,0.329,50.051,33.87,POSSIBLE_BROKEN_LT
3536,2026-08-01 00:58:55,TR-101,LT-002,236.38,10.79,2.371,0.93,50.028,0.01,NORMAL
7737,2026-08-01 02:08:56,TR-102,LT-005,240.84,8.866,1.901,0.89,49.971,2.62,NORMAL
3246,2026-08-01 00:54:05,TR-104,LT-003,233.09,7.841,1.706,0.934,50.023,0.8,NORMAL
4741,2026-08-01 01:19:00,TR-103,LT-002,232.08,4.902,1.021,0.898,50.097,0.2,NORMAL
9069,2026-08-01 00:17:48,TR-103,LT-002,194.31,9.06,1.64,0.932,49.96,13.29,WARNING
4100,2026-08-01 01:08:19,TR-103,LT-004,230.29,8.324,1.836,0.958,49.939,0.92,NORMAL
4101,2026-08-01 01:08:20,TR-103,LT-002,224.0,4.729,0.945,0.892,49.86,1.96,NORMAL
6960,2026-08-01 01:55:59,TR-103,LT-004,230.39,8.565,1.756,0.89,50.011,2.75,NORMAL
612,2026-08-01 00:10:11,TR-102,LT-002,229.78,9.163,1.961,0.931,50.073,1.5,NORMAL
4289,2026-08-01 01:11:28,TR-103,LT-005,236.04,7.335,1.59,0.918,50.128,1.14,NORMAL
8571,2026-08-01 00:09:30,TR-104,LT-006,201.03,12.229,2.204,0.896,49.967,11.91,WARNING
9713,2026-08-01 00:08:32,TR-101,LT-001,88.04,0.408,0.012,0.337,50.088,24.93,POSSIBLE_BROKEN_LT
1544,2026-08-01 00:25:43,TR-102,LT-001,228.17,6.862,1.469,0.938,50.052,3.97,NORMAL
9536,2026-08-01 00:05:35,TR-101,LT-004,82.03,0.247,0.012,0.568,49.97,5.78,POSSIBLE_BROKEN_LT
3854,2026-08-01 01:04:13,TR-101,LT-006,225.57,8.875,1.849,0.924,50.119,1.66,NORMAL
555,2026-08-01 00:09:14,TR-102,LT-005,231.35,9.886,2.169,0.948,50.013,2.73,NORMAL
6366,2026-08-01 01:46:05,TR-102,LT-006,237.15,10.392,2.247,0.912,49.988,2.11,NORMAL
512,2026-08-01 00:08:31,TR-102,LT-002,229.8,9.169,1.915,0.909,50.028,0.83,NORMAL
3207,2026-08-01 00:53:26,TR-104,LT-004,226.91,8.9,1.902,0.942,50.001,2.02,NORMAL
8085,2026-08-01 00:01:24,TR-102,LT-005,180.39,5.863,0.972,0.919,50.06,12.33,WARNING
968,2026-08-01 00:16:07,TR-102,LT-005,237.2,8.593,1.969,0.966,50.031,2.66,NORMAL
6044,2026-08-01 01:40:43,TR-104,LT-003,228.58,6.449,1.381,0.937,50.046,1.94,NORMAL
6880,2026-08-01 01:54:39,TR-102,LT-005,223.49,7.048,1.459,0.926,50.084,1.56,NORMAL
6776,2026-08-01 01:52:55,TR-101,LT-003,233.29,7.193,1.617,0.963,50.001,2.82,NORMAL
3296,2026-08-01 00:54:55,TR-102,LT-003,225.7,5.54,1.134,0.907,49.984,1.55,NORMAL
8702,2026-08-01 00:11:41,TR-101,LT-001,198.39,13.322,2.483,0.939,50.045,12.91,WARNING
3430,2026-08-01 00:57:09,TR-102,LT-001,234.41,9.127,1.918,0.896,49.787,0.26,NORMAL
8871,2026-08-01 00:14:30,TR-101,LT-001,160.72,10.492,1.378,0.817,50.074,9.22,WARNING
6963,2026-08-01 01:56:02,TR-104,LT-004,232.0,8.575,1.856,0.933,49.907,2.98,NORMAL
2089,2026-08-01 00:34:48,TR-103,LT-004,228.19,9.54,2.047,0.94,49.944,1.77,NORMAL
8500,2026-08-01 00:08:19,TR-103,LT-003,191.77,8.397,1.33,0.826,50.076,7.97,WARNING
6163,2026-08-01 01:42:42,TR-101,LT-003,225.0,8.22,1.792,0.969,50.042,2.33,NORMAL
3211,2026-08-01 00:53:30,TR-103,LT-006,234.73,9.991,2.215,0.944,49.89,2.38,NORMAL
9201,2026-08-01 00:00:00,TR-101,LT-003,80.01,0.46,0.012,0.319,50.002,57.94,POSSIBLE_BROKEN_LT
6606,2026-08-01 01:50:05,TR-102,LT-002,223.19,12.2,2.554,0.938,49.972,3.46,NORMAL
1110,2026-08-01 00:18:29,TR-102,LT-004,237.66,8.841,1.862,0.886,49.944,2.6,NORMAL
5729,2026-08-01 01:35:28,TR-102,LT-004,230.54,8.564,1.905,0.965,50.027,2.25,NORMAL
7830,2026-08-01 02:10:29,TR-102,LT-005,225.4,7.383,1.572,0.944,50.109,1.69,NORMAL
1039,2026-08-01 00:17:18,TR-103,LT-004,230.9,9.548,2.006,0.91,49.917,2.89,NORMAL
1195,2026-08-01 00:19:54,TR-103,LT-004,223.63,5.983,1.224,0.915,50.062,0.42,NORMAL
4475,2026-08-01 01:14:34,TR-102,LT-006,233.38,8.702,1.946,0.958,50.009,1.46,NORMAL
9875,2026-08-01 00:11:14,TR-102,LT-002,73.04,0.62,0.022,0.482,50.127,50.17,POSSIBLE_BROKEN_LT
2123,2026-08-01 00:35:22,TR-104,LT-001,229.92,9.398,1.985,0.919,49.973,3.37,NORMAL
4983,2026-08-01 01:23:02,TR-102,LT-004,231.15,6.191,1.345,0.94,49.948,1.44,NORMAL
8974,2026-08-01 00:16:13,TR-101,LT-004,176.1,10.195,1.641,0.914,49.954,10.43,WARNING
5701,2026-08-01 01:35:00,TR-103,LT-006,229.9,6.629,1.411,0.926,50.009,2.29,NORMAL
935,2026-08-01 00:15:34,TR-104,LT-001,231.76,9.254,1.993,0.929,49.89,2.78,NORMAL
6102,2026-08-01 01:41:41,TR-104,LT-002,230.92,7.158,1.529,0.925,50.135,2.46,NORMAL
4690,2026-08-01 01:18:09,TR-101,LT-006,228.07,7.813,1.716,0.963,50.009,1.62,NORMAL
395,2026-08-01 00:06:34,TR-103,LT-003,234.72,6.325,1.411,0.951,49.994,2.43,NORMAL
4686,2026-08-01 01:18:05,TR-104,LT-002,232.66,11.174,2.346,0.902,50.113,1.81,NORMAL
8777,2026-08-01 00:12:56,TR-101,LT-003,183.18,12.31,1.95,0.865,50.149,9.15,WARNING
9166,2026-08-01 00:19:25,TR-101,LT-006,151.59,10.12,1.207,0.787,49.982,10.77,WARNING
5981,2026-08-01 01:39:40,TR-104,LT-004,226.01,10.63,2.275,0.947,49.997,0.35,NORMAL
9943,2026-08-01 00:12:22,TR-101,LT-005,58.75,0.186,0.002,0.161,50.037,31.59,POSSIBLE_BROKEN_LT
2192,2026-08-01 00:36:31,TR-101,LT-003,231.85,7.468,1.613,0.932,50.04,0.58,NORMAL
1298,2026-08-01 00:21:37,TR-103,LT-003,228.84,6.58,1.394,0.926,50.086,2.26,NORMAL
5045,2026-08-01 01:24:04,TR-103,LT-002,233.31,5.318,1.13,0.911,50.06,1.22,NORMAL
1163,2026-08-01 00:19:22,TR-102,LT-002,224.44,9.342,1.981,0.945,50.148,3.33,NORMAL
4255,2026-08-01 01:10:54,TR-102,LT-003,230.94,4.632,0.983,0.919,50.069,2.81,NORMAL
6373,2026-08-01 01:46:12,TR-102,LT-002,234.48,11.236,2.39,0.907,49.98,3.5,NORMAL
1528,2026-08-01 00:25:27,TR-103,LT-001,236.17,8.884,2.025,0.965,49.922,0.51,NORMAL
4343,2026-08-01 01:12:22,TR-102,LT-002,237.79,6.543,1.499,0.963,50.112,2.71,NORMAL
2031,2026-08-01 00:33:50,TR-104,LT-003,233.23,9.647,2.163,0.961,50.046,1.61,NORMAL
3061,2026-08-01 00:51:00,TR-103,LT-001,231.27,5.638,1.23,0.944,50.036,1.4,NORMAL
59,2026-08-01 00:00:58,TR-104,LT-003,231.33,8.366,1.809,0.935,50.105,2.27,NORMAL
2406,2026-08-01 00:40:05,TR-101,LT-004,235.36,10.09,2.056,0.866,49.919,2.54,NORMAL
5007,2026-08-01 01:23:26,TR-101,LT-005,234.19,6.369,1.437,0.964,50.093,1.8,NORMAL
6158,2026-08-01 01:42:37,TR-102,LT-004,226.33,9.485,2.086,0.972,50.099,3.33,NORMAL
7376,2026-08-01 02:02:55,TR-104,LT-003,237.89,8.717,1.989,0.959,49.944,2.09,NORMAL
4507,2026-08-01 01:15:06,TR-102,LT-001,232.76,7.99,1.807,0.971,49.944,1.62,NORMAL
5215,2026-08-01 01:26:54,TR-102,LT-004,231.44,6.887,1.575,0.988,50.029,1.41,NORMAL
6030,2026-08-01 01:40:29,TR-103,LT-006,227.65,10.97,2.34,0.937,49.96,0.42,NORMAL
1781,2026-08-01 00:29:40,TR-104,LT-005,224.37,7.085,1.495,0.94,49.986,1.42,NORMAL
5448,2026-08-01 01:30:47,TR-103,LT-001,237.07,6.174,1.369,0.936,50.123,1.32,NORMAL
4607,2026-08-01 01:16:46,TR-103,LT-005,228.62,8.583,1.822,0.929,50.108,3.02,NORMAL
6915,2026-08-01 01:55:14,TR-102,LT-006,234.28,10.077,2.257,0.956,50.058,4.61,NORMAL
677,2026-08-01 00:11:16,TR-102,LT-003,225.56,8.415,1.743,0.918,50.154,1.38,NORMAL
3583,2026-08-01 00:59:42,TR-102,LT-004,237.68,7.128,1.606,0.948,49.943,0.51,NORMAL
3654,2026-08-01 01:00:53,TR-104,LT-001,226.7,11.357,2.422,0.941,49.945,1.31,NORMAL
7921,2026-08-01 02:12:00,TR-104,LT-006,235.24,8.265,1.887,0.97,50.005,2.55,NORMAL
9500,2026-08-01 00:04:59,TR-102,LT-001,57.31,0.11,0.003,0.471,50.084,28.68,POSSIBLE_BROKEN_LT
2733,2026-08-01 00:45:32,TR-103,LT-003,232.25,6.964,1.476,0.912,50.083,2.92,NORMAL
4788,2026-08-01 01:19:47,TR-104,LT-006,227.4,3.931,0.828,0.926,50.014,3.62,NORMAL
2755,2026-08-01 00:45:54,TR-101,LT-003,229.7,6.839,1.504,0.957,49.967,3.76,NORMAL
2338,2026-08-01 00:38:57,TR-101,LT-002,230.2,11.247,2.552,0.986,49.975,0.3,NORMAL
3644,2026-08-01 01:00:43,TR-102,LT-003,229.86,2.066,0.451,0.949,50.023,1.29,NORMAL
7738,2026-08-01 02:08:57,TR-103,LT-004,232.08,8.626,1.864,0.931,49.899,2.82,NORMAL
5517,2026-08-01 01:31:56,TR-101,LT-003,232.02,8.907,2.012,0.974,50.124,2.08,NORMAL
5247,2026-08-01 01:27:26,TR-104,LT-001,227.6,13.251,2.783,0.923,50.0,1.34,NORMAL
867,2026-08-01 00:14:26,TR-101,LT-001,231.14,8.556,1.978,1.0,49.964,1.58,NORMAL
4448,2026-08-01 01:14:07,TR-102,LT-002,230.4,5.613,1.151,0.89,49.972,2.48,NORMAL
5072,2026-08-01 01:24:31,TR-103,LT-002,229.12,8.913,2.042,1.0,49.942,1.43,NORMAL
4882,2026-08-01 01:21:21,TR-103,LT-003,235.5,3.734,0.838,0.953,49.979,1.77,NORMAL
9511,2026-08-01 00:05:10,TR-104,LT-005,74.98,0.385,0.011,0.395,50.006,52.08,POSSIBLE_BROKEN_LT
3003,2026-08-01 00:50:02,TR-103,LT-006,228.35,10.222,2.174,0.932,50.097,2.78,NORMAL
2226,2026-08-01 00:37:05,TR-104,LT-006,235.29,9.849,2.115,0.913,50.046,2.24,NORMAL
9057,2026-08-01 00:17:36,TR-103,LT-004,169.36,8.419,1.048,0.735,50.022,12.64,WARNING
4827,2026-08-01 01:20:26,TR-103,LT-004,230.34,8.327,1.867,0.974,49.958,1.3,NORMAL
7622,2026-08-01 02:07:01,TR-103,LT-006,227.98,6.509,1.408,0.949,49.968,1.88,NORMAL
9690,2026-08-01 00:08:09,TR-103,LT-001,63.09,0.424,0.01,0.362,49.952,46.34,POSSIBLE_BROKEN_LT
5501,2026-08-01 01:31:40,TR-102,LT-006,232.81,8.862,1.993,0.966,50.058,2.22,NORMAL
9701,2026-08-01 00:08:20,TR-104,LT-001,36.49,0.348,0.006,0.434,50.069,31.44,POSSIBLE_BROKEN_LT
8479,2026-08-01 00:07:58,TR-103,LT-006,180.89,7.698,1.095,0.787,50.112,15.27,WARNING
5503,2026-08-01 01:31:42,TR-101,LT-002,230.66,9.534,2.083,0.947,50.079,0.68,NORMAL
1211,2026-08-01 00:20:10,TR-104,LT-003,225.02,5.098,1.054,0.919,50.021,2.23,NORMAL
9084,2026-08-01 00:18:03,TR-104,LT-006,198.28,10.243,1.604,0.79,50.036,12.6,WARNING
2289,2026-08-01 00:38:08,TR-103,LT-006,227.61,6.827,1.423,0.916,50.048,2.75,NORMAL
2184,2026-08-01 00:36:23,TR-104,LT-006,235.49,9.238,2.015,0.926,50.051,3.89,NORMAL
2863,2026-08-01 00:47:42,TR-103,LT-002,225.59,7.975,1.643,0.913,49.864,2.16,NORMAL
6862,2026-08-01 01:54:21,TR-104,LT-003,237.39,7.255,1.594,0.926,50.046,2.04,NORMAL
2363,2026-08-01 00:39:22,TR-101,LT-003,223.91,8.491,1.826,0.96,49.983,1.63,NORMAL
8464,2026-08-01 00:07:43,TR-101,LT-002,188.66,13.464,2.263,0.891,50.018,21.47,WARNING
6333,2026-08-01 01:45:32,TR-103,LT-003,228.23,5.423,1.121,0.906,49.961,0.99,NORMAL
4065,2026-08-01 01:07:44,TR-104,LT-002,226.03,9.347,1.895,0.897,50.039,0.35,NORMAL
9547,2026-08-01 00:05:46,TR-103,LT-002,96.33,0.225,0.009,0.402,49.92,47.27,POSSIBLE_BROKEN_LT
618,2026-08-01 00:10:17,TR-102,LT-006,232.9,9.453,2.184,0.992,50.08,1.72,NORMAL
3282,2026-08-01 00:54:41,TR-102,LT-002,230.12,7.327,1.629,0.966,50.061,1.14,NORMAL
5227,2026-08-01 01:27:06,TR-101,LT-002,228.28,8.23,1.714,0.912,49.912,3.29,NORMAL
3398,2026-08-01 00:56:37,TR-102,LT-006,235.96,6.393,1.409,0.934,50.045,0.04,NORMAL
3066,2026-08-01 00:51:05,TR-101,LT-002,231.29,7.346,1.603,0.944,50.011,0.67,NORMAL
767,2026-08-01 00:12:46,TR-101,LT-005,229.86,10.031,2.108,0.914,49.986,2.03,NORMAL
7079,2026-08-01 01:57:58,TR-104,LT-006,232.23,4.407,0.932,0.91,50.146,2.35,NORMAL
5280,2026-08-01 01:27:59,TR-103,LT-001,230.32,8.043,1.744,0.941,49.925,1.08,NORMAL
4150,2026-08-01 01:09:09,TR-101,LT-006,230.97,5.818,1.193,0.888,50.035,1.87,NORMAL
1145,2026-08-01 00:19:04,TR-104,LT-003,229.31,7.142,1.507,0.92,50.105,0.96,NORMAL
4249,2026-08-01 01:10:48,TR-103,LT-001,231.97,8.906,1.935,0.936,49.979,1.35,NORMAL
4111,2026-08-01 01:08:30,TR-101,LT-004,234.58,8.983,1.896,0.9,49.836,1.77,NORMAL
463,2026-08-01 00:07:42,TR-102,LT-002,227.2,8.917,1.929,0.952,49.854,2.2,NORMAL
2933,2026-08-01 00:48:52,TR-103,LT-002,226.44,5.668,1.183,0.922,49.877,1.56,NORMAL
4624,2026-08-01 01:17:03,TR-104,LT-001,233.09,7.911,1.693,0.918,50.052,3.28,NORMAL
3814,2026-08-01 01:03:33,TR-103,LT-003,230.39,11.136,2.416,0.942,49.928,1.43,NORMAL
6309,2026-08-01 01:45:08,TR-102,LT-002,229.73,6.272,1.339,0.93,50.055,1.78,NORMAL
4342,2026-08-01 01:12:21,TR-102,LT-004,230.77,7.345,1.606,0.947,50.01,0.45,NORMAL
5301,2026-08-01 01:28:20,TR-104,LT-002,229.17,8.314,1.782,0.935,49.962,2.28,NORMAL
6805,2026-08-01 01:53:24,TR-102,LT-001,226.54,9.027,2.035,0.995,49.95,3.72,NORMAL
3283,2026-08-01 00:54:42,TR-102,LT-005,221.39,7.384,1.574,0.963,49.995,1.92,NORMAL
2575,2026-08-01 00:42:54,TR-101,LT-002,240.48,5.774,1.335,0.961,50.055,1.28,NORMAL
7962,2026-08-01 02:12:41,TR-102,LT-006,236.55,9.163,2.037,0.94,50.035,1.39,NORMAL
7880,2026-08-01 02:11:19,TR-104,LT-004,231.6,9.8,2.071,0.912,49.972,2.39,NORMAL
829,2026-08-01 00:13:48,TR-104,LT-003,228.32,9.033,2.002,0.971,49.958,2.99,NORMAL
6487,2026-08-01 01:48:06,TR-104,LT-005,229.09,8.01,1.632,0.889,50.049,2.84,NORMAL
7600,2026-08-01 02:06:39,TR-102,LT-006,231.02,4.981,1.073,0.932,50.059,1.93,NORMAL
2541,2026-08-01 00:42:20,TR-103,LT-004,227.16,5.212,1.112,0.939,50.17,1.81,NORMAL
5747,2026-08-01 01:35:46,TR-101,LT-002,228.46,3.245,0.687,0.927,50.002,2.66,NORMAL
8527,2026-08-01 00:08:46,TR-104,LT-002,207.48,6.983,1.178,0.813,50.01,5.06,WARNING
9567,2026-08-01 00:06:06,TR-103,LT-004,56.52,0.349,0.01,0.505,50.027,35.11,POSSIBLE_BROKEN_LT
3743,2026-08-01 01:02:22,TR-101,LT-005,231.29,7.783,1.648,0.915,49.905,1.84,NORMAL
7499,2026-08-01 02:04:58,TR-102,LT-001,218.9,10.206,2.121,0.95,50.069,2.38,NORMAL
3525,2026-08-01 00:58:44,TR-103,LT-003,227.67,6.361,1.377,0.951,49.957,1.13,NORMAL
21,2026-08-01 00:00:20,TR-101,LT-002,235.86,3.23,0.716,0.94,49.881,2.68,NORMAL
1916,2026-08-01 00:31:55,TR-101,LT-001,227.83,8.58,1.882,0.963,50.06,2.85,NORMAL
6572,2026-08-01 01:49:31,TR-103,LT-003,224.72,5.287,1.145,0.964,49.907,2.45,NORMAL
9019,2026-08-01 00:16:58,TR-101,LT-001,147.45,9.466,1.202,0.861,50.002,7.22,WARNING
2013,2026-08-01 00:33:32,TR-101,LT-005,226.92,5.368,1.195,0.981,50.031,3.29,NORMAL
5406,2026-08-01 01:30:05,TR-102,LT-004,230.03,8.21,1.784,0.945,49.918,1.23,NORMAL
1296,2026-08-01 00:21:35,TR-103,LT-001,229.6,6.01,1.323,0.959,50.003,2.89,NORMAL
3746,2026-08-01 01:02:25,TR-103,LT-004,229.27,9.218,1.948,0.922,50.058,0.91,NORMAL
592,2026-08-01 00:09:51,TR-103,LT-003,228.09,4.727,1.048,0.972,50.045,2.06,NORMAL
1407,2026-08-01 00:23:26,TR-101,LT-005,224.31,5.604,1.177,0.937,49.996,2.05,NORMAL
222,2026-08-01 00:03:41,TR-101,LT-003,222.53,9.934,2.069,0.936,49.971,0.93,NORMAL
5618,2026-08-01 01:33:37,TR-101,LT-003,228.7,5.555,1.227,0.966,50.036,0.85,NORMAL
6249,2026-08-01 01:44:08,TR-104,LT-002,223.22,8.975,1.858,0.928,49.895,1.93,NORMAL
4419,2026-08-01 01:13:38,TR-101,LT-001,228.6,10.568,2.181,0.903,50.111,0.5,NORMAL
859,2026-08-01 00:14:18,TR-101,LT-002,227.79,4.794,1.018,0.933,50.06,2.96,NORMAL
1784,2026-08-01 00:29:43,TR-101,LT-006,233.04,8.646,1.951,0.968,50.048,3.14,NORMAL
7260,2026-08-01 02:00:59,TR-101,LT-005,239.81,4.938,1.093,0.923,50.034,2.2,NORMAL
6857,2026-08-01 01:54:16,TR-101,LT-004,230.61,7.666,1.671,0.945,50.061,2.78,NORMAL
1955,2026-08-01 00:32:34,TR-101,LT-003,227.62,8.508,1.803,0.931,50.015,2.81,NORMAL
1747,2026-08-01 00:29:06,TR-103,LT-005,233.9,7.764,1.791,0.986,50.023,2.28,NORMAL
3133,2026-08-01 00:52:12,TR-104,LT-003,223.08,8.725,1.862,0.957,50.197,2.15,NORMAL
8037,2026-08-01 00:00:36,TR-104,LT-001,146.79,7.256,0.865,0.812,49.965,6.07,WARNING
8851,2026-08-01 00:14:10,TR-101,LT-002,186.83,14.685,2.197,0.801,49.925,12.7,WARNING
995,2026-08-01 00:16:34,TR-102,LT-006,225.99,7.961,1.664,0.925,50.044,2.53,NORMAL
6109,2026-08-01 01:41:48,TR-104,LT-006,232.14,10.278,2.187,0.917,50.044,3.25,NORMAL
731,2026-08-01 00:12:10,TR-104,LT-002,230.78,7.098,1.525,0.931,50.069,1.38,NORMAL
6975,2026-08-01 01:56:14,TR-104,LT-001,235.4,10.11,2.321,0.975,49.927,3.73,NORMAL
6274,2026-08-01 01:44:33,TR-102,LT-003,225.67,3.814,0.805,0.935,50.057,0.7,NORMAL
6752,2026-08-01 01:52:31,TR-102,LT-006,226.93,7.706,1.731,0.99,49.929,2.1,NORMAL
3510,2026-08-01 00:58:29,TR-101,LT-003,227.87,10.123,2.145,0.93,50.08,2.34,NORMAL
3534,2026-08-01 00:58:53,TR-102,LT-003,225.04,4.859,1.02,0.933,50.025,0.59,NORMAL
2514,2026-08-01 00:41:53,TR-101,LT-003,228.98,5.176,1.11,0.937,50.173,3.62,NORMAL
5437,2026-08-01 01:30:36,TR-102,LT-003,229.77,2.36,0.503,0.929,50.042,2.9,NORMAL
3626,2026-08-01 01:00:25,TR-101,LT-005,226.21,4.35,0.934,0.949,50.066,1.29,NORMAL
466,2026-08-01 00:07:45,TR-104,LT-002,229.12,7.238,1.525,0.92,50.046,2.09,NORMAL
6756,2026-08-01 01:52:35,TR-104,LT-006,220.46,9.255,1.858,0.91,49.922,0.96,NORMAL
6760,2026-08-01 01:52:39,TR-101,LT-005,230.63,8.447,1.75,0.898,50.039,1.41,NORMAL
7992,2026-08-01 02:13:11,TR-104,LT-001,229.9,9.274,2.032,0.953,49.935,0.79,NORMAL
158,2026-08-01 00:02:37,TR-102,LT-003,231.9,5.928,1.317,0.958,50.07,1.96,NORMAL
3961,2026-08-01 01:06:00,TR-102,LT-004,227.07,8.036,1.71,0.937,50.022,2.52,NORMAL
8833,2026-08-01 00:13:52,TR-102,LT-001,162.42,10.113,1.356,0.826,49.944,21.79,WARNING
5471,2026-08-01 01:31:10,TR-101,LT-001,236.06,9.507,2.189,0.976,50.116,2.16,NORMAL
186,2026-08-01 00:03:05,TR-102,LT-003,232.86,5.347,1.155,0.927,50.003,1.11,NORMAL
1003,2026-08-01 00:16:42,TR-101,LT-001,230.24,8.997,2.018,0.974,49.946,1.57,NORMAL
9509,2026-08-01 00:05:08,TR-103,LT-005,86.68,0.135,0.007,0.579,49.92,34.72,POSSIBLE_BROKEN_LT
5624,2026-08-01 01:33:43,TR-101,LT-002,231.91,9.477,2.047,0.931,49.836,1.51,NORMAL
401,2026-08-01 00:06:40,TR-101,LT-005,223.62,8.468,1.771,0.935,49.939,1.15,NORMAL
6241,2026-08-01 01:44:00,TR-101,LT-001,229.13,7.07,1.497,0.924,50.025,0.51,NORMAL
8941,2026-08-01 00:15:40,TR-103,LT-006,155.25,5.831,0.731,0.807,49.988,15.86,WARNING
9933,2026-08-01 00:12:12,TR-103,LT-003,74.83,0.368,0.004,0.152,50.072,34.24,POSSIBLE_BROKEN_LT
7343,2026-08-01 02:02:22,TR-103,LT-003,233.41,9.55,2.148,0.963,50.194,3.2,NORMAL
9833,2026-08-01 00:10:32,TR-102,LT-001,68.04,0.109,0.005,0.64,49.936,42.03,POSSIBLE_BROKEN_LT
8467,2026-08-01 00:07:46,TR-103,LT-001,220.26,15.157,2.885,0.864,49.894,0.91,WARNING
8757,2026-08-01 00:12:36,TR-103,LT-001,179.91,16.811,2.867,0.948,50.097,2.5,WARNING
7959,2026-08-01 02:12:38,TR-104,LT-002,230.37,9.824,2.166,0.957,50.018,0.95,NORMAL
1251,2026-08-01 00:20:50,TR-101,LT-003,231.32,6.387,1.322,0.895,49.902,3.06,NORMAL
3144,2026-08-01 00:52:23,TR-104,LT-003,227.59,10.692,2.433,1.0,49.996,3.45,NORMAL
7431,2026-08-01 02:03:50,TR-103,LT-001,230.16,6.691,1.493,0.97,49.878,1.56,NORMAL
60,2026-08-01 00:00:59,TR-103,LT-002,233.9,6.017,1.29,0.917,49.916,2.29,NORMAL
7856,2026-08-01 02:10:55,TR-102,LT-001,226.58,8.647,1.928,0.984,49.984,1.12,NORMAL
1114,2026-08-01 00:18:33,TR-104,LT-002,231.98,7.353,1.583,0.928,50.051,0.23,NORMAL
3058,2026-08-01 00:50:57,TR-103,LT-003,230.82,6.648,1.457,0.95,50.073,2.47,NORMAL
9570,2026-08-01 00:06:09,TR-102,LT-004,101.65,0.346,0.011,0.306,49.899,33.49,POSSIBLE_BROKEN_LT
1329,2026-08-01 00:22:08,TR-104,LT-001,225.16,8.451,1.903,1.0,49.996,0.23,NORMAL
4996,2026-08-01 01:23:15,TR-102,LT-004,229.8,6.911,1.475,0.929,49.951,2.66,NORMAL
6683,2026-08-01 01:51:22,TR-102,LT-003,232.86,9.877,2.128,0.925,50.035,2.36,NORMAL
2073,2026-08-01 00:34:32,TR-101,LT-006,230.35,9.976,2.181,0.949,49.989,2.71,NORMAL
4794,2026-08-01 01:19:53,TR-104,LT-003,231.06,7.316,1.609,0.952,50.157,1.9,NORMAL
6830,2026-08-01 01:53:49,TR-101,LT-006,228.26,6.317,1.417,0.983,49.995,2.11,NORMAL
9630,2026-08-01 00:07:09,TR-103,LT-006,61.45,0.276,0.01,0.599,49.972,21.04,POSSIBLE_BROKEN_LT
8219,2026-08-01 00:03:38,TR-103,LT-006,192.35,17.25,2.648,0.798,49.955,10.33,WARNING
7568,2026-08-01 02:06:07,TR-104,LT-002,225.1,10.931,2.3,0.935,50.063,1.15,NORMAL
5923,2026-08-01 01:38:42,TR-103,LT-005,232.58,7.957,1.703,0.92,50.0,1.46,NORMAL
1551,2026-08-01 00:25:50,TR-103,LT-003,229.6,8.722,1.884,0.941,49.968,2.19,NORMAL
1010,2026-08-01 00:16:49,TR-104,LT-004,227.86,10.296,2.265,0.966,49.955,1.27,NORMAL
3756,2026-08-01 01:02:35,TR-102,LT-001,222.12,10.471,2.151,0.925,49.904,2.57,NORMAL
8682,2026-08-01 00:11:21,TR-102,LT-006,203.19,11.793,2.048,0.855,49.969,9.45,WARNING
9343,2026-08-01 00:02:22,TR-101,LT-005,101.97,0.476,0.024,0.503,50.048,35.06,POSSIBLE_BROKEN_LT
8010,2026-08-01 00:00:09,TR-101,LT-004,173.77,10.312,1.401,0.782,50.019,15.62,WARNING
3861,2026-08-01 01:04:20,TR-102,LT-005,228.19,8.843,1.953,0.968,50.014,0.88,NORMAL
3149,2026-08-01 00:52:28,TR-103,LT-004,229.56,5.445,1.129,0.903,50.025,1.7,NORMAL
2520,2026-08-01 00:41:59,TR-101,LT-006,226.59,12.235,2.63,0.949,50.009,0.3,NORMAL
3128,2026-08-01 00:52:07,TR-103,LT-005,235.27,5.828,1.265,0.922,49.818,1.03,NORMAL
9085,2026-08-01 00:18:04,TR-103,LT-001,185.6,12.603,1.962,0.839,49.96,16.85,WARNING
5317,2026-08-01 01:28:36,TR-101,LT-006,223.96,12.666,2.733,0.963,50.088,2.22,NORMAL
1196,2026-08-01 00:19:55,TR-102,LT-006,231.76,4.941,1.077,0.941,49.968,1.44,NORMAL
9051,2026-08-01 00:17:30,TR-101,LT-006,192.88,13.474,2.058,0.792,50.036,8.06,WARNING
880,2026-08-01 00:14:39,TR-102,LT-005,234.75,6.703,1.487,0.945,49.885,2.93,NORMAL
6990,2026-08-01 01:56:29,TR-104,LT-003,229.77,7.366,1.561,0.922,49.989,2.13,NORMAL
2488,2026-08-01 00:41:27,TR-104,LT-002,229.82,9.924,2.197,0.963,50.016,1.56,NORMAL
2841,2026-08-01 00:47:20,TR-101,LT-003,231.18,5.441,1.172,0.932,50.094,2.05,NORMAL
4330,2026-08-01 01:12:09,TR-101,LT-006,228.39,7.857,1.634,0.91,50.133,1.14,NORMAL
2931,2026-08-01 00:48:50,TR-102,LT-003,233.48,7.186,1.548,0.922,49.991,1.67,NORMAL
6425,2026-08-01 01:47:04,TR-102,LT-006,227.8,7.144,1.486,0.913,49.932,0.67,NORMAL
2486,2026-08-01 00:41:25,TR-102,LT-004,233.44,8.143,1.822,0.958,50.005,1.85,NORMAL
5748,2026-08-01 01:35:47,TR-101,LT-005,230.81,9.4,1.979,0.912,50.082,2.09,NORMAL
884,2026-08-01 00:14:43,TR-101,LT-001,234.18,7.226,1.589,0.939,50.143,0.8,NORMAL
4915,2026-08-01 01:21:54,TR-102,LT-001,224.91,7.443,1.583,0.946,50.001,0.85,NORMAL
6211,2026-08-01 01:43:30,TR-104,LT-004,233.94,7.704,1.734,0.962,49.993,2.07,NORMAL
9579,2026-08-01 00:06:18,TR-104,LT-002,38.27,0.555,0.001,0.05,50.058,24.12,POSSIBLE_BROKEN_LT
212,2026-08-01 00:03:31,TR-103,LT-003,234.54,9.283,2.058,0.945,49.912,1.19,NORMAL
2276,2026-08-01 00:37:55,TR-101,LT-002,225.66,9.142,1.929,0.935,49.833,0.57,NORMAL
2329,2026-08-01 00:38:48,TR-102,LT-005,232.78,9.032,2.038,0.969,50.017,2.42,NORMAL
4951,2026-08-01 01:22:30,TR-103,LT-001,230.96,9.308,2.124,0.988,50.002,1.36,NORMAL
3320,2026-08-01 00:55:19,TR-101,LT-003,239.28,6.405,1.454,0.949,49.945,2.53,NORMAL
9835,2026-08-01 00:10:34,TR-102,LT-006,96.2,0.188,0.006,0.358,50.035,27.29,POSSIBLE_BROKEN_LT
4608,2026-08-01 01:16:47,TR-101,LT-005,231.96,9.59,2.076,0.933,50.056,1.95,NORMAL
1439,2026-08-01 00:23:58,TR-102,LT-003,231.96,9.654,2.079,0.928,49.986,1.02,NORMAL
468,2026-08-01 00:07:47,TR-104,LT-003,233.03,10.803,2.27,0.902,49.992,3.42,NORMAL
5467,2026-08-01 01:31:06,TR-102,LT-006,231.17,9.147,1.901,0.899,50.023,1.24,NORMAL
3330,2026-08-01 00:55:29,TR-102,LT-004,233.34,7.083,1.534,0.928,50.161,2.04,NORMAL
5829,2026-08-01 01:37:08,TR-103,LT-005,230.64,8.459,1.782,0.913,49.967,2.24,NORMAL
8608,2026-08-01 00:10:07,TR-101,LT-005,186.75,12.061,1.861,0.826,50.005,14.8,WARNING
697,2026-08-01 00:11:36,TR-101,LT-003,231.3,12.691,2.758,0.939,50.135,2.9,NORMAL
7268,2026-08-01 02:01:07,TR-104,LT-004,230.31,10.843,2.393,0.958,49.927,0.85,NORMAL
9145,2026-08-01 00:19:04,TR-101,LT-004,217.67,7.102,1.308,0.846,49.946,8.05,WARNING
8181,2026-08-01 00:03:00,TR-101,LT-005,184.82,12.421,1.933,0.842,49.938,14.83,WARNING
9939,2026-08-01 00:12:18,TR-102,LT-005,71.08,0.406,0.017,0.581,49.87,48.06,POSSIBLE_BROKEN_LT
1315,2026-08-01 00:21:54,TR-102,LT-005,230.04,7.741,1.735,0.974,50.006,3.32,NORMAL
2302,2026-08-01 00:38:21,TR-104,LT-003,226.01,6.045,1.254,0.918,50.075,1.67,NORMAL
2040,2026-08-01 00:33:59,TR-101,LT-003,222.92,11.971,2.479,0.929,50.029,2.43,NORMAL
7109,2026-08-01 01:58:28,TR-104,LT-003,220.53,9.221,1.886,0.928,50.134,1.94,NORMAL
3667,2026-08-01 01:01:06,TR-103,LT-005,232.93,9.686,2.209,0.979,50.046,0.88,NORMAL
915,2026-08-01 00:15:14,TR-103,LT-005,229.62,7.694,1.672,0.946,50.105,2.27,NORMAL
13,2026-08-01 00:00:12,TR-102,LT-006,230.97,7.773,1.632,0.909,50.114,2.25,NORMAL
8584,2026-08-01 00:09:43,TR-101,LT-002,176.37,8.353,1.204,0.817,49.989,7.1,WARNING
6428,2026-08-01 01:47:07,TR-103,LT-006,236.0,6.383,1.43,0.949,50.125,2.46,NORMAL
1537,2026-08-01 00:25:36,TR-104,LT-002,232.05,6.404,1.428,0.961,49.987,0.53,NORMAL
737,2026-08-01 00:12:16,TR-103,LT-003,231.02,8.414,1.812,0.932,50.024,0.83,NORMAL
8202,2026-08-01 00:03:21,TR-102,LT-004,171.67,9.1,1.389,0.889,50.073,10.15,WARNING
8653,2026-08-01 00:10:52,TR-101,LT-004,176.16,11.613,1.719,0.84,49.894,11.34,WARNING
454,2026-08-01 00:07:33,TR-104,LT-003,232.02,6.75,1.445,0.923,50.069,0.94,NORMAL
4346,2026-08-01 01:12:25,TR-102,LT-006,230.11,9.7,2.118,0.949,50.029,0.53,NORMAL
928,2026-08-01 00:15:27,TR-101,LT-006,231.51,7.4,1.594,0.93,49.991,3.17,NORMAL
6292,2026-08-01 01:44:51,TR-104,LT-006,235.87,6.806,1.477,0.92,49.98,2.27,NORMAL
8282,2026-08-01 00:04:41,TR-101,LT-005,193.25,10.193,1.783,0.905,50.095,3.82,WARNING
8723,2026-08-01 00:12:02,TR-103,LT-003,188.47,11.362,1.722,0.804,50.035,20.79,WARNING
6474,2026-08-01 01:47:53,TR-102,LT-006,220.48,7.671,1.61,0.952,50.147,1.47,NORMAL
38,2026-08-01 00:00:37,TR-103,LT-004,222.16,5.193,1.086,0.941,50.073,2.27,NORMAL
5771,2026-08-01 01:36:10,TR-104,LT-006,237.55,8.6,2.007,0.983,50.009,1.54,NORMAL
2555,2026-08-01 00:42:34,TR-101,LT-004,226.53,10.019,2.241,0.987,50.002,0.31,NORMAL
7633,2026-08-01 02:07:12,TR-103,LT-003,233.86,2.98,0.667,0.957,50.022,1.18,NORMAL
9999,2026-08-01 00:13:18,TR-101,LT-005,92.27,0.01,0.001,0.71,49.974,39.24,POSSIBLE_BROKEN_LT
6621,2026-08-01 01:50:20,TR-101,LT-004,220.49,11.658,2.511,0.977,50.012,2.8,NORMAL
941,2026-08-01 00:15:40,TR-102,LT-002,224.88,10.83,2.278,0.935,50.009,3.12,NORMAL
7399,2026-08-01 02:03:18,TR-102,LT-005,231.53,6.156,1.393,0.978,50.194,2.91,NORMAL
6129,2026-08-01 01:42:08,TR-104,LT-005,226.74,8.574,1.818,0.935,50.032,1.37,NORMAL
9830,2026-08-01 00:10:29,TR-101,LT-002,78.06,0.168,0.003,0.204,50.11,23.17,POSSIBLE_BROKEN_LT
2681,2026-08-01 00:44:40,TR-102,LT-001,232.72,6.335,1.391,0.944,50.009,1.98,NORMAL
4355,2026-08-01 01:12:34,TR-103,LT-006,231.62,9.849,2.142,0.939,49.881,1.07,NORMAL
3059,2026-08-01 00:50:58,TR-103,LT-003,225.19,6.856,1.542,0.999,50.042,3.2,NORMAL
7881,2026-08-01 02:11:20,TR-103,LT-003,224.72,6.559,1.355,0.919,50.088,2.29,NORMAL
739,2026-08-01 00:12:18,TR-104,LT-001,236.66,10.956,2.54,0.979,49.945,1.32,NORMAL
539,2026-08-01 00:08:58,TR-101,LT-004,234.03,8.664,1.792,0.884,50.06,0.06,NORMAL
3326,2026-08-01 00:55:25,TR-104,LT-001,231.9,9.827,2.087,0.916,50.055,1.02,NORMAL
4240,2026-08-01 01:10:39,TR-102,LT-003,229.69,7.214,1.58,0.953,49.941,3.08,NORMAL
1401,2026-08-01 00:23:20,TR-102,LT-006,225.81,9.43,2.035,0.956,50.015,3.04,NORMAL
4047,2026-08-01 01:07:26,TR-103,LT-006,232.8,9.31,1.999,0.922,50.001,2.43,NORMAL
5138,2026-08-01 01:25:37,TR-103,LT-004,232.92,6.295,1.331,0.908,50.091,3.07,NORMAL
4230,2026-08-01 01:10:29,TR-103,LT-006,230.03,6.554,1.451,0.963,49.896,1.0,NORMAL
4192,2026-08-01 01:09:51,TR-104,LT-004,231.05,10.146,2.203,0.94,49.796,1.47,NORMAL
9143,2026-08-01 00:19:02,TR-103,LT-005,169.35,4.851,0.622,0.757,49.932,6.45,WARNING
5539,2026-08-01 01:32:18,TR-103,LT-004,225.07,5.989,1.284,0.953,49.931,0.09,NORMAL
2693,2026-08-01 00:44:52,TR-104,LT-004,229.84,10.137,2.235,0.959,49.994,2.91,NORMAL
5341,2026-08-01 01:29:00,TR-104,LT-004,225.78,3.894,0.821,0.934,49.911,2.1,NORMAL
9918,2026-08-01 00:11:57,TR-101,LT-001,79.64,0.285,0.01,0.456,50.149,46.46,POSSIBLE_BROKEN_LT
7671,2026-08-01 02:07:50,TR-104,LT-003,233.0,7.036,1.519,0.927,50.05,0.73,NORMAL
9174,2026-08-01 00:19:33,TR-104,LT-005,185.5,7.016,1.082,0.831,49.982,9.7,WARNING
1808,2026-08-01 00:30:07,TR-101,LT-005,232.03,9.953,2.113,0.915,49.984,2.81,NORMAL
5112,2026-08-01 01:25:11,TR-103,LT-005,240.16,8.655,1.894,0.911,49.982,2.75,NORMAL
3990,2026-08-01 01:06:29,TR-101,LT-001,226.9,11.425,2.41,0.93,50.042,1.39,NORMAL
3456,2026-08-01 00:57:35,TR-103,LT-003,238.21,9.219,2.047,0.932,50.048,1.71,NORMAL
2908,2026-08-01 00:48:27,TR-102,LT-003,225.48,8.673,1.761,0.9,50.083,2.03,NORMAL
6652,2026-08-01 01:50:51,TR-104,LT-004,228.62,5.69,1.199,0.922,50.014,0.01,NORMAL
8288,2026-08-01 00:04:47,TR-102,LT-003,168.21,8.623,1.252,0.863,49.925,14.03,WARNING
6245,2026-08-01 01:44:04,TR-103,LT-003,227.58,9.377,2.036,0.954,50.083,2.68,NORMAL
2698,2026-08-01 00:44:57,TR-103,LT-006,224.75,12.297,2.655,0.961,50.094,3.76,NORMAL
4017,2026-08-01 01:06:56,TR-103,LT-003,228.08,9.237,1.91,0.907,49.989,0.56,NORMAL
4340,2026-08-01 01:12:19,TR-101,LT-005,228.73,8.944,1.936,0.946,49.977,2.69,NORMAL
4646,2026-08-01 01:17:25,TR-102,LT-005,236.47,11.225,2.533,0.954,49.977,2.43,NORMAL
7740,2026-08-01 02:08:59,TR-101,LT-005,232.46,2.69,0.594,0.95,50.083,2.58,NORMAL
7092,2026-08-01 01:58:11,TR-101,LT-004,236.71,6.86,1.565,0.964,50.012,1.08,NORMAL
4693,2026-08-01 01:18:12,TR-101,LT-006,233.81,7.294,1.606,0.942,49.995,2.76,NORMAL
1740,2026-08-01 00:28:59,TR-104,LT-001,236.84,8.812,1.919,0.92,49.935,2.03,NORMAL
5407,2026-08-01 01:30:06,TR-102,LT-002,223.87,4.99,1.056,0.946,50.009,1.21,NORMAL
4589,2026-08-01 01:16:28,TR-102,LT-004,228.16,4.787,1.061,0.971,50.155,2.58,NORMAL
3126,2026-08-01 00:52:05,TR-102,LT-006,232.96,9.799,2.069,0.907,50.047,0.4,NORMAL
2158,2026-08-01 00:35:57,TR-104,LT-006,228.73,6.755,1.501,0.972,50.023,2.15,NORMAL
5334,2026-08-01 01:28:53,TR-101,LT-003,234.77,12.769,2.659,0.887,49.935,2.01,NORMAL
8637,2026-08-01 00:10:36,TR-101,LT-005,194.72,7.615,1.252,0.845,50.181,10.39,WARNING
1826,2026-08-01 00:30:25,TR-103,LT-004,231.77,4.932,1.094,0.957,49.966,0.82,NORMAL
4231,2026-08-01 01:10:30,TR-104,LT-002,223.72,8.619,1.808,0.938,49.906,3.13,NORMAL
3488,2026-08-01 00:58:07,TR-102,LT-005,232.66,5.797,1.269,0.941,50.048,0.92,NORMAL
9054,2026-08-01 00:17:33,TR-101,LT-004,178.2,10.665,1.343,0.707,50.08,8.41,WARNING
9769,2026-08-01 00:09:28,TR-103,LT-006,76.76,0.403,0.014,0.446,49.985,41.52,POSSIBLE_BROKEN_LT
3648,2026-08-01 01:00:47,TR-102,LT-005,230.85,7.87,1.642,0.904,49.946,1.23,NORMAL
5903,2026-08-01 01:38:22,TR-102,LT-005,229.39,7.907,1.777,0.98,50.025,3.32,NORMAL
6386,2026-08-01 01:46:25,TR-104,LT-003,235.07,8.511,1.827,0.913,50.087,3.1,NORMAL
5639,2026-08-01 01:33:58,TR-103,LT-001,228.64,11.356,2.488,0.958,50.12,2.98,NORMAL
6424,2026-08-01 01:47:03,TR-102,LT-005,230.55,7.31,1.582,0.938,49.928,0.91,NORMAL
7827,2026-08-01 02:10:26,TR-101,LT-003,229.76,5.729,1.274,0.968,49.881,2.16,NORMAL
7744,2026-08-01 02:09:03,TR-102,LT-001,232.4,8.579,1.951,0.979,49.946,2.19,NORMAL
3013,2026-08-01 00:50:12,TR-104,LT-006,224.85,7.733,1.62,0.932,50.13,2.84,NORMAL
7672,2026-08-01 02:07:51,TR-101,LT-002,221.94,8.473,1.705,0.907,49.981,2.75,NORMAL
9549,2026-08-01 00:05:48,TR-101,LT-005,77.8,0.218,0.015,0.9,50.074,21.86,POSSIBLE_BROKEN_LT
9978,2026-08-01 00:12:57,TR-103,LT-004,80.51,0.335,0.015,0.547,50.006,46.61,POSSIBLE_BROKEN_LT
3081,2026-08-01 00:51:20,TR-104,LT-001,234.8,9.778,2.133,0.929,50.032,1.76,NORMAL
3521,2026-08-01 00:58:40,TR-104,LT-005,232.01,10.633,2.323,0.942,49.846,2.83,NORMAL
4979,2026-08-01 01:22:58,TR-104,LT-006,231.56,9.05,2.017,0.963,50.02,1.12,NORMAL
7620,2026-08-01 02:06:59,TR-104,LT-004,231.58,7.282,1.639,0.972,50.109,1.68,NORMAL
4348,2026-08-01 01:12:27,TR-104,LT-002,223.67,7.91,1.624,0.918,49.986,2.05,NORMAL
8441,2026-08-01 00:07:20,TR-101,LT-006,196.81,6.335,1.05,0.842,49.883,12.47,WARNING
1347,2026-08-01 00:22:26,TR-101,LT-004,219.78,8.662,1.76,0.925,50.036,1.46,NORMAL
7088,2026-08-01 01:58:07,TR-102,LT-003,222.46,9.464,1.967,0.934,49.949,0.49,NORMAL
8948,2026-08-01 00:15:47,TR-103,LT-006,183.72,7.617,1.093,0.781,49.999,10.1,WARNING
5652,2026-08-01 01:34:11,TR-103,LT-004,230.33,11.507,2.433,0.918,49.904,2.39,NORMAL
8082,2026-08-01 00:01:21,TR-103,LT-002,162.6,9.554,1.377,0.887,49.887,21.33,WARNING
1792,2026-08-01 00:29:51,TR-101,LT-006,230.46,8.671,1.898,0.95,50.003,0.77,NORMAL
7429,2026-08-01 02:03:48,TR-103,LT-001,230.81,7.69,1.679,0.946,50.04,1.7,NORMAL
9580,2026-08-01 00:06:19,TR-104,LT-002,96.04,0.062,0.002,0.316,49.977,26.62,POSSIBLE_BROKEN_LT
9960,2026-08-01 00:12:39,TR-101,LT-004,63.78,0.251,0.007,0.411,49.955,55.3,POSSIBLE_BROKEN_LT
2271,2026-08-01 00:37:50,TR-103,LT-005,231.39,7.266,1.572,0.935,49.951,2.99,NORMAL
9767,2026-08-01 00:09:26,TR-102,LT-004,97.93,0.394,0.018,0.476,49.811,55.72,POSSIBLE_BROKEN_LT
2956,2026-08-01 00:49:15,TR-103,LT-004,236.99,7.697,1.695,0.929,50.008,3.83,NORMAL
3444,2026-08-01 00:57:23,TR-104,LT-006,236.35,8.855,2.012,0.961,49.951,2.0,NORMAL
7736,2026-08-01 02:08:55,TR-104,LT-003,223.31,11.09,2.302,0.93,50.143,0.63,NORMAL
834,2026-08-01 00:13:53,TR-101,LT-004,226.93,9.887,2.064,0.92,50.1,3.11,NORMAL
6499,2026-08-01 01:48:18,TR-101,LT-006,229.73,9.167,1.972,0.936,50.071,0.14,NORMAL
2992,2026-08-01 00:49:51,TR-104,LT-003,232.41,9.558,2.182,0.982,49.999,1.33,NORMAL
7793,2026-08-01 02:09:52,TR-101,LT-003,226.3,3.367,0.697,0.914,49.938,2.44,NORMAL
2151,2026-08-01 00:35:50,TR-102,LT-002,229.3,8.068,1.733,0.936,49.931,1.55,NORMAL
4023,2026-08-01 01:07:02,TR-103,LT-005,222.59,9.093,1.91,0.944,49.968,1.4,NORMAL
7615,2026-08-01 02:06:54,TR-102,LT-005,236.02,6.453,1.4,0.919,49.994,1.65,NORMAL
6124,2026-08-01 01:42:03,TR-102,LT-001,230.84,6.776,1.451,0.928,50.13,3.43,NORMAL
3339,2026-08-01 00:55:38,TR-104,LT-005,232.01,14.756,3.167,0.925,49.882,4.02,NORMAL
4344,2026-08-01 01:12:23,TR-101,LT-003,234.1,9.536,2.111,0.946,50.038,2.17,NORMAL
4464,2026-08-01 01:14:23,TR-104,LT-002,234.65,7.676,1.722,0.956,49.991,0.78,NORMAL
2376,2026-08-01 00:39:35,TR-102,LT-001,235.79,9.151,1.92,0.89,49.964,2.53,NORMAL
9044,2026-08-01 00:17:23,TR-101,LT-003,173.58,12.08,1.771,0.844,49.962,13.43,WARNING
5571,2026-08-01 01:32:50,TR-102,LT-006,229.99,7.412,1.605,0.941,50.101,4.51,NORMAL
8599,2026-08-01 00:09:58,TR-101,LT-001,183.44,7.206,1.07,0.809,50.105,18.64,WARNING
8504,2026-08-01 00:08:23,TR-103,LT-002,189.93,7.997,1.286,0.847,49.894,14.36,WARNING
8880,2026-08-01 00:14:39,TR-101,LT-006,180.23,11.483,1.727,0.834,50.129,9.51,WARNING
1887,2026-08-01 00:31:26,TR-103,LT-002,226.76,7.719,1.648,0.941,50.139,4.15,NORMAL
1198,2026-08-01 00:19:57,TR-101,LT-002,232.21,10.828,2.465,0.98,49.837,1.92,NORMAL
6427,2026-08-01 01:47:06,TR-104,LT-002,226.74,7.119,1.465,0.907,50.069,4.66,NORMAL
8911,2026-08-01 00:15:10,TR-104,LT-005,176.57,9.453,1.367,0.819,49.94,11.74,WARNING
2936,2026-08-01 00:48:55,TR-103,LT-003,235.89,5.859,1.305,0.944,49.994,1.61,NORMAL
6342,2026-08-01 01:45:41,TR-102,LT-006,229.55,10.369,2.222,0.933,49.955,1.3,NORMAL
1430,2026-08-01 00:23:49,TR-102,LT-006,228.89,12.054,2.652,0.961,50.086,2.76,NORMAL
6307,2026-08-01 01:45:06,TR-103,LT-004,226.76,5.681,1.189,0.923,49.855,2.5,NORMAL
3650,2026-08-01 01:00:49,TR-104,LT-001,228.28,9.972,2.107,0.926,49.82,0.8,NORMAL
1938,2026-08-01 00:32:17,TR-104,LT-004,231.87,9.717,2.149,0.954,49.916,2.97,NORMAL
5172,2026-08-01 01:26:11,TR-104,LT-004,224.91,10.296,2.26,0.976,49.982,2.45,NORMAL
7764,2026-08-01 02:09:23,TR-104,LT-004,232.43,7.289,1.603,0.946,50.162,3.56,NORMAL
6393,2026-08-01 01:46:32,TR-104,LT-001,223.64,6.91,1.422,0.92,49.977,0.74,NORMAL
1154,2026-08-01 00:19:13,TR-102,LT-002,224.71,9.151,2.033,0.988,49.841,1.84,NORMAL
6250,2026-08-01 01:44:09,TR-101,LT-005,234.03,9.585,2.065,0.92,50.008,0.38,NORMAL
7037,2026-08-01 01:57:16,TR-103,LT-004,223.71,8.087,1.764,0.975,50.033,2.83,NORMAL
4229,2026-08-01 01:10:28,TR-103,LT-001,231.11,9.934,2.125,0.925,50.004,0.83,NORMAL
4975,2026-08-01 01:22:54,TR-102,LT-005,224.11,10.293,2.165,0.938,50.013,1.68,NORMAL
6401,2026-08-01 01:46:40,TR-104,LT-005,231.32,7.891,1.774,0.972,49.964,2.89,NORMAL
3640,2026-08-01 01:00:39,TR-101,LT-003,231.83,9.217,1.987,0.93,49.825,2.67,NORMAL
3972,2026-08-01 01:06:11,TR-101,LT-005,225.59,5.1,1.07,0.93,49.9,2.96,NORMAL
9594,2026-08-01 00:06:33,TR-103,LT-004,72.59,0.121,0.003,0.307,49.98,52.41,POSSIBLE_BROKEN_LT
3376,2026-08-01 00:56:15,TR-101,LT-002,225.9,4.637,0.985,0.94,50.017,1.67,NORMAL
2487,2026-08-01 00:41:26,TR-104,LT-002,228.45,7.515,1.528,0.89,49.926,0.5,NORMAL
6954,2026-08-01 01:55:53,TR-101,LT-005,227.33,6.491,1.307,0.886,50.027,1.53,NORMAL
606,2026-08-01 00:10:05,TR-101,LT-004,237.51,10.276,2.269,0.93,49.975,1.64,NORMAL
7444,2026-08-01 02:04:03,TR-102,LT-003,233.15,8.874,1.943,0.939,50.112,3.32,NORMAL
5928,2026-08-01 01:38:47,TR-102,LT-005,230.67,3.804,0.807,0.919,50.04,4.0,NORMAL
2454,2026-08-01 00:40:53,TR-104,LT-001,227.14,10.373,2.3,0.976,50.004,3.24,NORMAL
3609,2026-08-01 01:00:08,TR-103,LT-002,224.6,5.437,1.137,0.931,50.021,2.41,NORMAL
1484,2026-08-01 00:24:43,TR-104,LT-001,228.4,8.55,1.81,0.927,50.016,1.67,NORMAL
4519,2026-08-01 01:15:18,TR-101,LT-006,231.39,9.777,2.068,0.914,49.879,2.52,NORMAL
3038,2026-08-01 00:50:37,TR-102,LT-005,230.68,8.866,1.937,0.947,49.978,3.42,NORMAL
9352,2026-08-01 00:02:31,TR-102,LT-002,115.96,0.181,0.003,0.148,50.019,52.22,POSSIBLE_BROKEN_LT
7692,2026-08-01 02:08:11,TR-102,LT-003,227.61,5.204,1.145,0.967,50.044,2.77,NORMAL
4116,2026-08-01 01:08:35,TR-102,LT-003,228.51,9.439,2.016,0.935,49.962,1.16,NORMAL
1427,2026-08-01 00:23:46,TR-101,LT-006,238.22,6.044,1.345,0.934,49.975,2.91,NORMAL
497,2026-08-01 00:08:16,TR-101,LT-005,225.85,9.071,1.955,0.954,50.15,2.55,NORMAL
3353,2026-08-01 00:55:52,TR-104,LT-004,231.71,11.109,2.342,0.91,50.077,2.6,NORMAL
8794,2026-08-01 00:13:13,TR-103,LT-005,187.77,10.675,1.624,0.81,50.035,5.09,WARNING
759,2026-08-01 00:12:38,TR-102,LT-005,226.57,8.327,1.798,0.953,50.099,0.95,NORMAL
838,2026-08-01 00:13:57,TR-102,LT-001,226.01,5.301,1.106,0.923,49.949,0.69,NORMAL
4327,2026-08-01 01:12:06,TR-101,LT-005,227.62,5.607,1.199,0.94,49.943,1.15,NORMAL
2128,2026-08-01 00:35:27,TR-102,LT-003,234.46,2.555,0.549,0.916,50.006,1.55,NORMAL
1023,2026-08-01 00:17:02,TR-103,LT-006,229.9,5.929,1.298,0.952,50.012,2.78,NORMAL
8762,2026-08-01 00:12:41,TR-102,LT-004,196.91,13.521,2.238,0.841,49.995,12.68,WARNING
5614,2026-08-01 01:33:33,TR-101,LT-006,230.37,6.559,1.442,0.954,49.978,0.88,NORMAL
5581,2026-08-01 01:33:00,TR-103,LT-006,237.6,8.11,1.785,0.926,49.88,1.77,NORMAL
1058,2026-08-01 00:17:37,TR-101,LT-003,234.69,7.77,1.7,0.932,50.05,1.54,NORMAL
9542,2026-08-01 00:05:41,TR-102,LT-005,56.58,0.286,0.008,0.522,49.993,67.07,POSSIBLE_BROKEN_LT
6856,2026-08-01 01:54:15,TR-101,LT-005,236.77,8.228,1.736,0.891,50.047,2.11,NORMAL
7349,2026-08-01 02:02:28,TR-101,LT-006,226.4,4.857,1.017,0.925,49.841,1.92,NORMAL
9045,2026-08-01 00:17:24,TR-101,LT-006,173.39,12.934,1.867,0.832,50.032,21.1,WARNING
2129,2026-08-01 00:35:28,TR-101,LT-004,232.86,8.332,1.831,0.944,49.94,0.37,NORMAL
2767,2026-08-01 00:46:06,TR-102,LT-003,229.87,1.963,0.419,0.928,49.989,2.57,NORMAL
2109,2026-08-01 00:35:08,TR-101,LT-006,228.69,7.846,1.674,0.933,50.047,1.21,NORMAL
3617,2026-08-01 01:00:16,TR-103,LT-002,226.06,7.301,1.563,0.947,50.033,1.75,NORMAL
1545,2026-08-01 00:25:44,TR-101,LT-001,227.59,10.817,2.219,0.902,50.013,1.18,NORMAL
6914,2026-08-01 01:55:13,TR-103,LT-002,234.65,7.701,1.589,0.879,49.924,3.82,NORMAL
1719,2026-08-01 00:28:38,TR-101,LT-004,232.84,9.19,2.007,0.938,49.886,1.41,NORMAL
7435,2026-08-01 02:03:54,TR-102,LT-005,228.2,5.609,1.188,0.928,49.975,1.12,NORMAL
7365,2026-08-01 02:02:44,TR-103,LT-005,234.15,5.105,1.158,0.969,49.983,1.44,NORMAL
6235,2026-08-01 01:43:54,TR-104,LT-004,229.11,9.103,1.961,0.94,50.003,2.01,NORMAL
725,2026-08-01 00:12:04,TR-104,LT-001,230.68,7.723,1.704,0.956,50.012,1.85,NORMAL
6673,2026-08-01 01:51:12,TR-102,LT-005,231.48,8.991,1.808,0.869,50.089,3.01,NORMAL
8029,2026-08-01 00:00:28,TR-103,LT-002,195.93,8.056,1.276,0.808,50.029,9.07,WARNING
5492,2026-08-01 01:31:31,TR-101,LT-002,234.09,9.519,2.17,0.974,50.066,1.45,NORMAL
1128,2026-08-01 00:18:47,TR-101,LT-005,226.98,6.371,1.362,0.942,49.991,3.54,NORMAL
2957,2026-08-01 00:49:16,TR-101,LT-002,233.73,3.693,0.817,0.947,49.912,0.74,NORMAL
5156,2026-08-01 01:25:55,TR-102,LT-004,229.96,9.569,2.106,0.957,49.964,3.12,NORMAL
4817,2026-08-01 01:20:16,TR-102,LT-001,235.28,8.193,1.879,0.975,50.086,2.79,NORMAL
6202,2026-08-01 01:43:21,TR-103,LT-003,225.61,8.363,1.785,0.946,49.915,1.96,NORMAL
6224,2026-08-01 01:43:43,TR-101,LT-006,237.52,9.103,2.101,0.972,49.955,0.71,NORMAL
8686,2026-08-01 00:11:25,TR-101,LT-002,168.22,10.721,1.398,0.775,49.931,19.06,WARNING
7114,2026-08-01 01:58:33,TR-101,LT-003,226.21,6.919,1.447,0.925,49.991,2.01,NORMAL
5275,2026-08-01 01:27:54,TR-104,LT-004,228.36,8.271,1.765,0.935,50.042,2.59,NORMAL
8536,2026-08-01 00:08:55,TR-102,LT-001,143.05,10.31,1.282,0.869,50.067,9.76,WARNING
3044,2026-08-01 00:50:43,TR-104,LT-005,230.9,10.15,2.197,0.937,49.951,3.57,NORMAL
6912,2026-08-01 01:55:11,TR-102,LT-006,235.36,4.21,0.937,0.945,50.091,2.49,NORMAL
150,2026-08-01 00:02:29,TR-103,LT-004,231.19,6.882,1.451,0.912,49.892,1.43,NORMAL
7574,2026-08-01 02:06:13,TR-103,LT-001,235.93,9.319,2.026,0.921,50.006,1.2,NORMAL
4206,2026-08-01 01:10:05,TR-104,LT-005,227.49,9.518,2.087,0.964,50.023,3.92,NORMAL
5493,2026-08-01 01:31:32,TR-104,LT-004,228.48,7.552,1.625,0.941,50.006,1.38,NORMAL
2690,2026-08-01 00:44:49,TR-102,LT-004,232.45,6.989,1.521,0.936,50.016,1.22,NORMAL
4221,2026-08-01 01:10:20,TR-104,LT-004,220.43,9.116,1.962,0.977,50.032,1.67,NORMAL
9102,2026-08-01 00:18:21,TR-102,LT-002,145.84,7.895,0.872,0.757,49.953,8.03,WARNING
842,2026-08-01 00:14:01,TR-102,LT-004,232.7,9.439,2.12,0.965,49.953,2.93,NORMAL
8137,2026-08-01 00:02:16,TR-104,LT-003,179.01,10.662,1.641,0.86,50.089,4.27,WARNING
6438,2026-08-01 01:47:17,TR-103,LT-001,228.88,6.584,1.414,0.938,49.847,1.0,NORMAL
9700,2026-08-01 00:08:19,TR-104,LT-003,67.05,0.439,0.003,0.086,49.92,35.16,POSSIBLE_BROKEN_LT
6200,2026-08-01 01:43:19,TR-104,LT-001,228.57,7.625,1.596,0.916,49.906,2.26,NORMAL
2795,2026-08-01 00:46:34,TR-104,LT-004,229.87,9.706,2.151,0.964,49.973,2.18,NORMAL
7626,2026-08-01 02:07:05,TR-103,LT-005,233.38,12.926,2.859,0.948,50.009,2.65,NORMAL
8475,2026-08-01 00:07:54,TR-103,LT-004,203.07,12.193,2.024,0.818,49.924,17.42,WARNING
7890,2026-08-01 02:11:29,TR-104,LT-006,228.93,11.343,2.352,0.906,49.922,2.23,NORMAL
6608,2026-08-01 01:50:07,TR-104,LT-001,230.75,6.133,1.283,0.906,49.92,1.71,NORMAL
9195,2026-08-01 00:19:54,TR-103,LT-003,207.99,10.338,1.634,0.76,50.037,22.49,WARNING
8248,2026-08-01 00:04:07,TR-101,LT-006,161.16,11.421,1.453,0.79,49.949,14.68,WARNING
1393,2026-08-01 00:23:12,TR-102,LT-004,238.05,7.564,1.71,0.95,49.999,4.3,NORMAL
1922,2026-08-01 00:32:01,TR-103,LT-003,232.99,8.454,1.853,0.941,49.982,3.33,NORMAL
7019,2026-08-01 01:56:58,TR-102,LT-006,235.16,6.02,1.372,0.969,49.972,1.59,NORMAL
3622,2026-08-01 01:00:21,TR-104,LT-004,231.41,10.651,2.439,0.99,50.056,3.69,NORMAL
4849,2026-08-01 01:20:48,TR-103,LT-004,227.75,4.854,1.007,0.911,50.162,0.68,NORMAL
2292,2026-08-01 00:38:11,TR-101,LT-002,233.92,5.216,1.147,0.94,49.848,2.53,NORMAL
2134,2026-08-01 00:35:33,TR-104,LT-004,232.37,7.453,1.675,0.967,49.918,1.78,NORMAL
551,2026-08-01 00:09:10,TR-101,LT-006,230.35,5.342,1.196,0.972,49.885,3.11,NORMAL
1741,2026-08-01 00:29:00,TR-102,LT-006,229.58,6.372,1.449,0.991,50.101,3.21,NORMAL
5290,2026-08-01 01:28:09,TR-101,LT-006,233.64,8.798,1.961,0.954,50.047,1.64,NORMAL
1818,2026-08-01 00:30:17,TR-104,LT-001,227.12,8.004,1.662,0.914,49.939,1.29,NORMAL
4699,2026-08-01 01:18:18,TR-103,LT-006,230.51,5.227,1.148,0.952,49.885,1.72,NORMAL
5182,2026-08-01 01:26:21,TR-103,LT-003,228.21,5.756,1.245,0.948,49.936,3.59,NORMAL
3019,2026-08-01 00:50:18,TR-102,LT-004,228.2,5.336,1.122,0.921,50.065,1.64,NORMAL
18,2026-08-01 00:00:17,TR-102,LT-004,231.26,6.52,1.386,0.92,50.064,2.15,NORMAL
1771,2026-08-01 00:29:30,TR-104,LT-002,230.17,0.3,0.068,0.986,49.95,3.95,NORMAL
1889,2026-08-01 00:31:28,TR-101,LT-001,228.1,8.512,1.716,0.884,50.044,3.45,NORMAL
2153,2026-08-01 00:35:52,TR-101,LT-002,230.08,7.086,1.499,0.92,49.994,2.33,NORMAL
1643,2026-08-01 00:27:22,TR-103,LT-003,229.68,8.529,1.864,0.952,50.048,1.15,NORMAL
7847,2026-08-01 02:10:46,TR-104,LT-006,226.43,6.754,1.404,0.918,50.057,2.91,NORMAL
4194,2026-08-01 01:09:53,TR-102,LT-003,220.29,9.6,1.889,0.893,50.003,3.36,NORMAL
9433,2026-08-01 00:03:52,TR-101,LT-001,98.47,0.361,0.015,0.429,49.977,23.35,POSSIBLE_BROKEN_LT
8899,2026-08-01 00:14:58,TR-101,LT-004,163.39,8.771,1.242,0.867,49.999,10.11,WARNING
534,2026-08-01 00:08:53,TR-101,LT-001,225.16,10.766,2.405,0.992,50.05,0.9,NORMAL
133,2026-08-01 00:02:12,TR-101,LT-004,225.75,8.562,1.766,0.914,49.935,1.84,NORMAL
7723,2026-08-01 02:08:42,TR-101,LT-006,230.66,5.901,1.293,0.95,49.957,1.58,NORMAL
8459,2026-08-01 00:07:38,TR-101,LT-004,200.09,7.462,1.276,0.855,50.017,12.2,WARNING
965,2026-08-01 00:16:04,TR-101,LT-002,229.64,9.334,1.995,0.931,49.963,0.26,NORMAL
8720,2026-08-01 00:11:59,TR-104,LT-005,177.55,14.841,2.034,0.772,50.03,6.64,WARNING
6413,2026-08-01 01:46:52,TR-102,LT-005,222.78,6.283,1.312,0.938,50.065,2.77,NORMAL
8286,2026-08-01 00:04:45,TR-102,LT-006,200.95,5.766,0.91,0.785,49.865,7.22,WARNING
7854,2026-08-01 02:10:53,TR-101,LT-001,232.17,5.992,1.335,0.96,50.106,2.79,NORMAL
1096,2026-08-01 00:18:15,TR-104,LT-005,229.68,8.311,1.674,0.877,49.905,2.14,NORMAL
6930,2026-08-01 01:55:29,TR-101,LT-004,225.7,8.178,1.758,0.953,49.975,2.15,NORMAL
9255,2026-08-01 00:00:54,TR-103,LT-003,87.77,0.344,0.01,0.331,49.963,21.0,POSSIBLE_BROKEN_LT
1562,2026-08-01 00:26:01,TR-101,LT-005,227.01,6.393,1.434,0.988,49.983,1.23,NORMAL
1671,2026-08-01 00:27:50,TR-104,LT-002,229.04,8.374,1.746,0.91,49.996,2.86,NORMAL
6088,2026-08-01 01:41:27,TR-101,LT-001,223.81,5.462,1.114,0.912,49.963,0.76,NORMAL
6670,2026-08-01 01:51:09,TR-104,LT-005,232.81,6.2,1.312,0.909,50.117,2.32,NORMAL
5934,2026-08-01 01:38:53,TR-103,LT-001,220.74,7.409,1.566,0.958,50.037,1.02,NORMAL
8830,2026-08-01 00:13:49,TR-104,LT-001,181.12,10.585,1.593,0.831,49.93,13.06,WARNING
7946,2026-08-01 02:12:25,TR-101,LT-001,226.23,7.212,1.466,0.899,49.948,2.79,NORMAL
3509,2026-08-01 00:58:28,TR-103,LT-003,232.0,10.37,2.233,0.928,50.066,0.18,NORMAL
2003,2026-08-01 00:33:22,TR-101,LT-006,226.83,6.805,1.478,0.957,49.915,1.88,NORMAL
5867,2026-08-01 01:37:46,TR-103,LT-005,227.37,9.437,2.084,0.971,49.966,0.26,NORMAL
169,2026-08-01 00:02:48,TR-102,LT-005,229.02,6.494,1.461,0.982,49.913,2.63,NORMAL
2589,2026-08-01 00:43:08,TR-103,LT-004,226.8,8.797,1.817,0.911,49.948,2.37,NORMAL
5906,2026-08-01 01:38:25,TR-103,LT-003,228.45,3.811,0.816,0.937,50.002,1.37,NORMAL
9530,2026-08-01 00:05:29,TR-101,LT-002,71.86,0.303,0.012,0.55,49.978,31.05,POSSIBLE_BROKEN_LT
6385,2026-08-01 01:46:24,TR-102,LT-006,231.76,10.903,2.31,0.914,49.878,0.7,NORMAL
7825,2026-08-01 02:10:24,TR-102,LT-001,233.85,11.5,2.585,0.961,50.102,1.79,NORMAL
9780,2026-08-01 00:09:39,TR-102,LT-005,61.79,0.413,0.01,0.405,49.996,49.31,POSSIBLE_BROKEN_LT
4630,2026-08-01 01:17:09,TR-101,LT-006,231.7,5.133,1.09,0.916,49.913,2.16,NORMAL
8561,2026-08-01 00:09:20,TR-102,LT-004,182.0,10.038,1.651,0.904,50.136,12.32,WARNING
9292,2026-08-01 00:01:31,TR-101,LT-001,70.84,0.238,0.007,0.402,49.903,41.88,POSSIBLE_BROKEN_LT
6875,2026-08-01 01:54:34,TR-104,LT-005,224.61,9.228,2.002,0.966,49.939,3.6,NORMAL
6522,2026-08-01 01:48:41,TR-104,LT-004,229.7,8.307,1.807,0.947,50.092,1.12,NORMAL
8980,2026-08-01 00:16:19,TR-102,LT-003,205.84,9.252,1.55,0.814,50.032,4.25,WARNING
6648,2026-08-01 01:50:47,TR-102,LT-001,226.25,6.157,1.209,0.868,50.113,2.58,NORMAL
9826,2026-08-01 00:10:25,TR-103,LT-004,66.08,0.409,0.017,0.625,50.02,51.33,POSSIBLE_BROKEN_LT
211,2026-08-01 00:03:30,TR-103,LT-005,232.28,9.246,2.096,0.976,50.053,1.16,NORMAL
5279,2026-08-01 01:27:58,TR-102,LT-003,226.9,6.342,1.347,0.936,49.977,2.13,NORMAL
1920,2026-08-01 00:31:59,TR-102,LT-004,228.11,8.191,1.796,0.961,50.008,1.93,NORMAL
719,2026-08-01 00:11:58,TR-102,LT-002,228.55,9.047,1.899,0.918,49.915,1.84,NORMAL
4869,2026-08-01 01:21:08,TR-104,LT-006,230.59,8.989,1.99,0.96,49.984,1.89,NORMAL
7835,2026-08-01 02:10:34,TR-101,LT-005,230.87,7.166,1.565,0.946,50.045,4.55,NORMAL
1299,2026-08-01 00:21:38,TR-102,LT-002,231.07,8.26,1.741,0.912,49.984,2.04,NORMAL
9194,2026-08-01 00:19:53,TR-104,LT-003,150.25,11.834,1.608,0.905,50.081,18.65,WARNING
4618,2026-08-01 01:16:57,TR-101,LT-002,218.65,9.122,1.881,0.943,49.978,2.14,NORMAL
3129,2026-08-01 00:52:08,TR-101,LT-005,230.29,6.598,1.404,0.924,50.066,2.18,NORMAL
9796,2026-08-01 00:09:55,TR-101,LT-001,79.55,0.14,0.002,0.218,49.846,32.11,POSSIBLE_BROKEN_LT
3980,2026-08-01 01:06:19,TR-102,LT-006,225.8,12.474,2.671,0.948,49.88,1.1,NORMAL
9925,2026-08-01 00:12:04,TR-103,LT-005,89.44,0.158,0.009,0.62,49.91,36.75,POSSIBLE_BROKEN_LT
8318,2026-08-01 00:05:17,TR-101,LT-002,203.85,11.076,1.999,0.885,50.048,4.41,WARNING
4394,2026-08-01 01:13:13,TR-103,LT-001,227.87,6.449,1.404,0.955,50.003,2.78,NORMAL
1288,2026-08-01 00:21:27,TR-103,LT-003,232.03,8.784,1.878,0.921,49.879,2.93,NORMAL
4356,2026-08-01 01:12:35,TR-104,LT-004,232.86,9.134,1.906,0.896,49.989,2.03,NORMAL
7014,2026-08-01 01:56:53,TR-101,LT-006,232.93,10.295,2.353,0.981,49.911,1.16,NORMAL
3886,2026-08-01 01:04:45,TR-103,LT-005,232.15,9.522,2.023,0.915,50.101,2.12,NORMAL
5750,2026-08-01 01:35:49,TR-104,LT-003,226.09,9.212,2.027,0.973,50.024,2.23,NORMAL
9170,2026-08-01 00:19:29,TR-104,LT-002,189.05,10.381,1.805,0.92,50.168,13.93,WARNING
2408,2026-08-01 00:40:07,TR-103,LT-006,233.32,6.5,1.431,0.943,49.931,2.42,NORMAL
2014,2026-08-01 00:33:33,TR-102,LT-006,226.24,7.068,1.482,0.927,49.95,2.06,NORMAL
5154,2026-08-01 01:25:53,TR-102,LT-001,227.88,10.613,2.201,0.91,49.84,2.94,NORMAL
8552,2026-08-01 00:09:11,TR-102,LT-006,192.17,8.478,1.442,0.885,50.17,3.38,WARNING
4377,2026-08-01 01:12:56,TR-101,LT-003,220.51,8.346,1.726,0.938,49.908,2.78,NORMAL
8823,2026-08-01 00:13:42,TR-103,LT-005,173.46,10.084,1.383,0.791,50.06,10.53,WARNING
4274,2026-08-01 01:11:13,TR-101,LT-005,225.68,5.623,1.184,0.933,50.038,2.35,NORMAL
5826,2026-08-01 01:37:05,TR-104,LT-001,223.3,10.613,2.311,0.975,49.907,0.16,NORMAL
6700,2026-08-01 01:51:39,TR-103,LT-004,226.7,5.109,1.093,0.944,49.983,4.06,NORMAL
7244,2026-08-01 02:00:43,TR-103,LT-004,227.43,9.246,1.994,0.948,50.083,2.59,NORMAL
450,2026-08-01 00:07:29,TR-103,LT-005,225.76,8.665,1.892,0.967,49.991,2.91,NORMAL
2228,2026-08-01 00:37:07,TR-103,LT-002,227.6,8.174,1.79,0.962,50.003,2.09,NORMAL
5757,2026-08-01 01:35:56,TR-103,LT-001,232.28,11.366,2.474,0.937,50.006,2.67,NORMAL
811,2026-08-01 00:13:30,TR-101,LT-004,229.25,8.289,1.796,0.945,50.038,3.06,NORMAL
4181,2026-08-01 01:09:40,TR-103,LT-001,231.11,8.001,1.67,0.903,49.924,1.09,NORMAL
9001,2026-08-01 00:16:40,TR-104,LT-004,173.88,12.224,1.605,0.755,50.095,5.41,WARNING
5439,2026-08-01 01:30:38,TR-104,LT-001,231.37,9.869,2.248,0.985,49.976,2.24,NORMAL
7534,2026-08-01 02:05:33,TR-101,LT-003,228.24,5.049,1.105,0.959,49.959,2.16,NORMAL
6370,2026-08-01 01:46:09,TR-101,LT-004,228.29,5.756,1.237,0.941,50.13,2.2,NORMAL
8417,2026-08-01 00:06:56,TR-103,LT-002,138.96,11.366,1.327,0.84,49.961,6.22,WARNING
1478,2026-08-01 00:24:37,TR-101,LT-004,231.68,11.182,2.422,0.935,49.963,0.61,NORMAL
1791,2026-08-01 00:29:50,TR-101,LT-001,222.5,9.645,1.986,0.925,50.015,2.6,NORMAL
2009,2026-08-01 00:33:28,TR-104,LT-001,232.64,6.305,1.363,0.929,50.104,2.83,NORMAL
683,2026-08-01 00:11:22,TR-104,LT-004,227.9,4.625,0.964,0.914,50.107,2.39,NORMAL
2817,2026-08-01 00:46:56,TR-102,LT-001,231.93,8.192,1.86,0.979,49.932,0.59,NORMAL
9432,2026-08-01 00:03:51,TR-102,LT-004,93.32,0.199,0.009,0.506,50.011,54.41,POSSIBLE_BROKEN_LT
3775,2026-08-01 01:02:54,TR-101,LT-006,222.92,10.606,2.277,0.963,50.081,2.16,NORMAL
6496,2026-08-01 01:48:15,TR-101,LT-001,231.53,3.583,0.77,0.928,50.045,2.94,NORMAL
8879,2026-08-01 00:14:38,TR-103,LT-003,189.98,12.278,1.871,0.802,50.139,14.22,WARNING
7362,2026-08-01 02:02:41,TR-103,LT-006,232.65,8.139,1.7,0.898,49.91,1.79,NORMAL
8367,2026-08-01 00:06:06,TR-103,LT-005,171.56,9.666,1.434,0.865,49.93,13.65,WARNING
7475,2026-08-01 02:04:34,TR-102,LT-006,229.62,6.242,1.328,0.927,49.921,1.32,NORMAL
47,2026-08-01 00:00:46,TR-102,LT-006,228.16,6.742,1.411,0.917,50.046,0.07,NORMAL
31,2026-08-01 00:00:30,TR-101,LT-004,227.59,7.17,1.56,0.956,49.907,0.23,NORMAL
8251,2026-08-01 00:04:10,TR-104,LT-006,204.39,7.432,1.207,0.794,49.956,6.83,WARNING
6936,2026-08-01 01:55:35,TR-103,LT-002,231.92,6.973,1.514,0.936,49.971,1.4,NORMAL
1469,2026-08-01 00:24:28,TR-101,LT-006,225.22,6.63,1.349,0.904,49.884,1.31,NORMAL
1666,2026-08-01 00:27:45,TR-103,LT-002,229.91,10.549,2.377,0.98,50.085,2.24,NORMAL
1417,2026-08-01 00:23:36,TR-102,LT-003,230.23,11.468,2.526,0.957,49.977,2.81,NORMAL
6481,2026-08-01 01:48:00,TR-103,LT-002,232.77,6.282,1.416,0.968,50.01,1.55,NORMAL
4853,2026-08-01 01:20:52,TR-102,LT-005,232.12,6.436,1.433,0.959,49.973,3.59,NORMAL
2471,2026-08-01 00:41:10,TR-103,LT-005,234.29,9.048,1.94,0.915,49.855,2.32,NORMAL
4374,2026-08-01 01:12:53,TR-104,LT-005,230.54,6.094,1.324,0.942,50.054,1.29,NORMAL
8525,2026-08-01 00:08:44,TR-104,LT-002,174.69,6.488,0.911,0.804,49.934,5.31,WARNING
430,2026-08-01 00:07:09,TR-103,LT-003,222.97,6.934,1.403,0.908,50.016,1.82,NORMAL
5245,2026-08-01 01:27:24,TR-103,LT-002,233.89,7.994,1.731,0.926,50.142,1.31,NORMAL
2120,2026-08-01 00:35:19,TR-103,LT-002,229.24,5.754,1.141,0.865,49.984,3.3,NORMAL
386,2026-08-01 00:06:25,TR-102,LT-001,230.6,5.084,1.04,0.887,50.029,2.37,NORMAL
1946,2026-08-01 00:32:25,TR-103,LT-005,228.52,4.436,0.924,0.911,49.998,1.84,NORMAL
4225,2026-08-01 01:10:24,TR-103,LT-004,224.51,6.786,1.432,0.94,49.999,2.03,NORMAL
474,2026-08-01 00:07:53,TR-102,LT-001,235.47,6.811,1.554,0.969,50.025,3.5,NORMAL
2130,2026-08-01 00:35:29,TR-103,LT-002,232.87,5.701,1.277,0.962,50.066,1.52,NORMAL
6557,2026-08-01 01:49:16,TR-102,LT-006,229.57,4.636,1.037,0.974,49.963,2.57,NORMAL
6999,2026-08-01 01:56:38,TR-101,LT-001,229.98,6.232,1.344,0.938,50.073,0.51,NORMAL
1056,2026-08-01 00:17:35,TR-101,LT-001,227.31,6.619,1.487,0.988,49.996,1.68,NORMAL
3275,2026-08-01 00:54:34,TR-103,LT-002,226.33,9.417,2.024,0.95,49.881,1.43,NORMAL
4962,2026-08-01 01:22:41,TR-102,LT-005,225.88,10.09,2.126,0.933,50.026,3.93,NORMAL
5364,2026-08-01 01:29:23,TR-103,LT-001,226.29,6.266,1.377,0.971,49.843,2.31,NORMAL
5817,2026-08-01 01:36:56,TR-104,LT-001,226.74,8.168,1.721,0.929,49.847,1.12,NORMAL
812,2026-08-01 00:13:31,TR-102,LT-005,228.24,8.662,1.918,0.97,49.96,2.07,NORMAL
4574,2026-08-01 01:16:13,TR-103,LT-006,227.66,4.682,1.001,0.939,50.102,3.69,NORMAL
6138,2026-08-01 01:42:17,TR-104,LT-004,227.72,6.269,1.374,0.963,49.971,3.46,NORMAL
2389,2026-08-01 00:39:48,TR-102,LT-004,233.56,11.623,2.497,0.92,49.896,1.71,NORMAL
9649,2026-08-01 00:07:28,TR-103,LT-002,31.51,0.166,0.002,0.288,50.043,44.88,POSSIBLE_BROKEN_LT
6226,2026-08-01 01:43:45,TR-103,LT-004,228.69,11.402,2.467,0.946,50.009,1.73,NORMAL
112,2026-08-01 00:01:51,TR-103,LT-003,229.89,4.136,0.913,0.96,49.992,1.79,NORMAL
8910,2026-08-01 00:15:09,TR-104,LT-005,180.4,7.088,1.155,0.904,50.119,6.64,WARNING
1746,2026-08-01 00:29:05,TR-103,LT-005,230.95,9.302,1.964,0.914,50.068,2.46,NORMAL
7852,2026-08-01 02:10:51,TR-101,LT-005,228.77,5.042,1.079,0.936,49.982,2.02,NORMAL
1453,2026-08-01 00:24:12,TR-103,LT-003,230.96,6.748,1.513,0.971,50.057,0.42,NORMAL
320,2026-08-01 00:05:19,TR-104,LT-005,229.48,7.014,1.573,0.977,50.084,2.95,NORMAL
8594,2026-08-01 00:09:53,TR-103,LT-006,173.14,10.183,1.366,0.775,49.854,9.68,WARNING
3334,2026-08-01 00:55:33,TR-104,LT-005,232.3,10.201,2.189,0.924,49.979,3.19,NORMAL
1923,2026-08-01 00:32:02,TR-102,LT-005,225.71,4.562,0.993,0.964,49.901,1.25,NORMAL
5866,2026-08-01 01:37:45,TR-104,LT-002,227.6,11.033,2.508,0.999,50.029,1.56,NORMAL
9529,2026-08-01 00:05:28,TR-102,LT-003,52.17,0.248,0.004,0.33,49.964,31.41,POSSIBLE_BROKEN_LT
3686,2026-08-01 01:01:25,TR-101,LT-002,226.6,9.014,1.93,0.945,50.087,1.79,NORMAL
4276,2026-08-01 01:11:15,TR-103,LT-002,229.59,10.054,2.092,0.906,50.095,3.9,NORMAL
4890,2026-08-01 01:21:29,TR-101,LT-005,232.54,6.722,1.5,0.96,50.049,1.88,NORMAL
5226,2026-08-01 01:27:05,TR-102,LT-006,225.71,14.858,3.065,0.914,50.057,2.78,NORMAL
7473,2026-08-01 02:04:32,TR-101,LT-003,225.05,10.167,2.085,0.911,49.976,2.18,NORMAL
3606,2026-08-01 01:00:05,TR-101,LT-006,226.84,5.845,1.247,0.94,50.067,0.81,NORMAL
1053,2026-08-01 00:17:32,TR-102,LT-001,231.98,7.858,1.823,1.0,49.983,1.96,NORMAL
4157,2026-08-01 01:09:16,TR-101,LT-006,232.11,8.212,1.761,0.924,49.919,2.97,NORMAL
9677,2026-08-01 00:07:56,TR-103,LT-006,113.29,0.375,0.019,0.451,50.066,40.13,POSSIBLE_BROKEN_LT
100,2026-08-01 00:01:39,TR-101,LT-001,229.06,8.333,1.819,0.953,50.127,0.24,NORMAL
7509,2026-08-01 02:05:08,TR-103,LT-004,226.8,8.776,1.858,0.933,50.016,1.32,NORMAL
1457,2026-08-01 00:24:16,TR-104,LT-003,233.01,9.563,2.015,0.904,50.139,1.4,NORMAL
7689,2026-08-01 02:08:08,TR-101,LT-001,229.06,8.653,1.846,0.931,49.872,0.77,NORMAL
4005,2026-08-01 01:06:44,TR-101,LT-002,224.53,8.032,1.628,0.903,50.086,3.77,NORMAL
6867,2026-08-01 01:54:26,TR-101,LT-001,234.38,10.047,2.262,0.96,50.022,1.45,NORMAL
4510,2026-08-01 01:15:09,TR-102,LT-001,229.72,9.104,1.879,0.899,50.001,1.31,NORMAL
3300,2026-08-01 00:54:59,TR-101,LT-004,234.55,7.106,1.539,0.923,49.869,2.39,NORMAL
3800,2026-08-01 01:03:19,TR-101,LT-004,225.94,5.018,1.065,0.939,49.903,0.48,NORMAL
4282,2026-08-01 01:11:21,TR-101,LT-005,223.95,7.058,1.465,0.927,49.861,2.1,NORMAL
9052,2026-08-01 00:17:31,TR-104,LT-006,173.07,4.863,0.647,0.769,50.05,8.0,WARNING
6463,2026-08-01 01:47:42,TR-104,LT-003,229.33,8.283,1.807,0.951,50.003,2.09,NORMAL
7913,2026-08-01 02:11:52,TR-102,LT-003,229.15,6.064,1.292,0.93,49.841,1.63,NORMAL
1415,2026-08-01 00:23:34,TR-101,LT-003,227.43,5.551,1.169,0.926,50.115,0.98,NORMAL
541,2026-08-01 00:09:00,TR-102,LT-001,233.34,7.358,1.609,0.937,50.015,2.91,NORMAL
5816,2026-08-01 01:36:55,TR-104,LT-005,232.74,5.916,1.293,0.939,50.007,2.25,NORMAL
8200,2026-08-01 00:03:19,TR-103,LT-001,168.6,10.052,1.424,0.84,50.114,11.34,WARNING
3681,2026-08-01 01:01:20,TR-103,LT-006,225.52,6.019,1.31,0.965,50.069,1.94,NORMAL
755,2026-08-01 00:12:34,TR-104,LT-002,226.2,6.688,1.458,0.964,50.004,2.95,NORMAL
4197,2026-08-01 01:09:56,TR-104,LT-003,234.39,6.683,1.479,0.944,49.926,1.21,NORMAL
2651,2026-08-01 00:44:10,TR-104,LT-005,226.37,7.561,1.712,1.0,50.057,1.03,NORMAL
4523,2026-08-01 01:15:22,TR-101,LT-004,231.99,6.1,1.359,0.96,50.054,2.88,NORMAL
9520,2026-08-01 00:05:19,TR-101,LT-004,81.17,0.427,0.018,0.512,50.116,21.33,POSSIBLE_BROKEN_LT
3119,2026-08-01 00:51:58,TR-101,LT-004,234.19,10.186,2.172,0.91,50.191,0.02,NORMAL
3729,2026-08-01 01:02:08,TR-102,LT-003,225.2,7.0,1.486,0.943,49.9,2.99,NORMAL
3887,2026-08-01 01:04:46,TR-104,LT-003,221.22,7.759,1.6,0.932,50.068,2.19,NORMAL
7108,2026-08-01 01:58:27,TR-101,LT-003,229.4,7.487,1.564,0.91,50.028,0.07,NORMAL
8069,2026-08-01 00:01:08,TR-101,LT-002,198.97,10.157,1.822,0.902,49.997,14.39,WARNING
7326,2026-08-01 02:02:05,TR-101,LT-005,232.83,6.877,1.54,0.962,50.016,2.25,NORMAL
8484,2026-08-01 00:08:03,TR-101,LT-001,172.66,10.722,1.712,0.925,49.945,18.62,WARNING
8768,2026-08-01 00:12:47,TR-102,LT-002,202.34,8.76,1.424,0.803,49.985,11.1,WARNING
6501,2026-08-01 01:48:20,TR-104,LT-003,234.91,10.346,2.3,0.947,50.109,1.7,NORMAL
8427,2026-08-01 00:07:06,TR-101,LT-001,191.47,9.895,1.466,0.774,49.888,13.21,WARNING
7964,2026-08-01 02:12:43,TR-102,LT-006,232.94,8.304,1.808,0.935,49.994,3.94,NORMAL
602,2026-08-01 00:10:01,TR-104,LT-006,226.31,6.476,1.37,0.935,50.015,2.6,NORMAL
9250,2026-08-01 00:00:49,TR-102,LT-006,85.89,0.371,0.01,0.327,49.915,30.97,POSSIBLE_BROKEN_LT
8920,2026-08-01 00:15:19,TR-101,LT-006,165.03,7.452,1.084,0.881,49.878,8.43,WARNING
6815,2026-08-01 01:53:34,TR-104,LT-001,224.3,11.536,2.372,0.917,50.036,2.11,NORMAL
5412,2026-08-01 01:30:11,TR-103,LT-005,227.91,8.836,1.899,0.943,50.171,0.7,NORMAL
8748,2026-08-01 00:12:27,TR-103,LT-004,179.93,8.361,1.199,0.797,50.1,6.73,WARNING
5523,2026-08-01 01:32:02,TR-104,LT-001,233.01,10.556,2.401,0.976,50.035,0.9,NORMAL
1045,2026-08-01 00:17:24,TR-104,LT-004,229.31,7.397,1.575,0.929,50.013,0.77,NORMAL
7335,2026-08-01 02:02:14,TR-102,LT-003,230.97,3.864,0.839,0.94,50.043,1.7,NORMAL
1558,2026-08-01 00:25:57,TR-104,LT-001,226.79,9.468,2.017,0.939,50.072,2.67,NORMAL
3740,2026-08-01 01:02:19,TR-102,LT-006,224.61,8.27,1.736,0.934,50.027,2.61,NORMAL
3523,2026-08-01 00:58:42,TR-102,LT-002,226.14,5.554,1.172,0.933,49.898,1.21,NORMAL
181,2026-08-01 00:03:00,TR-104,LT-002,232.5,1.517,0.332,0.94,49.998,1.84,NORMAL
2116,2026-08-01 00:35:15,TR-101,LT-003,227.95,8.247,1.79,0.952,50.142,1.63,NORMAL
1700,2026-08-01 00:28:19,TR-102,LT-001,230.72,5.021,1.044,0.901,50.05,2.1,NORMAL
1380,2026-08-01 00:22:59,TR-102,LT-005,237.3,8.314,1.849,0.937,49.985,1.15,NORMAL
7230,2026-08-01 02:00:29,TR-102,LT-004,232.65,7.85,1.623,0.889,49.999,2.58,NORMAL
9144,2026-08-01 00:19:03,TR-103,LT-003,213.25,9.168,1.664,0.851,49.906,21.72,WARNING
619,2026-08-01 00:10:18,TR-102,LT-002,231.92,9.387,2.054,0.943,49.965,1.46,NORMAL
3182,2026-08-01 00:53:01,TR-101,LT-005,232.09,7.101,1.486,0.901,49.934,1.61,NORMAL
9852,2026-08-01 00:10:51,TR-103,LT-005,76.72,0.288,0.012,0.545,49.994,21.51,POSSIBLE_BROKEN_LT
1601,2026-08-01 00:26:40,TR-101,LT-005,229.27,3.605,0.777,0.94,49.886,2.9,NORMAL
5964,2026-08-01 01:39:23,TR-104,LT-006,224.5,8.162,1.681,0.917,50.082,1.99,NORMAL
1616,2026-08-01 00:26:55,TR-103,LT-001,242.77,8.814,1.968,0.92,49.98,1.65,NORMAL
5921,2026-08-01 01:38:40,TR-101,LT-002,235.01,9.805,2.188,0.95,49.979,1.73,NORMAL
9592,2026-08-01 00:06:31,TR-103,LT-001,69.77,0.241,0.005,0.314,49.953,18.79,POSSIBLE_BROKEN_LT
3892,2026-08-01 01:04:51,TR-101,LT-003,232.33,12.062,2.48,0.885,49.992,1.49,NORMAL
2084,2026-08-01 00:34:43,TR-103,LT-001,220.82,11.134,2.327,0.946,49.925,2.9,NORMAL
4575,2026-08-01 01:16:14,TR-101,LT-003,227.0,9.518,1.972,0.913,50.09,3.92,NORMAL
5595,2026-08-01 01:33:14,TR-102,LT-004,234.5,8.078,1.837,0.97,50.059,1.43,NORMAL
5122,2026-08-01 01:25:21,TR-103,LT-006,228.26,5.897,1.223,0.908,49.959,2.56,NORMAL
4588,2026-08-01 01:16:27,TR-103,LT-002,233.68,8.541,1.944,0.974,50.038,1.25,NORMAL
4903,2026-08-01 01:21:42,TR-102,LT-003,225.89,10.96,2.386,0.964,49.964,1.95,NORMAL
8253,2026-08-01 00:04:12,TR-103,LT-003,158.6,6.34,0.864,0.86,50.05,10.64,WARNING
5917,2026-08-01 01:38:36,TR-103,LT-005,233.19,2.176,0.474,0.935,49.995,2.12,NORMAL
5130,2026-08-01 01:25:29,TR-101,LT-003,230.39,9.882,2.104,0.924,49.915,0.47,NORMAL
8335,2026-08-01 00:05:34,TR-104,LT-006,204.4,9.285,1.309,0.69,49.921,10.32,WARNING
1919,2026-08-01 00:31:58,TR-103,LT-003,229.33,7.626,1.648,0.942,49.915,0.54,NORMAL
8331,2026-08-01 00:05:30,TR-104,LT-003,201.28,8.844,1.428,0.802,49.915,20.09,WARNING
5708,2026-08-01 01:35:07,TR-101,LT-004,231.2,8.704,1.909,0.949,49.98,1.12,NORMAL
5385,2026-08-01 01:29:44,TR-101,LT-002,233.37,4.841,1.067,0.945,49.871,2.48,NORMAL
6337,2026-08-01 01:45:36,TR-103,LT-003,232.76,7.705,1.773,0.989,49.941,0.19,NORMAL
2055,2026-08-01 00:34:14,TR-101,LT-001,224.62,5.791,1.238,0.951,50.278,3.47,NORMAL
7613,2026-08-01 02:06:52,TR-104,LT-006,226.77,10.469,2.184,0.92,50.07,3.75,NORMAL
9210,2026-08-01 00:00:09,TR-104,LT-005,81.18,0.657,0.021,0.398,49.984,42.69,POSSIBLE_BROKEN_LT
3964,2026-08-01 01:06:03,TR-101,LT-004,233.08,6.02,1.293,0.922,50.043,1.84,NORMAL
1127,2026-08-01 00:18:46,TR-101,LT-003,231.21,9.142,2.003,0.948,49.92,2.01,NORMAL
3429,2026-08-01 00:57:08,TR-103,LT-003,231.78,7.836,1.616,0.89,50.094,2.69,NORMAL
4602,2026-08-01 01:16:41,TR-102,LT-001,233.75,7.754,1.685,0.93,49.873,1.95,NORMAL
3722,2026-08-01 01:02:01,TR-103,LT-006,236.81,5.993,1.34,0.944,49.831,2.19,NORMAL
2390,2026-08-01 00:39:49,TR-101,LT-004,234.14,9.158,2.024,0.944,49.964,1.33,NORMAL
1323,2026-08-01 00:22:02,TR-102,LT-005,229.72,8.194,1.745,0.927,50.085,2.87,NORMAL
1604,2026-08-01 00:26:43,TR-101,LT-001,226.8,7.241,1.542,0.939,50.125,3.1,NORMAL
7225,2026-08-01 02:00:24,TR-102,LT-003,229.95,8.616,1.823,0.92,49.936,3.82,NORMAL
7426,2026-08-01 02:03:45,TR-102,LT-005,232.16,6.448,1.415,0.945,50.075,0.56,NORMAL
4337,2026-08-01 01:12:16,TR-102,LT-005,223.36,7.391,1.551,0.94,49.858,2.5,NORMAL
5594,2026-08-01 01:33:13,TR-102,LT-002,231.53,10.465,2.284,0.943,50.077,1.78,NORMAL
4412,2026-08-01 01:13:31,TR-102,LT-004,229.76,6.56,1.405,0.933,50.099,4.43,NORMAL
5859,2026-08-01 01:37:38,TR-102,LT-003,228.8,8.225,1.714,0.911,49.943,1.98,NORMAL
9344,2026-08-01 00:02:23,TR-101,LT-006,108.74,0.353,0.018,0.457,50.048,29.84,POSSIBLE_BROKEN_LT
3992,2026-08-01 01:06:31,TR-104,LT-005,228.11,5.098,1.079,0.928,50.06,1.92,NORMAL
6080,2026-08-01 01:41:19,TR-102,LT-006,235.35,9.338,2.05,0.933,50.038,1.4,NORMAL
1560,2026-08-01 00:25:59,TR-104,LT-001,228.92,7.328,1.528,0.911,50.074,1.7,NORMAL
4683,2026-08-01 01:18:02,TR-103,LT-006,235.88,9.375,2.094,0.947,50.051,1.96,NORMAL
7558,2026-08-01 02:05:57,TR-103,LT-003,229.94,10.311,2.228,0.94,50.034,2.88,NORMAL
3773,2026-08-01 01:02:52,TR-103,LT-002,226.87,9.158,1.878,0.904,49.986,2.51,NORMAL
8780,2026-08-01 00:12:59,TR-103,LT-005,179.39,5.176,0.899,0.968,50.017,5.45,WARNING
3458,2026-08-01 00:57:37,TR-103,LT-004,228.49,9.658,2.098,0.951,50.087,2.88,NORMAL
8384,2026-08-01 00:06:23,TR-101,LT-003,186.37,10.12,1.517,0.804,49.996,14.81,WARNING
1355,2026-08-01 00:22:34,TR-101,LT-005,227.69,3.677,0.826,0.987,50.052,1.92,NORMAL
46,2026-08-01 00:00:45,TR-102,LT-006,227.12,9.578,2.081,0.957,49.915,1.8,NORMAL
9873,2026-08-01 00:11:12,TR-101,LT-006,93.33,0.28,0.012,0.445,50.051,43.65,POSSIBLE_BROKEN_LT
749,2026-08-01 00:12:28,TR-103,LT-003,227.55,4.091,0.872,0.937,50.027,1.61,NORMAL
7918,2026-08-01 02:11:57,TR-104,LT-006,228.17,7.965,1.765,0.971,50.114,2.13,NORMAL
4242,2026-08-01 01:10:41,TR-104,LT-003,233.57,8.206,1.784,0.931,49.869,3.35,NORMAL
5629,2026-08-01 01:33:48,TR-103,LT-004,226.76,8.885,1.84,0.913,50.043,2.79,NORMAL
4658,2026-08-01 01:17:37,TR-102,LT-003,226.24,9.303,2.062,0.98,50.154,2.18,NORMAL
4239,2026-08-01 01:10:38,TR-103,LT-005,235.81,10.01,2.253,0.954,50.058,1.47,NORMAL
3461,2026-08-01 00:57:40,TR-104,LT-002,236.78,9.177,2.024,0.932,50.05,4.14,NORMAL
7382,2026-08-01 02:03:01,TR-104,LT-005,231.58,9.335,2.006,0.928,50.096,0.92,NORMAL
5550,2026-08-01 01:32:29,TR-103,LT-003,235.31,9.528,2.017,0.9,50.04,3.05,NORMAL
7076,2026-08-01 01:57:55,TR-102,LT-004,235.02,6.467,1.444,0.95,49.931,1.05,NORMAL
5839,2026-08-01 01:37:18,TR-103,LT-002,225.09,7.703,1.659,0.957,50.026,2.82,NORMAL
8092,2026-08-01 00:01:31,TR-103,LT-001,200.47,14.244,2.512,0.88,50.009,6.43,WARNING
5475,2026-08-01 01:31:14,TR-103,LT-003,229.32,4.989,1.025,0.896,50.033,1.71,NORMAL
3615,2026-08-01 01:00:14,TR-103,LT-005,232.77,7.266,1.628,0.962,49.906,2.73,NORMAL
7502,2026-08-01 02:05:01,TR-103,LT-003,230.49,10.182,2.143,0.913,49.98,0.99,NORMAL
7054,2026-08-01 01:57:33,TR-101,LT-003,231.3,7.55,1.638,0.938,50.01,1.92,NORMAL
7368,2026-08-01 02:02:47,TR-104,LT-006,228.12,6.121,1.286,0.921,50.103,2.8,NORMAL
8020,2026-08-01 00:00:19,TR-101,LT-006,191.45,7.217,1.097,0.794,50.006,14.25,WARNING
9639,2026-08-01 00:07:18,TR-102,LT-003,30.6,0.023,0.0,0.51,50.067,18.05,POSSIBLE_BROKEN_LT
9056,2026-08-01 00:17:35,TR-101,LT-001,195.89,7.726,1.468,0.97,50.096,16.84,WARNING
665,2026-08-01 00:11:04,TR-104,LT-005,227.15,7.35,1.574,0.943,49.962,2.23,NORMAL
2320,2026-08-01 00:38:39,TR-101,LT-005,225.6,12.121,2.49,0.91,49.982,2.82,NORMAL
3543,2026-08-01 00:59:02,TR-101,LT-006,233.52,8.551,1.919,0.961,50.124,0.62,NORMAL
3678,2026-08-01 01:01:17,TR-101,LT-003,229.4,7.27,1.592,0.955,50.123,2.69,NORMAL
9600,2026-08-01 00:06:39,TR-101,LT-002,78.03,0.281,0.014,0.643,50.049,26.07,POSSIBLE_BROKEN_LT
3092,2026-08-01 00:51:31,TR-104,LT-005,233.04,8.66,1.873,0.928,50.115,2.95,NORMAL
676,2026-08-01 00:11:15,TR-101,LT-006,226.89,9.804,2.073,0.932,50.082,3.79,NORMAL
8677,2026-08-01 00:11:16,TR-103,LT-002,177.58,9.825,1.384,0.793,49.853,11.34,WARNING
4885,2026-08-01 01:21:24,TR-101,LT-002,232.53,8.271,1.695,0.882,50.075,1.88,NORMAL
8080,2026-08-01 00:01:19,TR-103,LT-004,179.67,10.37,1.559,0.837,49.99,15.14,WARNING
1963,2026-08-01 00:32:42,TR-101,LT-002,232.08,9.377,1.979,0.91,50.219,0.93,NORMAL
1841,2026-08-01 00:30:40,TR-103,LT-003,229.49,5.786,1.255,0.945,50.14,0.07,NORMAL
7169,2026-08-01 01:59:28,TR-103,LT-004,234.34,9.434,2.113,0.956,49.953,3.39,NORMAL
9899,2026-08-01 00:11:38,TR-102,LT-004,79.29,0.23,0.007,0.372,50.045,25.64,POSSIBLE_BROKEN_LT
3539,2026-08-01 00:58:58,TR-101,LT-005,229.8,9.252,1.987,0.934,49.917,2.67,NORMAL
8027,2026-08-01 00:00:26,TR-101,LT-004,167.02,9.352,1.389,0.889,49.94,7.51,WARNING
4867,2026-08-01 01:21:06,TR-102,LT-002,230.76,8.654,1.894,0.949,49.952,0.04,NORMAL
4175,2026-08-01 01:09:34,TR-101,LT-001,229.3,4.135,0.897,0.946,49.955,1.62,NORMAL
8089,2026-08-01 00:01:28,TR-103,LT-001,185.93,8.074,1.042,0.694,49.907,22.82,WARNING
4378,2026-08-01 01:12:57,TR-101,LT-005,238.17,4.349,0.931,0.899,50.07,2.0,NORMAL
6212,2026-08-01 01:43:31,TR-104,LT-006,230.5,11.42,2.462,0.935,50.124,1.38,NORMAL
4767,2026-08-01 01:19:26,TR-104,LT-005,225.27,8.029,1.696,0.938,50.034,2.75,NORMAL
412,2026-08-01 00:06:51,TR-101,LT-003,225.5,10.013,2.117,0.938,50.039,2.65,NORMAL
614,2026-08-01 00:10:13,TR-104,LT-003,225.5,7.666,1.632,0.944,50.002,2.91,NORMAL
6127,2026-08-01 01:42:06,TR-101,LT-004,234.69,8.294,1.837,0.944,49.938,2.17,NORMAL
5211,2026-08-01 01:26:50,TR-103,LT-006,230.43,9.83,2.069,0.913,49.734,3.25,NORMAL
1431,2026-08-01 00:23:50,TR-103,LT-005,231.23,9.726,2.144,0.953,49.927,1.84,NORMAL
2426,2026-08-01 00:40:25,TR-104,LT-006,232.06,9.014,1.971,0.942,49.949,2.98,NORMAL
8842,2026-08-01 00:14:01,TR-102,LT-005,178.4,12.084,1.867,0.866,50.151,8.94,WARNING
3834,2026-08-01 01:03:53,TR-103,LT-001,224.31,4.793,1.004,0.934,49.959,4.16,NORMAL
4719,2026-08-01 01:18:38,TR-103,LT-006,232.89,11.876,2.638,0.954,50.029,2.69,NORMAL
7186,2026-08-01 01:59:45,TR-104,LT-002,232.75,7.482,1.583,0.909,49.957,2.8,NORMAL
1418,2026-08-01 00:23:37,TR-102,LT-001,231.07,8.768,1.916,0.946,50.087,1.93,NORMAL
7200,2026-08-01 01:59:59,TR-104,LT-005,224.08,10.465,2.15,0.917,49.978,1.27,NORMAL
605,2026-08-01 00:10:04,TR-102,LT-001,231.65,9.227,2.118,0.991,50.077,1.9,NORMAL
1273,2026-08-01 00:21:12,TR-101,LT-002,225.63,5.998,1.281,0.946,50.058,3.75,NORMAL
3965,2026-08-01 01:06:04,TR-103,LT-003,227.57,6.35,1.384,0.958,50.125,1.78,NORMAL
6368,2026-08-01 01:46:07,TR-101,LT-004,220.79,7.322,1.478,0.914,49.984,1.07,NORMAL
8747,2026-08-01 00:12:26,TR-104,LT-001,153.2,10.29,1.3,0.825,49.853,24.86,WARNING
248,2026-08-01 00:04:07,TR-104,LT-003,227.39,7.2,1.505,0.919,50.015,2.38,NORMAL
9227,2026-08-01 00:00:26,TR-101,LT-003,60.72,0.42,0.011,0.442,49.878,42.32,POSSIBLE_BROKEN_LT
1983,2026-08-01 00:33:02,TR-104,LT-002,227.49,9.052,1.95,0.947,49.899,0.82,NORMAL
2836,2026-08-01 00:47:15,TR-101,LT-004,228.8,7.53,1.616,0.938,50.153,0.59,NORMAL
5376,2026-08-01 01:29:35,TR-102,LT-001,232.96,8.825,1.967,0.957,49.978,2.36,NORMAL
200,2026-08-01 00:03:19,TR-101,LT-002,225.43,8.159,1.737,0.944,49.951,1.22,NORMAL
486,2026-08-01 00:08:05,TR-101,LT-002,224.31,9.514,1.947,0.912,49.924,2.23,NORMAL
6084,2026-08-01 01:41:23,TR-103,LT-006,230.54,6.76,1.46,0.937,49.914,1.34,NORMAL
8957,2026-08-01 00:15:56,TR-101,LT-003,166.27,9.421,1.245,0.795,49.994,9.19,WARNING
456,2026-08-01 00:07:35,TR-102,LT-003,226.83,9.464,2.04,0.95,49.859,1.82,NORMAL
9799,2026-08-01 00:09:58,TR-103,LT-003,95.63,0.51,0.015,0.306,49.95,61.33,POSSIBLE_BROKEN_LT
8827,2026-08-01 00:13:46,TR-101,LT-004,177.26,12.017,1.911,0.897,50.034,12.79,WARNING
6516,2026-08-01 01:48:35,TR-101,LT-006,227.19,8.805,1.825,0.912,49.982,3.52,NORMAL
1722,2026-08-01 00:28:41,TR-104,LT-005,228.96,8.475,1.902,0.98,50.139,1.53,NORMAL
7051,2026-08-01 01:57:30,TR-103,LT-002,233.87,7.757,1.752,0.966,49.921,2.09,NORMAL
6383,2026-08-01 01:46:22,TR-101,LT-004,227.94,11.326,2.548,0.987,49.966,1.74,NORMAL
8166,2026-08-01 00:02:45,TR-103,LT-004,199.32,11.568,1.928,0.836,50.12,14.96,WARNING
5768,2026-08-01 01:36:07,TR-101,LT-002,229.68,4.43,0.943,0.927,50.168,3.0,NORMAL
5810,2026-08-01 01:36:49,TR-101,LT-002,229.08,9.912,2.183,0.961,49.974,1.54,NORMAL
4627,2026-08-01 01:17:06,TR-102,LT-006,227.33,7.757,1.572,0.891,50.007,0.49,NORMAL
863,2026-08-01 00:14:22,TR-103,LT-004,236.19,7.148,1.592,0.943,50.015,0.33,NORMAL
2095,2026-08-01 00:34:54,TR-103,LT-003,234.16,7.773,1.696,0.932,50.128,3.11,NORMAL
948,2026-08-01 00:15:47,TR-102,LT-001,227.23,8.37,1.771,0.931,50.022,1.75,NORMAL
5642,2026-08-01 01:34:01,TR-101,LT-006,227.76,7.201,1.481,0.903,50.084,1.31,NORMAL
1445,2026-08-01 00:24:04,TR-101,LT-002,231.6,10.868,2.405,0.955,50.061,2.5,NORMAL
1281,2026-08-01 00:21:20,TR-101,LT-006,230.53,10.287,2.244,0.946,49.919,1.67,NORMAL
3111,2026-08-01 00:51:50,TR-103,LT-004,225.35,6.297,1.331,0.938,49.855,2.07,NORMAL
8953,2026-08-01 00:15:52,TR-102,LT-001,171.56,12.578,1.668,0.773,50.181,5.36,WARNING
7610,2026-08-01 02:06:49,TR-104,LT-001,229.8,5.95,1.327,0.97,50.042,2.89,NORMAL
5136,2026-08-01 01:25:35,TR-104,LT-002,230.2,8.965,1.943,0.941,50.066,2.53,NORMAL
3017,2026-08-01 00:50:16,TR-103,LT-002,223.92,7.651,1.624,0.948,49.934,2.77,NORMAL
2303,2026-08-01 00:38:22,TR-103,LT-001,228.46,11.775,2.44,0.907,49.98,4.21,NORMAL
2005,2026-08-01 00:33:24,TR-104,LT-006,222.43,10.394,2.217,0.959,50.051,2.52,NORMAL
4581,2026-08-01 01:16:20,TR-102,LT-005,230.84,8.696,1.88,0.936,50.022,1.48,NORMAL
8705,2026-08-01 00:11:44,TR-102,LT-003,197.62,13.274,2.327,0.887,49.945,19.36,WARNING
1006,2026-08-01 00:16:45,TR-104,LT-005,231.57,5.689,1.185,0.9,50.089,1.87,NORMAL
5139,2026-08-01 01:25:38,TR-101,LT-004,227.23,9.22,1.978,0.944,50.065,1.29,NORMAL
4318,2026-08-01 01:11:57,TR-104,LT-002,234.51,8.835,2.009,0.97,49.988,2.53,NORMAL
6559,2026-08-01 01:49:18,TR-103,LT-002,232.74,6.09,1.351,0.953,50.021,2.69,NORMAL
4388,2026-08-01 01:13:07,TR-102,LT-001,224.27,5.186,1.078,0.927,50.041,2.95,NORMAL
2133,2026-08-01 00:35:32,TR-101,LT-003,232.69,6.289,1.463,1.0,49.936,0.96,NORMAL
4266,2026-08-01 01:11:05,TR-102,LT-004,231.97,8.292,1.824,0.948,49.897,2.99,NORMAL
2058,2026-08-01 00:34:17,TR-101,LT-001,233.5,4.636,0.983,0.908,50.067,1.68,NORMAL
5387,2026-08-01 01:29:46,TR-103,LT-006,235.4,7.635,1.707,0.95,49.968,0.68,NORMAL
230,2026-08-01 00:03:49,TR-101,LT-002,232.72,9.47,2.105,0.955,49.953,0.77,NORMAL
2890,2026-08-01 00:48:09,TR-104,LT-002,231.53,9.293,2.127,0.989,50.122,2.93,NORMAL
4473,2026-08-01 01:14:32,TR-104,LT-005,235.18,8.635,1.859,0.915,50.002,3.76,NORMAL
6065,2026-08-01 01:41:04,TR-103,LT-002,230.72,7.895,1.772,0.973,49.935,2.42,NORMAL
7925,2026-08-01 02:12:04,TR-104,LT-002,228.73,10.364,2.23,0.941,50.0,1.87,NORMAL
7650,2026-08-01 02:07:29,TR-102,LT-005,225.76,8.472,1.772,0.927,50.062,1.25,NORMAL
8382,2026-08-01 00:06:21,TR-104,LT-004,157.87,15.364,1.955,0.806,49.861,20.16,WARNING
210,2026-08-01 00:03:29,TR-101,LT-003,245.0,8.686,1.954,0.918,49.858,1.74,NORMAL
2759,2026-08-01 00:45:58,TR-103,LT-002,225.48,8.816,1.853,0.932,49.952,3.92,NORMAL
8472,2026-08-01 00:07:51,TR-102,LT-006,172.48,9.852,1.227,0.722,49.927,9.12,WARNING
2949,2026-08-01 00:49:08,TR-101,LT-006,229.25,6.489,1.373,0.923,49.974,2.18,NORMAL
7117,2026-08-01 01:58:36,TR-101,LT-004,237.01,7.299,1.62,0.937,50.173,0.27,NORMAL
6331,2026-08-01 01:45:30,TR-101,LT-004,235.27,8.657,1.87,0.918,49.999,0.01,NORMAL
1729,2026-08-01 00:28:48,TR-102,LT-001,231.47,7.075,1.541,0.941,49.92,1.96,NORMAL
4177,2026-08-01 01:09:36,TR-102,LT-001,229.96,4.025,0.867,0.937,49.87,2.29,NORMAL
338,2026-08-01 00:05:37,TR-103,LT-003,228.71,5.294,1.126,0.93,49.929,2.32,NORMAL
4985,2026-08-01 01:23:04,TR-102,LT-001,232.26,9.629,2.092,0.936,49.952,2.79,NORMAL
6879,2026-08-01 01:54:38,TR-101,LT-002,228.8,7.788,1.628,0.914,50.003,4.41,NORMAL
7249,2026-08-01 02:00:48,TR-104,LT-004,222.33,7.651,1.615,0.95,49.909,2.85,NORMAL
8453,2026-08-01 00:07:32,TR-104,LT-001,156.36,10.493,1.372,0.836,49.876,12.36,WARNING
1227,2026-08-01 00:20:26,TR-101,LT-002,230.18,7.017,1.459,0.903,49.965,3.32,NORMAL
7609,2026-08-01 02:06:48,TR-104,LT-006,228.5,8.058,1.717,0.932,49.96,1.78,NORMAL
6828,2026-08-01 01:53:47,TR-103,LT-001,229.95,11.115,2.33,0.912,49.984,0.79,NORMAL
3541,2026-08-01 00:59:00,TR-101,LT-002,231.32,6.717,1.435,0.923,49.922,2.65,NORMAL
5869,2026-08-01 01:37:48,TR-103,LT-005,227.39,9.333,1.867,0.88,50.027,2.66,NORMAL
2112,2026-08-01 00:35:11,TR-102,LT-004,229.35,11.728,2.515,0.935,50.032,0.0,NORMAL
2692,2026-08-01 00:44:51,TR-104,LT-006,229.02,9.743,2.048,0.918,49.819,0.77,NORMAL
7154,2026-08-01 01:59:13,TR-103,LT-006,232.64,9.47,2.147,0.974,50.037,2.14,NORMAL
3708,2026-08-01 01:01:47,TR-104,LT-004,235.41,9.245,2.1,0.965,49.947,3.77,NORMAL
1018,2026-08-01 00:16:57,TR-101,LT-002,228.06,6.531,1.418,0.952,49.933,0.51,NORMAL
8512,2026-08-01 00:08:31,TR-101,LT-006,178.83,9.821,1.455,0.828,50.171,14.46,WARNING
2808,2026-08-01 00:46:47,TR-103,LT-003,226.67,7.976,1.75,0.968,50.041,1.76,NORMAL
5016,2026-08-01 01:23:35,TR-104,LT-006,227.95,5.378,1.179,0.962,50.038,1.09,NORMAL
1929,2026-08-01 00:32:08,TR-102,LT-001,234.4,9.377,2.181,0.992,50.06,3.24,NORMAL
351,2026-08-01 00:05:50,TR-104,LT-006,231.24,4.986,1.01,0.876,50.026,1.83,NORMAL
5174,2026-08-01 01:26:13,TR-104,LT-005,226.02,9.018,1.94,0.952,50.029,1.17,NORMAL
4193,2026-08-01 01:09:52,TR-101,LT-002,235.14,8.522,1.871,0.934,50.172,2.2,NORMAL
1935,2026-08-01 00:32:14,TR-101,LT-004,240.58,8.12,1.86,0.952,49.966,2.84,NORMAL
6902,2026-08-01 01:55:01,TR-102,LT-004,230.22,8.532,1.884,0.959,50.063,1.7,NORMAL
4824,2026-08-01 01:20:23,TR-103,LT-002,229.94,9.285,1.995,0.934,50.013,1.06,NORMAL
565,2026-08-01 00:09:24,TR-104,LT-006,234.8,3.291,0.698,0.904,50.109,2.08,NORMAL
1583,2026-08-01 00:26:22,TR-102,LT-006,225.94,4.935,1.052,0.943,49.876,3.69,NORMAL
4695,2026-08-01 01:18:14,TR-101,LT-003,229.24,6.633,1.405,0.924,50.004,0.78,NORMAL
2176,2026-08-01 00:36:15,TR-101,LT-004,238.36,7.599,1.685,0.93,49.97,0.6,NORMAL
7029,2026-08-01 01:57:08,TR-104,LT-006,225.37,7.571,1.557,0.912,50.154,4.53,NORMAL
4881,2026-08-01 01:21:20,TR-103,LT-002,233.98,8.614,1.889,0.937,50.12,0.34,NORMAL
2229,2026-08-01 00:37:08,TR-102,LT-001,222.53,6.934,1.483,0.961,49.909,2.1,NORMAL
1116,2026-08-01 00:18:35,TR-104,LT-005,231.46,9.822,2.103,0.925,50.035,1.18,NORMAL
3127,2026-08-01 00:52:06,TR-102,LT-001,222.36,5.963,1.251,0.943,50.01,4.05,NORMAL
3545,2026-08-01 00:59:04,TR-104,LT-001,235.51,8.372,1.89,0.959,49.894,1.11,NORMAL
5049,2026-08-01 01:24:08,TR-103,LT-004,234.49,7.909,1.692,0.912,49.952,2.68,NORMAL
7477,2026-08-01 02:04:36,TR-103,LT-006,221.02,8.033,1.676,0.944,49.957,1.21,NORMAL
822,2026-08-01 00:13:41,TR-103,LT-002,235.64,10.685,2.306,0.916,49.975,1.48,NORMAL
6533,2026-08-01 01:48:52,TR-101,LT-006,236.16,9.799,2.112,0.912,49.919,3.16,NORMAL
2273,2026-08-01 00:37:52,TR-101,LT-004,227.3,11.938,2.426,0.894,50.088,2.64,NORMAL
5546,2026-08-01 01:32:25,TR-101,LT-002,223.32,10.248,2.154,0.941,50.018,1.2,NORMAL
82,2026-08-01 00:01:21,TR-102,LT-006,231.43,10.276,2.178,0.916,50.031,0.29,NORMAL
1324,2026-08-01 00:22:03,TR-104,LT-001,231.95,4.771,1.083,0.979,50.074,1.78,NORMAL
9406,2026-08-01 00:03:25,TR-101,LT-006,83.45,0.358,0.009,0.293,50.053,23.07,POSSIBLE_BROKEN_LT
1615,2026-08-01 00:26:54,TR-104,LT-002,229.28,7.099,1.532,0.941,49.972,3.15,NORMAL
832,2026-08-01 00:13:51,TR-104,LT-006,226.33,6.788,1.476,0.961,50.064,1.86,NORMAL
3884,2026-08-01 01:04:43,TR-102,LT-006,226.44,8.161,1.805,0.977,50.052,0.49,NORMAL
8642,2026-08-01 00:10:41,TR-102,LT-002,179.83,11.344,1.917,0.94,50.047,10.37,WARNING
4465,2026-08-01 01:14:24,TR-103,LT-003,227.68,8.516,1.736,0.895,50.027,1.85,NORMAL
5340,2026-08-01 01:28:59,TR-104,LT-006,233.08,7.023,1.608,0.982,49.925,3.09,NORMAL
8067,2026-08-01 00:01:06,TR-103,LT-005,178.75,6.181,0.896,0.811,49.997,11.67,WARNING
1650,2026-08-01 00:27:29,TR-104,LT-005,240.36,8.43,1.92,0.948,50.101,2.24,NORMAL
4066,2026-08-01 01:07:45,TR-104,LT-006,227.47,8.324,1.697,0.896,50.085,1.64,NORMAL
9666,2026-08-01 00:07:45,TR-103,LT-001,92.84,0.335,0.015,0.468,49.936,29.5,POSSIBLE_BROKEN_LT
3039,2026-08-01 00:50:38,TR-101,LT-004,226.15,8.328,1.773,0.941,50.05,1.76,NORMAL
3321,2026-08-01 00:55:20,TR-104,LT-004,230.78,8.761,1.959,0.969,50.004,0.62,NORMAL
7144,2026-08-01 01:59:03,TR-104,LT-001,223.28,8.623,1.87,0.972,49.989,1.96,NORMAL
6890,2026-08-01 01:54:49,TR-103,LT-002,229.61,6.94,1.518,0.953,50.122,1.99,NORMAL
5093,2026-08-01 01:24:52,TR-103,LT-004,224.43,8.903,1.824,0.913,49.936,1.38,NORMAL
3721,2026-08-01 01:02:00,TR-103,LT-002,233.98,7.572,1.69,0.954,49.944,1.28,NORMAL
2424,2026-08-01 00:40:23,TR-103,LT-006,229.83,7.973,1.706,0.931,49.973,0.46,NORMAL
750,2026-08-01 00:12:29,TR-104,LT-003,224.37,7.379,1.558,0.941,49.829,1.14,NORMAL
5272,2026-08-01 01:27:51,TR-103,LT-001,240.35,7.637,1.71,0.932,50.046,3.06,NORMAL
2374,2026-08-01 00:39:33,TR-104,LT-006,232.01,6.869,1.428,0.896,50.008,2.99,NORMAL
4694,2026-08-01 01:18:13,TR-103,LT-001,232.11,8.062,1.769,0.945,49.877,0.65,NORMAL
9880,2026-08-01 00:11:19,TR-103,LT-005,69.64,0.496,0.021,0.594,50.043,33.31,POSSIBLE_BROKEN_LT
8371,2026-08-01 00:06:10,TR-103,LT-002,202.17,5.889,0.974,0.818,50.107,14.61,WARNING
7320,2026-08-01 02:01:59,TR-102,LT-004,222.76,7.895,1.592,0.905,49.897,1.42,NORMAL
4369,2026-08-01 01:12:48,TR-102,LT-006,227.31,9.481,1.971,0.915,49.969,1.04,NORMAL
6786,2026-08-01 01:53:05,TR-103,LT-002,228.32,9.774,2.057,0.922,50.034,2.95,NORMAL
7402,2026-08-01 02:03:21,TR-101,LT-005,232.3,9.507,2.04,0.924,50.004,1.62,NORMAL
1140,2026-08-01 00:18:59,TR-104,LT-001,232.8,9.593,2.193,0.982,50.028,1.95,NORMAL
7632,2026-08-01 02:07:11,TR-103,LT-005,226.59,6.945,1.471,0.935,49.965,1.32,NORMAL
2232,2026-08-01 00:37:11,TR-101,LT-003,233.16,5.605,1.258,0.963,49.982,3.04,NORMAL
2165,2026-08-01 00:36:04,TR-104,LT-001,236.32,3.046,0.655,0.91,49.972,2.16,NORMAL
5218,2026-08-01 01:26:57,TR-103,LT-004,227.97,10.442,2.255,0.947,49.857,0.95,NORMAL
9445,2026-08-01 00:04:04,TR-101,LT-004,74.34,0.105,0.002,0.315,50.129,24.57,POSSIBLE_BROKEN_LT
9238,2026-08-01 00:00:37,TR-101,LT-001,76.01,0.031,0.001,0.341,50.0,47.5,POSSIBLE_BROKEN_LT
4562,2026-08-01 01:16:01,TR-103,LT-002,236.88,7.534,1.646,0.922,49.944,0.81,NORMAL
1571,2026-08-01 00:26:10,TR-102,LT-002,233.18,7.248,1.676,0.992,49.935,0.45,NORMAL
173,2026-08-01 00:02:52,TR-102,LT-006,229.69,8.525,1.808,0.923,49.99,0.88,NORMAL
7164,2026-08-01 01:59:23,TR-102,LT-001,224.64,12.184,2.651,0.969,50.079,2.32,NORMAL
2088,2026-08-01 00:34:47,TR-104,LT-006,229.41,5.236,1.126,0.937,49.966,0.73,NORMAL
4668,2026-08-01 01:17:47,TR-103,LT-003,236.66,7.352,1.682,0.967,50.029,1.94,NORMAL
4566,2026-08-01 01:16:05,TR-102,LT-004,227.72,7.13,1.518,0.935,49.9,0.74,NORMAL
7090,2026-08-01 01:58:09,TR-104,LT-003,233.46,3.686,0.788,0.915,49.944,2.89,NORMAL
6570,2026-08-01 01:49:29,TR-104,LT-003,235.16,4.177,0.955,0.973,49.919,5.35,NORMAL
4784,2026-08-01 01:19:43,TR-101,LT-004,226.09,6.638,1.432,0.954,49.965,2.61,NORMAL
2685,2026-08-01 00:44:44,TR-102,LT-005,231.34,4.846,1.054,0.94,49.955,1.01,NORMAL
1833,2026-08-01 00:30:32,TR-103,LT-006,233.81,7.089,1.554,0.938,49.899,2.21,NORMAL
8547,2026-08-01 00:09:06,TR-102,LT-002,177.49,13.559,1.95,0.81,50.115,1.54,WARNING
5066,2026-08-01 01:24:25,TR-103,LT-003,229.18,11.356,2.536,0.974,49.952,1.64,NORMAL
9131,2026-08-01 00:18:50,TR-104,LT-002,196.77,5.157,0.863,0.85,50.106,15.73,WARNING
9356,2026-08-01 00:02:35,TR-103,LT-003,67.06,0.305,0.011,0.534,49.966,27.97,POSSIBLE_BROKEN_LT
4413,2026-08-01 01:13:32,TR-103,LT-001,225.77,8.482,1.745,0.911,50.137,1.22,NORMAL
7208,2026-08-01 02:00:07,TR-101,LT-002,235.96,8.906,2.101,1.0,49.93,0.48,NORMAL
9891,2026-08-01 00:11:30,TR-104,LT-005,58.41,0.294,0.004,0.234,49.786,63.04,POSSIBLE_BROKEN_LT
835,2026-08-01 00:13:54,TR-102,LT-005,229.86,9.413,2.068,0.956,50.104,2.61,NORMAL
6822,2026-08-01 01:53:41,TR-103,LT-005,237.34,10.317,2.315,0.945,50.049,1.16,NORMAL
3782,2026-08-01 01:03:01,TR-102,LT-003,228.69,6.777,1.462,0.943,50.085,1.06,NORMAL
9013,2026-08-01 00:16:52,TR-102,LT-006,169.38,12.561,1.847,0.868,49.948,12.09,WARNING
7500,2026-08-01 02:04:59,TR-101,LT-003,229.28,7.688,1.661,0.942,49.983,2.83,NORMAL
3425,2026-08-01 00:57:04,TR-104,LT-002,222.9,5.693,1.203,0.948,49.929,1.62,NORMAL
66,2026-08-01 00:01:05,TR-102,LT-002,235.42,8.181,1.822,0.946,50.017,1.35,NORMAL
2964,2026-08-01 00:49:23,TR-101,LT-004,225.77,8.583,1.74,0.898,50.097,1.73,NORMAL
5670,2026-08-01 01:34:29,TR-103,LT-001,235.34,11.071,2.409,0.925,50.084,1.25,NORMAL
8963,2026-08-01 00:16:02,TR-102,LT-005,193.57,12.558,1.847,0.76,50.008,5.98,WARNING
355,2026-08-01 00:05:54,TR-104,LT-006,229.92,12.387,2.639,0.927,50.01,2.8,NORMAL
8172,2026-08-01 00:02:51,TR-103,LT-003,202.61,8.616,1.47,0.842,49.933,18.13,WARNING
4031,2026-08-01 01:07:10,TR-103,LT-005,233.45,8.863,1.923,0.929,50.053,3.47,NORMAL
8535,2026-08-01 00:08:54,TR-101,LT-003,165.98,13.748,1.877,0.822,49.957,5.77,WARNING
3652,2026-08-01 01:00:51,TR-101,LT-004,232.2,7.399,1.632,0.95,50.02,0.21,NORMAL
6740,2026-08-01 01:52:19,TR-104,LT-001,225.89,6.332,1.299,0.908,50.061,1.01,NORMAL
3298,2026-08-01 00:54:57,TR-101,LT-004,226.22,7.061,1.487,0.931,50.014,0.54,NORMAL
4128,2026-08-01 01:08:47,TR-101,LT-002,237.19,9.572,2.137,0.941,49.914,2.13,NORMAL
8044,2026-08-01 00:00:43,TR-104,LT-001,181.26,9.084,1.246,0.757,50.069,12.14,WARNING
4768,2026-08-01 01:19:27,TR-101,LT-001,228.99,8.38,1.809,0.943,49.994,2.36,NORMAL
473,2026-08-01 00:07:52,TR-102,LT-002,223.94,6.683,1.43,0.956,49.911,2.42,NORMAL
3762,2026-08-01 01:02:41,TR-103,LT-005,229.96,9.636,2.128,0.96,49.94,2.86,NORMAL
8618,2026-08-01 00:10:17,TR-104,LT-004,166.96,7.155,0.887,0.742,49.93,13.99,WARNING
3567,2026-08-01 00:59:26,TR-103,LT-001,230.92,8.37,1.787,0.924,49.997,2.21,NORMAL
2761,2026-08-01 00:46:00,TR-103,LT-005,232.52,9.868,2.176,0.948,49.913,1.54,NORMAL
869,2026-08-01 00:14:28,TR-102,LT-004,232.63,8.089,1.79,0.951,49.983,2.23,NORMAL
9383,2026-08-01 00:03:02,TR-103,LT-001,86.6,0.588,0.025,0.498,50.136,36.51,POSSIBLE_BROKEN_LT
8689,2026-08-01 00:11:28,TR-101,LT-004,164.45,13.025,1.675,0.782,49.822,16.73,WARNING
4053,2026-08-01 01:07:32,TR-102,LT-006,231.84,10.165,2.13,0.904,49.871,3.35,NORMAL
6131,2026-08-01 01:42:10,TR-101,LT-006,231.21,9.387,2.075,0.956,50.148,1.15,NORMAL
3245,2026-08-01 00:54:04,TR-101,LT-005,229.31,10.595,2.302,0.948,49.88,3.07,NORMAL
4843,2026-08-01 01:20:42,TR-103,LT-001,232.74,8.563,1.878,0.942,50.115,1.92,NORMAL
9331,2026-08-01 00:02:10,TR-102,LT-004,76.3,0.149,0.007,0.591,50.054,34.58,POSSIBLE_BROKEN_LT
5641,2026-08-01 01:34:00,TR-101,LT-003,233.15,7.413,1.674,0.968,49.945,1.86,NORMAL
5781,2026-08-01 01:36:20,TR-103,LT-006,225.07,12.615,2.74,0.965,49.984,0.24,NORMAL
8541,2026-08-01 00:09:00,TR-103,LT-005,196.47,5.921,0.97,0.834,50.088,9.33,WARNING
1076,2026-08-01 00:17:55,TR-101,LT-004,228.02,11.086,2.421,0.958,49.929,2.47,NORMAL
2958,2026-08-01 00:49:17,TR-102,LT-001,229.05,8.449,1.799,0.93,50.079,0.04,NORMAL
6753,2026-08-01 01:52:32,TR-102,LT-006,228.94,8.062,1.726,0.935,50.029,0.93,NORMAL
8658,2026-08-01 00:10:57,TR-103,LT-002,193.47,10.988,1.793,0.843,49.963,10.0,WARNING
7273,2026-08-01 02:01:12,TR-103,LT-003,233.62,8.208,1.757,0.916,50.015,3.94,NORMAL
4760,2026-08-01 01:19:19,TR-101,LT-005,232.89,7.462,1.637,0.942,49.911,0.4,NORMAL
4863,2026-08-01 01:21:02,TR-103,LT-003,227.25,9.067,1.894,0.919,49.947,2.38,NORMAL
7026,2026-08-01 01:57:05,TR-104,LT-003,231.6,5.503,1.156,0.907,50.217,1.82,NORMAL
7648,2026-08-01 02:07:27,TR-101,LT-001,238.18,7.036,1.556,0.929,50.024,2.43,NORMAL
7162,2026-08-01 01:59:21,TR-103,LT-001,229.77,6.978,1.481,0.924,50.056,1.86,NORMAL
74,2026-08-01 00:01:13,TR-103,LT-001,236.26,6.41,1.446,0.955,49.958,0.89,NORMAL
4902,2026-08-01 01:21:41,TR-104,LT-002,225.93,7.8,1.64,0.931,49.814,3.29,NORMAL
4376,2026-08-01 01:12:55,TR-103,LT-002,232.58,8.123,1.779,0.942,49.953,1.93,NORMAL
6699,2026-08-01 01:51:38,TR-101,LT-002,225.48,10.194,2.216,0.964,49.876,2.06,NORMAL
9806,2026-08-01 00:10:05,TR-101,LT-001,72.3,0.419,0.013,0.436,49.999,38.33,POSSIBLE_BROKEN_LT
1102,2026-08-01 00:18:21,TR-102,LT-001,218.41,10.044,2.061,0.939,50.045,1.74,NORMAL
9538,2026-08-01 00:05:37,TR-101,LT-004,71.29,0.664,0.023,0.496,50.063,26.67,POSSIBLE_BROKEN_LT
7656,2026-08-01 02:07:35,TR-101,LT-003,228.67,8.097,1.731,0.935,50.01,2.18,NORMAL
5236,2026-08-01 01:27:15,TR-101,LT-003,238.27,9.729,2.15,0.928,49.912,2.91,NORMAL
5166,2026-08-01 01:26:05,TR-101,LT-001,233.89,6.368,1.356,0.91,50.036,3.3,NORMAL
119,2026-08-01 00:01:58,TR-104,LT-002,234.57,7.535,1.635,0.925,49.896,2.84,NORMAL
2023,2026-08-01 00:33:42,TR-102,LT-001,235.44,10.722,2.341,0.927,50.02,3.3,NORMAL
9886,2026-08-01 00:11:25,TR-102,LT-001,95.94,0.571,0.024,0.442,50.103,22.03,POSSIBLE_BROKEN_LT
2639,2026-08-01 00:43:58,TR-104,LT-003,225.87,7.079,1.5,0.938,50.02,1.72,NORMAL
2035,2026-08-01 00:33:54,TR-102,LT-004,234.24,4.046,0.914,0.964,50.08,3.1,NORMAL
2565,2026-08-01 00:42:44,TR-104,LT-002,226.42,12.6,2.728,0.956,49.981,2.92,NORMAL
8666,2026-08-01 00:11:05,TR-101,LT-006,225.0,12.628,1.911,0.673,49.91,4.83,WARNING
3544,2026-08-01 00:59:03,TR-101,LT-001,225.69,9.827,2.107,0.95,50.061,0.7,NORMAL
1220,2026-08-01 00:20:19,TR-103,LT-001,238.58,7.173,1.56,0.912,50.034,1.67,NORMAL
9715,2026-08-01 00:08:34,TR-102,LT-004,83.39,0.588,0.032,0.649,49.811,25.45,POSSIBLE_BROKEN_LT
6712,2026-08-01 01:51:51,TR-103,LT-004,235.72,6.873,1.482,0.915,50.169,1.47,NORMAL
2904,2026-08-01 00:48:23,TR-103,LT-005,231.32,9.097,1.944,0.924,49.843,2.2,NORMAL
3027,2026-08-01 00:50:26,TR-102,LT-003,230.76,8.433,1.838,0.944,50.079,2.9,NORMAL
2511,2026-08-01 00:41:50,TR-104,LT-006,231.93,6.076,1.338,0.95,49.937,2.21,NORMAL
4202,2026-08-01 01:10:01,TR-101,LT-006,225.64,11.358,2.387,0.932,50.107,3.15,NORMAL
3208,2026-08-01 00:53:27,TR-101,LT-003,233.32,6.821,1.481,0.931,50.064,3.0,NORMAL
4490,2026-08-01 01:14:49,TR-103,LT-001,230.01,9.872,2.146,0.945,49.897,2.19,NORMAL
2756,2026-08-01 00:45:55,TR-104,LT-003,228.19,7.993,1.639,0.899,49.942,0.44,NORMAL
8890,2026-08-01 00:14:49,TR-103,LT-003,188.26,7.52,1.208,0.853,49.989,10.69,WARNING
178,2026-08-01 00:02:57,TR-104,LT-006,235.81,11.057,2.563,0.983,49.913,5.04,NORMAL
1644,2026-08-01 00:27:23,TR-101,LT-006,231.81,8.127,1.838,0.976,50.03,0.27,NORMAL
9293,2026-08-01 00:01:32,TR-103,LT-003,47.43,0.374,0.011,0.6,50.026,37.77,POSSIBLE_BROKEN_LT
3519,2026-08-01 00:58:38,TR-104,LT-003,235.12,9.688,2.073,0.91,49.889,2.72,NORMAL
1375,2026-08-01 00:22:54,TR-101,LT-004,235.88,6.381,1.339,0.89,49.988,1.92,NORMAL
1721,2026-08-01 00:28:40,TR-101,LT-004,232.05,7.351,1.555,0.912,50.011,2.42,NORMAL
3996,2026-08-01 01:06:35,TR-101,LT-003,230.11,5.638,1.232,0.95,49.977,2.12,NORMAL
3689,2026-08-01 01:01:28,TR-103,LT-005,235.1,7.391,1.649,0.949,49.964,1.95,NORMAL
2265,2026-08-01 00:37:44,TR-103,LT-001,232.72,9.527,2.06,0.929,49.976,1.56,NORMAL
88,2026-08-01 00:01:27,TR-104,LT-006,231.32,7.466,1.634,0.946,49.967,1.2,NORMAL
2849,2026-08-01 00:47:28,TR-101,LT-001,227.57,7.436,1.509,0.892,49.91,1.19,NORMAL
8688,2026-08-01 00:11:27,TR-103,LT-001,204.22,13.135,2.199,0.82,49.958,16.28,WARNING
404,2026-08-01 00:06:43,TR-103,LT-006,230.19,7.661,1.729,0.981,50.001,2.7,NORMAL
9901,2026-08-01 00:11:40,TR-101,LT-006,99.71,0.194,0.007,0.384,49.954,31.26,POSSIBLE_BROKEN_LT
4078,2026-08-01 01:07:57,TR-102,LT-004,221.97,8.88,1.837,0.932,50.059,0.42,NORMAL
6836,2026-08-01 01:53:55,TR-102,LT-002,225.29,7.756,1.616,0.925,49.918,1.32,NORMAL
6538,2026-08-01 01:48:57,TR-103,LT-002,232.78,6.163,1.385,0.966,50.052,2.35,NORMAL
2457,2026-08-01 00:40:56,TR-104,LT-003,227.68,6.936,1.567,0.992,50.042,1.82,NORMAL
2752,2026-08-01 00:45:51,TR-103,LT-005,236.29,10.199,2.259,0.937,50.071,4.21,NORMAL
2215,2026-08-01 00:36:54,TR-104,LT-002,228.12,4.173,0.816,0.857,49.871,3.6,NORMAL
1028,2026-08-01 00:17:07,TR-104,LT-001,230.48,10.143,2.19,0.937,50.077,2.01,NORMAL
9704,2026-08-01 00:08:23,TR-101,LT-001,80.21,0.532,0.014,0.331,49.959,20.12,POSSIBLE_BROKEN_LT
1422,2026-08-01 00:23:41,TR-103,LT-004,234.29,8.56,1.869,0.932,50.094,1.75,NORMAL
2437,2026-08-01 00:40:36,TR-103,LT-006,229.47,4.967,1.077,0.945,49.992,2.75,NORMAL
4278,2026-08-01 01:11:17,TR-104,LT-004,226.13,8.536,1.782,0.923,50.1,1.82,NORMAL
9610,2026-08-01 00:06:49,TR-104,LT-002,78.3,0.35,0.008,0.303,50.093,34.37,POSSIBLE_BROKEN_LT
1279,2026-08-01 00:21:18,TR-103,LT-006,230.77,7.075,1.594,0.976,50.089,1.85,NORMAL
6221,2026-08-01 01:43:40,TR-101,LT-004,234.8,9.597,2.012,0.893,50.141,1.6,NORMAL
4908,2026-08-01 01:21:47,TR-101,LT-002,225.39,5.575,1.183,0.942,50.151,3.24,NORMAL
5065,2026-08-01 01:24:24,TR-102,LT-002,232.97,8.132,1.785,0.942,50.062,0.43,NORMAL
1979,2026-08-01 00:32:58,TR-104,LT-004,226.91,5.975,1.315,0.97,50.111,0.52,NORMAL
1062,2026-08-01 00:17:41,TR-103,LT-004,218.61,8.075,1.684,0.954,49.955,1.72,NORMAL
5015,2026-08-01 01:23:34,TR-103,LT-002,230.31,6.684,1.487,0.966,49.918,1.64,NORMAL
4536,2026-08-01 01:15:35,TR-102,LT-005,227.45,4.933,1.035,0.922,50.13,1.67,NORMAL
6994,2026-08-01 01:56:33,TR-102,LT-001,234.29,8.481,1.895,0.954,49.913,0.76,NORMAL
9254,2026-08-01 00:00:53,TR-102,LT-005,85.73,0.055,0.0,0.05,50.023,27.58,POSSIBLE_BROKEN_LT
1503,2026-08-01 00:25:02,TR-101,LT-005,226.73,8.351,1.853,0.978,50.075,2.62,NORMAL
8569,2026-08-01 00:09:28,TR-102,LT-004,178.12,7.997,1.238,0.869,49.95,13.36,WARNING
9315,2026-08-01 00:01:54,TR-102,LT-002,77.96,0.129,0.008,0.802,49.932,24.31,POSSIBLE_BROKEN_LT
8837,2026-08-01 00:13:56,TR-101,LT-001,178.45,9.104,1.396,0.859,49.962,9.34,WARNING
8921,2026-08-01 00:15:20,TR-102,LT-001,203.69,8.304,1.477,0.873,49.994,22.87,WARNING
4919,2026-08-01 01:21:58,TR-101,LT-001,235.4,6.336,1.401,0.939,50.026,3.36,NORMAL
679,2026-08-01 00:11:18,TR-102,LT-003,233.74,8.847,1.928,0.932,49.95,1.8,NORMAL
5077,2026-08-01 01:24:36,TR-104,LT-002,230.17,8.802,1.909,0.942,49.952,2.46,NORMAL
8065,2026-08-01 00:01:04,TR-102,LT-005,164.51,9.374,1.288,0.835,49.982,12.57,WARNING
7569,2026-08-01 02:06:08,TR-103,LT-006,234.71,4.409,0.951,0.919,49.963,1.59,NORMAL
103,2026-08-01 00:01:42,TR-103,LT-001,228.63,7.039,1.564,0.972,49.911,0.79,NORMAL
958,2026-08-01 00:15:57,TR-104,LT-006,231.83,7.285,1.608,0.952,50.038,0.7,NORMAL
8557,2026-08-01 00:09:16,TR-104,LT-006,196.22,10.665,1.804,0.862,50.025,16.6,WARNING
3786,2026-08-01 01:03:05,TR-104,LT-003,227.8,8.463,1.921,0.996,50.031,3.37,NORMAL
9631,2026-08-01 00:07:10,TR-102,LT-006,94.46,0.498,0.029,0.618,50.051,31.2,POSSIBLE_BROKEN_LT
7174,2026-08-01 01:59:33,TR-101,LT-002,232.41,8.161,1.703,0.898,49.942,2.65,NORMAL
4044,2026-08-01 01:07:23,TR-102,LT-002,231.2,9.62,2.03,0.913,50.02,0.14,NORMAL
2649,2026-08-01 00:44:08,TR-103,LT-005,230.06,7.274,1.58,0.944,49.937,1.18,NORMAL
6001,2026-08-01 01:40:00,TR-103,LT-001,225.54,7.552,1.543,0.906,50.01,0.02,NORMAL
7928,2026-08-01 02:12:07,TR-101,LT-002,230.57,8.164,1.719,0.913,49.969,1.71,NORMAL
2827,2026-08-01 00:47:06,TR-102,LT-003,234.99,7.256,1.641,0.962,50.025,2.45,NORMAL
4095,2026-08-01 01:08:14,TR-104,LT-001,234.94,9.323,2.092,0.955,49.968,2.79,NORMAL
7775,2026-08-01 02:09:34,TR-103,LT-003,233.26,10.613,2.28,0.921,49.938,2.61,NORMAL
9259,2026-08-01 00:00:58,TR-104,LT-003,76.91,0.251,0.008,0.403,50.065,37.04,POSSIBLE_BROKEN_LT
8114,2026-08-01 00:01:53,TR-102,LT-005,177.64,8.308,1.294,0.877,49.997,14.97,WARNING
4773,2026-08-01 01:19:32,TR-104,LT-006,232.58,9.403,2.143,0.98,49.975,1.51,NORMAL
1948,2026-08-01 00:32:27,TR-101,LT-003,229.88,6.772,1.447,0.929,50.024,0.51,NORMAL
6110,2026-08-01 01:41:49,TR-101,LT-002,227.09,3.548,0.782,0.97,50.047,1.11,NORMAL
2300,2026-08-01 00:38:19,TR-104,LT-006,223.99,8.892,1.917,0.963,50.066,1.61,NORMAL
7845,2026-08-01 02:10:44,TR-103,LT-004,236.37,10.037,2.196,0.926,50.049,2.03,NORMAL
4383,2026-08-01 01:13:02,TR-104,LT-004,227.33,6.634,1.33,0.882,50.111,2.74,NORMAL
5426,2026-08-01 01:30:25,TR-104,LT-005,232.62,9.818,2.152,0.942,50.011,2.3,NORMAL
6772,2026-08-01 01:52:51,TR-101,LT-004,230.13,9.717,2.117,0.947,50.022,2.29,NORMAL
8579,2026-08-01 00:09:38,TR-104,LT-002,191.26,11.001,1.759,0.836,49.948,17.45,WARNING
4292,2026-08-01 01:11:31,TR-101,LT-006,228.28,5.392,1.17,0.95,49.85,2.29,NORMAL
529,2026-08-01 00:08:48,TR-104,LT-005,231.04,10.021,2.199,0.95,50.048,1.84,NORMAL
1234,2026-08-01 00:20:33,TR-101,LT-002,240.32,7.735,1.711,0.92,50.056,2.28,NORMAL
780,2026-08-01 00:12:59,TR-101,LT-004,232.48,7.657,1.67,0.938,50.077,2.32,NORMAL
5860,2026-08-01 01:37:39,TR-104,LT-003,227.47,8.093,1.7,0.924,49.99,1.71,NORMAL
3060,2026-08-01 00:50:59,TR-104,LT-003,228.42,9.631,2.036,0.925,50.042,1.64,NORMAL
8588,2026-08-01 00:09:47,TR-103,LT-002,196.68,8.447,1.305,0.785,49.929,13.49,WARNING
1861,2026-08-01 00:31:00,TR-103,LT-002,229.46,9.211,1.952,0.924,49.952,3.45,NORMAL
8439,2026-08-01 00:07:18,TR-102,LT-001,181.31,10.279,1.561,0.838,50.079,7.18,WARNING
7404,2026-08-01 02:03:23,TR-103,LT-004,229.26,11.695,2.549,0.951,50.01,1.97,NORMAL
4640,2026-08-01 01:17:19,TR-101,LT-003,218.67,7.283,1.534,0.963,50.264,2.63,NORMAL
4251,2026-08-01 01:10:50,TR-103,LT-002,234.3,9.852,2.17,0.94,50.078,1.32,NORMAL
1993,2026-08-01 00:33:12,TR-103,LT-002,234.76,9.324,2.034,0.929,49.927,2.15,NORMAL
7380,2026-08-01 02:02:59,TR-101,LT-003,231.59,5.741,1.251,0.941,50.013,1.88,NORMAL
7306,2026-08-01 02:01:45,TR-101,LT-004,217.82,6.044,1.273,0.967,50.184,3.24,NORMAL
5304,2026-08-01 01:28:23,TR-101,LT-001,232.21,9.652,2.076,0.926,50.093,2.42,NORMAL
8193,2026-08-01 00:03:12,TR-104,LT-001,151.94,6.443,0.666,0.68,49.923,3.6,WARNING
7448,2026-08-01 02:04:07,TR-104,LT-005,228.06,4.022,0.872,0.95,49.95,1.64,NORMAL
2472,2026-08-01 00:41:11,TR-101,LT-003,239.46,8.185,1.795,0.916,49.991,1.77,NORMAL
7198,2026-08-01 01:59:57,TR-104,LT-005,229.58,7.833,1.664,0.925,49.894,0.1,NORMAL
5313,2026-08-01 01:28:32,TR-103,LT-005,226.78,9.292,1.931,0.917,50.107,2.69,NORMAL
9036,2026-08-01 00:17:15,TR-102,LT-001,171.4,11.207,1.469,0.765,50.149,7.38,WARNING
1397,2026-08-01 00:23:16,TR-102,LT-003,224.61,9.274,1.96,0.941,49.992,2.0,NORMAL
4003,2026-08-01 01:06:42,TR-103,LT-003,230.07,7.344,1.549,0.917,49.927,2.67,NORMAL
5372,2026-08-01 01:29:31,TR-103,LT-006,225.5,6.745,1.433,0.942,49.929,0.93,NORMAL
3236,2026-08-01 00:53:55,TR-104,LT-001,230.76,8.363,1.881,0.975,50.129,0.99,NORMAL
1043,2026-08-01 00:17:22,TR-104,LT-002,234.31,8.807,1.925,0.933,49.93,2.64,NORMAL
3299,2026-08-01 00:54:58,TR-104,LT-005,225.39,7.399,1.592,0.954,50.039,2.58,NORMAL
7257,2026-08-01 02:00:56,TR-101,LT-004,229.67,9.841,2.171,0.961,50.04,2.69,NORMAL
258,2026-08-01 00:04:17,TR-103,LT-006,227.17,8.458,1.683,0.876,49.902,3.76,NORMAL
7287,2026-08-01 02:01:26,TR-102,LT-004,234.3,8.0,1.676,0.894,49.923,2.63,NORMAL
8617,2026-08-01 00:10:16,TR-103,LT-002,175.42,9.659,1.4,0.826,49.948,6.83,WARNING
7817,2026-08-01 02:10:16,TR-101,LT-004,227.68,11.922,2.459,0.906,50.089,1.04,NORMAL
5844,2026-08-01 01:37:23,TR-101,LT-002,221.5,8.036,1.666,0.936,50.005,2.04,NORMAL
2090,2026-08-01 00:34:49,TR-101,LT-001,235.81,11.012,2.457,0.946,49.905,3.58,NORMAL
7703,2026-08-01 02:08:22,TR-103,LT-002,227.37,6.103,1.299,0.936,50.023,2.14,NORMAL
504,2026-08-01 00:08:23,TR-102,LT-002,232.25,7.474,1.591,0.916,50.174,1.24,NORMAL
5266,2026-08-01 01:27:45,TR-101,LT-005,226.73,10.252,2.223,0.956,50.079,1.85,NORMAL
8815,2026-08-01 00:13:34,TR-104,LT-004,197.61,7.677,1.25,0.824,50.067,10.48,WARNING
1346,2026-08-01 00:22:25,TR-101,LT-003,224.06,7.676,1.604,0.932,50.035,2.98,NORMAL
8456,2026-08-01 00:07:35,TR-102,LT-006,217.4,12.68,2.281,0.827,50.133,8.51,WARNING
5047,2026-08-01 01:24:06,TR-101,LT-004,221.7,10.394,2.163,0.939,50.017,3.02,NORMAL
2249,2026-08-01 00:37:28,TR-102,LT-006,229.24,9.598,1.993,0.906,50.003,0.08,NORMAL
4982,2026-08-01 01:23:01,TR-102,LT-004,233.55,7.857,1.779,0.97,49.935,1.86,NORMAL
373,2026-08-01 00:06:12,TR-102,LT-006,235.8,8.499,1.898,0.947,49.968,2.53,NORMAL
8455,2026-08-01 00:07:34,TR-101,LT-005,195.62,11.092,1.92,0.885,49.808,11.89,WARNING
3371,2026-08-01 00:56:10,TR-103,LT-004,229.69,6.47,1.402,0.943,49.988,1.33,NORMAL
2007,2026-08-01 00:33:26,TR-101,LT-001,230.0,10.002,2.063,0.897,49.936,1.12,NORMAL
3657,2026-08-01 01:00:56,TR-101,LT-003,230.03,10.932,2.324,0.924,50.071,1.58,NORMAL
8328,2026-08-01 00:05:27,TR-104,LT-004,162.5,3.868,0.619,0.984,49.905,8.85,WARNING
7522,2026-08-01 02:05:21,TR-101,LT-005,223.66,6.153,1.279,0.929,49.983,2.76,NORMAL
4002,2026-08-01 01:06:41,TR-103,LT-003,229.88,4.242,0.924,0.947,49.932,2.68,NORMAL
6073,2026-08-01 01:41:12,TR-101,LT-005,230.74,6.1,1.373,0.976,50.027,2.4,NORMAL
8737,2026-08-01 00:12:16,TR-104,LT-002,182.75,9.984,1.48,0.811,50.088,5.99,WARNING
998,2026-08-01 00:16:37,TR-104,LT-006,232.56,11.177,2.582,0.993,49.979,2.97,NORMAL
8180,2026-08-01 00:02:59,TR-101,LT-002,196.32,11.895,1.952,0.836,50.136,16.06,WARNING
3291,2026-08-01 00:54:50,TR-102,LT-001,235.67,9.471,1.957,0.877,49.955,2.18,NORMAL
1177,2026-08-01 00:19:36,TR-104,LT-001,223.23,10.515,2.192,0.934,50.073,2.28,NORMAL
552,2026-08-01 00:09:11,TR-103,LT-006,229.38,6.515,1.369,0.916,49.961,1.43,NORMAL
745,2026-08-01 00:12:24,TR-103,LT-004,232.07,12.102,2.544,0.906,49.961,2.24,NORMAL
7224,2026-08-01 02:00:23,TR-103,LT-006,242.47,5.719,1.283,0.925,49.923,1.42,NORMAL
4555,2026-08-01 01:15:54,TR-101,LT-003,229.68,7.131,1.53,0.934,49.995,2.09,NORMAL
2860,2026-08-01 00:47:39,TR-104,LT-006,230.78,6.932,1.491,0.932,50.111,2.67,NORMAL
8821,2026-08-01 00:13:40,TR-104,LT-001,158.22,10.898,1.587,0.92,49.92,8.61,WARNING
3460,2026-08-01 00:57:39,TR-103,LT-001,225.31,7.236,1.587,0.974,50.079,2.38,NORMAL
2725,2026-08-01 00:45:24,TR-104,LT-004,237.85,9.278,2.107,0.955,50.025,3.07,NORMAL
6848,2026-08-01 01:54:07,TR-101,LT-004,231.9,8.66,1.894,0.943,49.91,2.63,NORMAL
7616,2026-08-01 02:06:55,TR-101,LT-006,225.68,9.297,1.942,0.926,50.025,0.13,NORMAL
7548,2026-08-01 02:05:47,TR-104,LT-001,226.08,7.982,1.651,0.915,49.991,1.72,NORMAL
9175,2026-08-01 00:19:34,TR-102,LT-003,172.57,8.104,1.247,0.892,50.197,1.5,WARNING
6394,2026-08-01 01:46:33,TR-104,LT-006,227.34,8.276,1.747,0.928,50.115,2.22,NORMAL
5359,2026-08-01 01:29:18,TR-103,LT-004,222.77,4.985,1.045,0.941,49.919,2.85,NORMAL
9489,2026-08-01 00:04:48,TR-103,LT-003,94.98,0.149,0.007,0.497,50.051,59.75,POSSIBLE_BROKEN_LT
2969,2026-08-01 00:49:28,TR-103,LT-004,222.72,9.22,1.885,0.918,49.978,1.9,NORMAL
694,2026-08-01 00:11:33,TR-104,LT-004,232.46,7.761,1.682,0.932,49.861,2.49,NORMAL
2534,2026-08-01 00:42:13,TR-104,LT-004,226.33,9.631,1.983,0.91,50.043,1.54,NORMAL
6400,2026-08-01 01:46:39,TR-102,LT-002,224.26,8.492,1.69,0.887,49.963,3.1,NORMAL
983,2026-08-01 00:16:22,TR-102,LT-003,226.13,7.803,1.547,0.877,50.149,3.71,NORMAL
5365,2026-08-01 01:29:24,TR-102,LT-004,229.24,8.086,1.738,0.937,49.953,2.7,NORMAL
80,2026-08-01 00:01:19,TR-102,LT-002,222.05,10.668,2.197,0.927,49.936,3.51,NORMAL
4054,2026-08-01 01:07:33,TR-102,LT-003,230.78,6.68,1.395,0.905,50.029,2.02,NORMAL
6259,2026-08-01 01:44:18,TR-104,LT-004,225.99,10.034,2.047,0.903,49.95,0.24,NORMAL
9577,2026-08-01 00:06:16,TR-101,LT-004,67.48,0.08,0.002,0.452,49.891,35.29,POSSIBLE_BROKEN_LT
9026,2026-08-01 00:17:05,TR-102,LT-006,182.94,8.329,1.169,0.767,49.954,11.73,WARNING
3108,2026-08-01 00:51:47,TR-102,LT-001,232.29,6.914,1.538,0.958,50.042,1.22,NORMAL
3602,2026-08-01 01:00:01,TR-101,LT-003,227.12,8.973,1.888,0.926,49.997,1.19,NORMAL
6074,2026-08-01 01:41:13,TR-101,LT-003,231.81,8.539,1.804,0.912,50.058,2.04,NORMAL
8127,2026-08-01 00:02:06,TR-102,LT-003,166.14,12.377,1.609,0.782,49.891,14.05,WARNING
2143,2026-08-01 00:35:42,TR-102,LT-003,230.69,6.77,1.538,0.985,49.972,2.63,NORMAL
6311,2026-08-01 01:45:10,TR-101,LT-004,229.26,8.054,1.778,0.963,49.865,1.15,NORMAL
2269,2026-08-01 00:37:48,TR-102,LT-001,227.98,7.704,1.548,0.881,49.934,2.91,NORMAL
446,2026-08-01 00:07:25,TR-103,LT-004,232.68,6.298,1.314,0.897,50.192,2.85,NORMAL
4884,2026-08-01 01:21:23,TR-101,LT-005,231.9,8.341,1.799,0.93,50.04,2.09,NORMAL
4467,2026-08-01 01:14:26,TR-103,LT-001,233.4,7.42,1.631,0.942,49.945,3.64,NORMAL
9027,2026-08-01 00:17:06,TR-102,LT-003,214.46,8.966,1.583,0.823,50.054,10.66,WARNING
6633,2026-08-01 01:50:32,TR-103,LT-002,228.43,7.583,1.645,0.95,50.005,4.35,NORMAL
3317,2026-08-01 00:55:16,TR-101,LT-002,229.78,9.814,2.09,0.927,50.097,2.28,NORMAL
1702,2026-08-01 00:28:21,TR-101,LT-005,231.96,8.893,1.945,0.943,49.964,3.86,NORMAL
2527,2026-08-01 00:42:06,TR-101,LT-002,231.68,6.874,1.434,0.901,50.086,0.66,NORMAL
69,2026-08-01 00:01:08,TR-103,LT-001,231.45,8.069,1.673,0.896,49.822,1.32,NORMAL
1169,2026-08-01 00:19:28,TR-102,LT-001,232.38,8.545,1.971,0.992,49.964,2.03,NORMAL
49,2026-08-01 00:00:48,TR-102,LT-006,231.37,5.414,1.199,0.957,50.108,1.19,NORMAL
1054,2026-08-01 00:17:33,TR-101,LT-001,231.04,7.33,1.57,0.927,49.969,2.44,NORMAL
4030,2026-08-01 01:07:09,TR-102,LT-005,233.21,9.899,2.144,0.929,50.076,1.31,NORMAL
881,2026-08-01 00:14:40,TR-102,LT-004,240.11,3.687,0.811,0.916,50.007,3.26,NORMAL
2652,2026-08-01 00:44:11,TR-103,LT-002,236.08,8.47,1.846,0.923,49.951,1.36,NORMAL
7760,2026-08-01 02:09:19,TR-104,LT-001,224.81,9.787,2.05,0.932,49.944,1.27,NORMAL
2440,2026-08-01 00:40:39,TR-102,LT-005,223.57,6.681,1.445,0.968,49.883,2.11,NORMAL
4925,2026-08-01 01:22:04,TR-103,LT-003,231.79,8.89,1.97,0.956,49.95,2.7,NORMAL
1468,2026-08-01 00:24:27,TR-102,LT-004,231.58,4.281,0.909,0.917,49.982,2.54,NORMAL
7293,2026-08-01 02:01:32,TR-101,LT-005,227.5,7.095,1.535,0.951,50.024,1.89,NORMAL
5036,2026-08-01 01:23:55,TR-102,LT-003,239.58,9.709,2.244,0.965,50.006,0.88,NORMAL
2442,2026-08-01 00:40:41,TR-104,LT-003,235.53,6.917,1.551,0.952,49.916,0.0,NORMAL
6555,2026-08-01 01:49:14,TR-101,LT-001,228.88,6.985,1.484,0.929,49.963,1.64,NORMAL
231,2026-08-01 00:03:50,TR-103,LT-005,227.08,8.013,1.658,0.911,50.116,1.13,NORMAL
1321,2026-08-01 00:22:00,TR-103,LT-001,230.23,7.102,1.525,0.933,50.039,1.89,NORMAL
42,2026-08-01 00:00:41,TR-102,LT-003,230.69,7.634,1.701,0.966,50.044,2.84,NORMAL
778,2026-08-01 00:12:57,TR-103,LT-003,229.01,10.284,2.246,0.953,50.009,2.48,NORMAL
8951,2026-08-01 00:15:50,TR-103,LT-001,176.07,7.63,1.031,0.768,49.992,11.04,WARNING
8405,2026-08-01 00:06:44,TR-103,LT-002,166.1,8.354,1.186,0.855,50.051,11.62,WARNING
1730,2026-08-01 00:28:49,TR-103,LT-003,237.35,8.775,1.95,0.936,49.876,0.95,NORMAL
3911,2026-08-01 01:05:10,TR-102,LT-003,224.34,8.507,1.767,0.926,50.044,1.43,NORMAL
580,2026-08-01 00:09:39,TR-103,LT-001,234.58,8.862,2.067,0.994,49.967,2.72,NORMAL
9942,2026-08-01 00:12:21,TR-104,LT-001,59.84,0.252,0.007,0.474,49.965,0.82,POSSIBLE_BROKEN_LT
5840,2026-08-01 01:37:19,TR-103,LT-005,227.63,8.961,1.973,0.967,49.936,2.4,NORMAL
8272,2026-08-01 00:04:31,TR-103,LT-006,195.46,6.52,1.04,0.816,50.038,10.41,WARNING
7276,2026-08-01 02:01:15,TR-103,LT-004,227.18,2.128,0.455,0.942,50.182,1.01,NORMAL
1492,2026-08-01 00:24:51,TR-102,LT-002,240.23,7.91,1.735,0.913,50.045,4.01,NORMAL
9110,2026-08-01 00:18:29,TR-103,LT-006,154.57,10.414,1.2,0.745,49.96,16.81,WARNING
5611,2026-08-01 01:33:30,TR-103,LT-006,232.64,8.138,1.707,0.902,49.946,4.03,NORMAL
62,2026-08-01 00:01:01,TR-103,LT-003,229.26,8.301,1.856,0.975,49.8,0.82,NORMAL
5472,2026-08-01 01:31:11,TR-102,LT-006,231.53,3.952,0.851,0.93,50.117,2.71,NORMAL
3906,2026-08-01 01:05:05,TR-102,LT-004,228.71,13.161,2.711,0.901,50.057,1.3,NORMAL
6532,2026-08-01 01:48:51,TR-101,LT-004,231.84,8.032,1.814,0.974,49.877,3.54,NORMAL
403,2026-08-01 00:06:42,TR-103,LT-001,230.02,9.251,2.048,0.962,49.983,3.62,NORMAL
333,2026-08-01 00:05:32,TR-102,LT-006,230.3,8.3,1.719,0.899,50.106,2.15,NORMAL
2085,2026-08-01 00:34:44,TR-103,LT-005,227.8,9.198,1.992,0.951,50.035,0.78,NORMAL
9558,2026-08-01 00:05:57,TR-104,LT-001,82.77,0.295,0.01,0.399,49.994,39.7,POSSIBLE_BROKEN_LT
165,2026-08-01 00:02:44,TR-103,LT-001,233.85,4.464,0.969,0.928,50.134,0.99,NORMAL
4380,2026-08-01 01:12:59,TR-103,LT-002,226.89,9.545,2.049,0.946,49.839,1.78,NORMAL
2716,2026-08-01 00:45:15,TR-103,LT-001,221.6,4.963,1.0,0.91,49.917,3.75,NORMAL
8924,2026-08-01 00:15:23,TR-104,LT-005,137.81,9.688,0.998,0.747,49.945,8.39,WARNING
7347,2026-08-01 02:02:26,TR-101,LT-005,226.71,7.516,1.567,0.92,50.169,2.44,NORMAL
5454,2026-08-01 01:30:53,TR-104,LT-002,225.57,8.162,1.732,0.94,50.117,2.52,NORMAL
7047,2026-08-01 01:57:26,TR-104,LT-004,230.05,6.998,1.493,0.927,49.911,1.65,NORMAL
1335,2026-08-01 00:22:14,TR-104,LT-004,230.59,9.019,1.89,0.909,49.96,2.45,NORMAL
8699,2026-08-01 00:11:38,TR-103,LT-003,191.31,12.117,1.969,0.849,49.946,19.56,WARNING
1660,2026-08-01 00:27:39,TR-103,LT-006,234.56,8.27,1.87,0.964,50.038,2.17,NORMAL
3579,2026-08-01 00:59:38,TR-104,LT-006,226.74,10.432,2.279,0.963,50.013,1.42,NORMAL
754,2026-08-01 00:12:33,TR-101,LT-005,234.21,7.249,1.57,0.925,49.963,2.05,NORMAL
6585,2026-08-01 01:49:44,TR-101,LT-004,236.38,6.033,1.326,0.93,49.969,3.07,NORMAL
707,2026-08-01 00:11:46,TR-104,LT-003,224.88,8.41,1.827,0.966,50.098,0.6,NORMAL
3015,2026-08-01 00:50:14,TR-101,LT-005,227.67,9.883,2.031,0.903,49.997,1.3,NORMAL
8559,2026-08-01 00:09:18,TR-103,LT-005,159.56,5.305,0.765,0.904,49.955,8.97,WARNING
9876,2026-08-01 00:11:15,TR-101,LT-001,62.91,0.379,0.018,0.751,49.979,22.24,POSSIBLE_BROKEN_LT
9583,2026-08-01 00:06:22,TR-101,LT-004,105.01,0.01,0.0,0.422,50.103,23.99,POSSIBLE_BROKEN_LT
8929,2026-08-01 00:15:28,TR-101,LT-006,195.3,11.135,1.861,0.856,49.924,7.53,WARNING
9557,2026-08-01 00:05:56,TR-102,LT-005,93.21,0.204,0.01,0.507,49.953,27.89,POSSIBLE_BROKEN_LT
8984,2026-08-01 00:16:23,TR-103,LT-003,195.31,8.329,1.347,0.828,49.998,7.01,WARNING
1835,2026-08-01 00:30:34,TR-101,LT-001,227.55,12.331,2.663,0.949,50.108,2.22,NORMAL
2997,2026-08-01 00:49:56,TR-101,LT-005,231.03,8.651,1.892,0.947,50.024,2.12,NORMAL
5428,2026-08-01 01:30:27,TR-101,LT-005,229.92,5.885,1.245,0.92,50.039,4.0,NORMAL
3880,2026-08-01 01:04:39,TR-104,LT-003,229.21,6.753,1.416,0.915,50.125,3.78,NORMAL
7157,2026-08-01 01:59:16,TR-104,LT-006,234.67,7.317,1.633,0.951,49.825,3.11,NORMAL
5082,2026-08-01 01:24:41,TR-104,LT-005,230.54,7.258,1.563,0.934,49.999,2.46,NORMAL
9115,2026-08-01 00:18:34,TR-103,LT-004,195.42,9.392,1.315,0.716,49.916,10.82,WARNING
7245,2026-08-01 02:00:44,TR-103,LT-004,232.8,9.071,1.918,0.908,49.95,3.75,NORMAL
5401,2026-08-01 01:30:00,TR-101,LT-003,225.25,5.897,1.253,0.943,50.128,3.23,NORMAL
5396,2026-08-01 01:29:55,TR-104,LT-004,233.21,7.544,1.66,0.944,50.086,2.29,NORMAL
9428,2026-08-01 00:03:47,TR-103,LT-006,89.78,0.207,0.004,0.238,49.981,25.51,POSSIBLE_BROKEN_LT
2247,2026-08-01 00:37:26,TR-103,LT-002,226.4,5.335,1.108,0.917,49.881,2.76,NORMAL
836,2026-08-01 00:13:55,TR-104,LT-005,230.94,7.962,1.738,0.945,49.922,1.69,NORMAL
8395,2026-08-01 00:06:34,TR-101,LT-005,193.97,8.124,1.272,0.807,49.931,8.11,WARNING
9043,2026-08-01 00:17:22,TR-102,LT-003,176.62,7.324,1.052,0.813,50.08,2.22,WARNING
433,2026-08-01 00:07:12,TR-104,LT-001,228.92,6.726,1.426,0.926,50.003,2.96,NORMAL
3379,2026-08-01 00:56:18,TR-104,LT-002,232.02,9.17,1.983,0.932,49.945,2.73,NORMAL
6818,2026-08-01 01:53:37,TR-103,LT-003,224.08,6.47,1.341,0.925,49.944,1.21,NORMAL
8132,2026-08-01 00:02:11,TR-103,LT-006,180.38,9.035,1.288,0.79,50.175,14.01,WARNING
9622,2026-08-01 00:07:01,TR-102,LT-001,75.25,0.33,0.006,0.226,49.959,13.45,POSSIBLE_BROKEN_LT
6067,2026-08-01 01:41:06,TR-104,LT-002,226.66,9.34,1.972,0.931,49.84,3.11,NORMAL
1194,2026-08-01 00:19:53,TR-104,LT-003,231.28,8.693,1.855,0.923,49.986,2.69,NORMAL
6935,2026-08-01 01:55:34,TR-102,LT-006,233.52,10.208,2.171,0.911,50.108,2.05,NORMAL
5462,2026-08-01 01:31:01,TR-104,LT-005,232.64,8.407,1.805,0.923,50.056,3.67,NORMAL
3072,2026-08-01 00:51:11,TR-101,LT-006,236.81,4.762,1.071,0.949,49.934,2.06,NORMAL
3045,2026-08-01 00:50:44,TR-103,LT-004,232.86,7.991,1.754,0.942,49.94,1.79,NORMAL
3264,2026-08-01 00:54:23,TR-103,LT-001,234.69,5.265,1.143,0.925,49.94,0.86,NORMAL
2730,2026-08-01 00:45:29,TR-101,LT-005,228.06,5.783,1.185,0.899,49.966,1.0,NORMAL
3434,2026-08-01 00:57:13,TR-104,LT-005,229.61,7.886,1.686,0.931,49.996,4.04,NORMAL
434,2026-08-01 00:07:13,TR-101,LT-003,232.87,9.482,2.11,0.956,49.867,2.51,NORMAL
3273,2026-08-01 00:54:32,TR-103,LT-003,233.53,6.563,1.474,0.962,49.891,0.57,NORMAL
7002,2026-08-01 01:56:41,TR-101,LT-002,222.89,7.935,1.678,0.949,49.948,2.92,NORMAL
9727,2026-08-01 00:08:46,TR-104,LT-002,77.52,0.424,0.016,0.491,49.925,39.01,POSSIBLE_BROKEN_LT
105,2026-08-01 00:01:44,TR-101,LT-005,229.35,5.685,1.262,0.968,50.018,2.19,NORMAL
3316,2026-08-01 00:55:15,TR-103,LT-005,231.67,6.267,1.364,0.939,50.008,2.51,NORMAL
1657,2026-08-01 00:27:36,TR-102,LT-006,230.67,9.214,2.013,0.947,49.772,1.82,NORMAL
1534,2026-08-01 00:25:33,TR-103,LT-002,229.41,6.806,1.508,0.966,49.941,2.1,NORMAL
4681,2026-08-01 01:18:00,TR-102,LT-001,229.07,8.957,1.903,0.927,50.088,0.8,NORMAL
8814,2026-08-01 00:13:33,TR-104,LT-004,182.63,10.323,1.764,0.935,50.091,3.54,WARNING
9003,2026-08-01 00:16:42,TR-104,LT-005,176.9,9.334,1.303,0.789,50.121,8.59,WARNING
6623,2026-08-01 01:50:22,TR-104,LT-005,231.46,7.65,1.61,0.909,49.919,2.31,NORMAL
1444,2026-08-01 00:24:03,TR-104,LT-006,224.81,8.159,1.635,0.891,49.944,1.44,NORMAL
215,2026-08-01 00:03:34,TR-101,LT-003,228.74,6.987,1.457,0.912,49.915,1.92,NORMAL
5357,2026-08-01 01:29:16,TR-101,LT-005,223.47,6.956,1.477,0.95,50.057,1.65,NORMAL
9219,2026-08-01 00:00:18,TR-103,LT-003,93.42,0.404,0.009,0.25,50.015,38.27,POSSIBLE_BROKEN_LT
6323,2026-08-01 01:45:22,TR-102,LT-004,228.45,11.527,2.446,0.929,50.077,0.9,NORMAL
4990,2026-08-01 01:23:09,TR-104,LT-002,239.57,8.91,2.037,0.954,50.003,0.19,NORMAL
1420,2026-08-01 00:23:39,TR-102,LT-002,232.03,7.5,1.639,0.942,50.096,0.42,NORMAL
9517,2026-08-01 00:05:16,TR-101,LT-005,60.81,0.568,0.01,0.285,49.958,21.43,POSSIBLE_BROKEN_LT
8607,2026-08-01 00:10:06,TR-104,LT-001,169.46,14.39,2.313,0.948,49.839,16.9,WARNING
182,2026-08-01 00:03:01,TR-103,LT-005,226.57,8.594,1.855,0.953,50.007,3.05,NORMAL
4353,2026-08-01 01:12:32,TR-102,LT-003,229.0,3.262,0.708,0.948,49.888,4.18,NORMAL
8701,2026-08-01 00:11:40,TR-102,LT-003,152.14,10.36,1.345,0.854,49.873,1.92,WARNING
2447,2026-08-01 00:40:46,TR-101,LT-003,231.18,9.547,2.125,0.963,50.114,1.57,NORMAL
5322,2026-08-01 01:28:41,TR-102,LT-002,225.21,6.348,1.35,0.944,50.001,3.44,NORMAL
8046,2026-08-01 00:00:45,TR-101,LT-001,182.54,11.509,1.85,0.88,50.061,18.58,WARNING
5685,2026-08-01 01:34:44,TR-103,LT-005,227.74,9.392,2.004,0.937,50.134,1.6,NORMAL
3533,2026-08-01 00:58:52,TR-104,LT-006,229.59,6.74,1.512,0.977,50.024,2.21,NORMAL
8245,2026-08-01 00:04:04,TR-103,LT-005,171.06,10.007,1.424,0.832,49.908,9.94,WARNING
7977,2026-08-01 02:12:56,TR-102,LT-001,226.05,9.577,2.039,0.942,50.06,1.47,NORMAL
3699,2026-08-01 01:01:38,TR-102,LT-004,233.73,8.858,1.929,0.932,50.035,1.28,NORMAL
71,2026-08-01 00:01:10,TR-103,LT-005,231.45,9.895,2.099,0.916,49.977,1.63,NORMAL
545,2026-08-01 00:09:04,TR-103,LT-002,220.11,8.122,1.627,0.91,49.908,1.61,NORMAL
1205,2026-08-01 00:20:04,TR-101,LT-005,230.2,5.758,1.202,0.907,49.974,2.5,NORMAL
3079,2026-08-01 00:51:18,TR-104,LT-003,230.94,5.646,1.212,0.929,49.951,3.02,NORMAL
9107,2026-08-01 00:18:26,TR-104,LT-006,184.64,9.37,1.539,0.89,50.091,13.99,WARNING
9121,2026-08-01 00:18:40,TR-103,LT-006,179.96,11.363,1.766,0.864,50.105,14.03,WARNING
9681,2026-08-01 00:08:00,TR-103,LT-003,116.76,0.432,0.03,0.593,50.02,22.23,POSSIBLE_BROKEN_LT
6181,2026-08-01 01:43:00,TR-103,LT-005,233.86,8.384,1.78,0.908,50.016,1.33,NORMAL
8330,2026-08-01 00:05:29,TR-104,LT-002,173.63,7.692,1.215,0.91,49.958,17.97,WARNING
4285,2026-08-01 01:11:24,TR-103,LT-002,226.88,7.721,1.748,0.998,49.966,3.07,NORMAL
4008,2026-08-01 01:06:47,TR-104,LT-001,227.48,7.929,1.766,0.979,50.026,1.53,NORMAL
8714,2026-08-01 00:11:53,TR-103,LT-004,170.14,6.648,0.969,0.857,50.087,10.36,WARNING
878,2026-08-01 00:14:37,TR-101,LT-006,230.9,5.551,1.177,0.918,49.983,0.49,NORMAL
8061,2026-08-01 00:01:00,TR-101,LT-004,184.13,7.242,1.17,0.877,49.783,14.57,WARNING
197,2026-08-01 00:03:16,TR-102,LT-003,226.46,9.287,1.966,0.935,49.998,2.15,NORMAL
9747,2026-08-01 00:09:06,TR-102,LT-002,85.21,0.161,0.008,0.578,50.015,30.12,POSSIBLE_BROKEN_LT
4011,2026-08-01 01:06:50,TR-102,LT-006,230.09,6.777,1.497,0.96,49.94,0.74,NORMAL
9963,2026-08-01 00:12:42,TR-103,LT-001,67.51,0.37,0.018,0.725,50.064,20.29,POSSIBLE_BROKEN_LT
2572,2026-08-01 00:42:51,TR-102,LT-001,224.21,6.956,1.532,0.982,49.995,3.93,NORMAL
3754,2026-08-01 01:02:33,TR-101,LT-003,228.21,7.476,1.653,0.969,50.032,1.88,NORMAL
9248,2026-08-01 00:00:47,TR-104,LT-005,27.93,0.146,0.002,0.484,50.025,31.62,POSSIBLE_BROKEN_LT
8629,2026-08-01 00:10:28,TR-101,LT-003,192.15,14.065,2.365,0.875,50.007,18.75,WARNING
9369,2026-08-01 00:02:48,TR-101,LT-001,69.23,0.304,0.007,0.329,49.952,35.83,POSSIBLE_BROKEN_LT
6160,2026-08-01 01:42:39,TR-104,LT-006,223.74,6.831,1.432,0.937,50.056,1.79,NORMAL
4792,2026-08-01 01:19:51,TR-103,LT-004,228.4,11.496,2.385,0.908,50.007,2.38,NORMAL
5338,2026-08-01 01:28:57,TR-102,LT-005,226.79,6.8,1.542,1.0,50.1,3.6,NORMAL
3025,2026-08-01 00:50:24,TR-101,LT-004,222.52,8.249,1.686,0.919,49.987,1.56,NORMAL
2719,2026-08-01 00:45:18,TR-104,LT-005,227.63,10.988,2.451,0.98,49.996,2.25,NORMAL
8656,2026-08-01 00:10:55,TR-102,LT-002,210.58,14.56,2.602,0.849,50.063,16.91,WARNING
6917,2026-08-01 01:55:16,TR-102,LT-002,225.65,9.993,2.142,0.95,49.944,1.17,NORMAL
3985,2026-08-01 01:06:24,TR-104,LT-003,230.97,9.285,2.023,0.943,49.931,1.97,NORMAL
7309,2026-08-01 02:01:48,TR-104,LT-006,225.8,1.811,0.376,0.919,49.967,2.93,NORMAL
5954,2026-08-01 01:39:13,TR-103,LT-003,233.24,11.659,2.558,0.941,50.049,0.16,NORMAL
3845,2026-08-01 01:04:04,TR-102,LT-004,236.44,8.143,1.778,0.923,49.974,2.2,NORMAL
2683,2026-08-01 00:44:42,TR-101,LT-005,228.68,7.641,1.626,0.931,50.002,2.04,NORMAL
4025,2026-08-01 01:07:04,TR-101,LT-003,227.29,9.932,2.069,0.917,50.034,2.25,NORMAL
8716,2026-08-01 00:11:55,TR-101,LT-003,186.38,11.985,1.66,0.743,49.948,22.9,WARNING
3140,2026-08-01 00:52:19,TR-104,LT-006,228.93,7.634,1.747,1.0,49.995,2.13,NORMAL
4238,2026-08-01 01:10:37,TR-103,LT-003,228.61,6.474,1.464,0.99,49.988,2.66,NORMAL
219,2026-08-01 00:03:38,TR-104,LT-005,228.06,7.559,1.586,0.92,50.178,2.01,NORMAL
6619,2026-08-01 01:50:18,TR-104,LT-001,224.25,10.597,2.178,0.916,50.029,2.76,NORMAL
9607,2026-08-01 00:06:46,TR-104,LT-001,111.65,0.147,0.007,0.422,50.13,53.18,POSSIBLE_BROKEN_LT
5269,2026-08-01 01:27:48,TR-102,LT-001,224.66,7.611,1.663,0.973,49.926,2.25,NORMAL
2544,2026-08-01 00:42:23,TR-101,LT-004,228.77,2.379,0.491,0.903,50.002,2.35,NORMAL
2871,2026-08-01 00:47:50,TR-103,LT-005,227.45,10.597,2.332,0.967,49.911,1.67,NORMAL
1245,2026-08-01 00:20:44,TR-103,LT-001,227.4,7.401,1.597,0.949,50.01,2.11,NORMAL
421,2026-08-01 00:07:00,TR-102,LT-006,238.24,8.575,1.922,0.941,50.027,3.04,NORMAL
6228,2026-08-01 01:43:47,TR-104,LT-003,231.58,7.532,1.534,0.879,50.139,3.33,NORMAL
2059,2026-08-01 00:34:18,TR-102,LT-004,231.05,8.956,2.008,0.97,50.015,2.26,NORMAL
8494,2026-08-01 00:08:13,TR-101,LT-002,155.87,12.578,1.85,0.943,49.978,10.11,WARNING
6435,2026-08-01 01:47:14,TR-101,LT-003,230.54,8.384,1.808,0.936,49.967,1.28,NORMAL
3423,2026-08-01 00:57:02,TR-102,LT-005,231.7,7.536,1.64,0.939,50.051,2.89,NORMAL
4511,2026-08-01 01:15:10,TR-103,LT-004,225.25,6.439,1.394,0.961,49.96,2.36,NORMAL
1167,2026-08-01 00:19:26,TR-102,LT-004,235.54,5.492,1.183,0.914,50.022,1.6,NORMAL
255,2026-08-01 00:04:14,TR-101,LT-006,223.92,8.23,1.689,0.916,50.027,2.04,NORMAL
416,2026-08-01 00:06:55,TR-103,LT-003,227.01,8.59,1.794,0.92,49.979,0.1,NORMAL
9176,2026-08-01 00:19:35,TR-101,LT-006,161.33,7.126,0.958,0.833,49.896,5.5,WARNING
3470,2026-08-01 00:57:49,TR-101,LT-003,229.13,8.245,1.801,0.953,50.075,1.36,NORMAL
3051,2026-08-01 00:50:50,TR-104,LT-001,224.51,10.889,2.246,0.919,50.108,2.01,NORMAL
760,2026-08-01 00:12:39,TR-103,LT-003,232.8,10.923,2.374,0.934,50.081,0.93,NORMAL
1386,2026-08-01 00:23:05,TR-104,LT-004,231.2,8.733,1.871,0.927,50.031,1.06,NORMAL
655,2026-08-01 00:10:54,TR-101,LT-005,240.29,9.56,2.262,0.984,50.032,0.64,NORMAL
1202,2026-08-01 00:20:01,TR-101,LT-001,228.28,7.048,1.513,0.94,50.064,0.96,NORMAL
2414,2026-08-01 00:40:13,TR-102,LT-004,226.33,6.945,1.424,0.906,50.002,1.75,NORMAL
5580,2026-08-01 01:32:59,TR-103,LT-002,230.06,5.47,1.178,0.936,50.053,2.81,NORMAL
5994,2026-08-01 01:39:53,TR-104,LT-006,232.08,5.188,1.102,0.915,50.035,0.77,NORMAL
5295,2026-08-01 01:28:14,TR-101,LT-003,235.29,10.88,2.421,0.946,50.012,2.11,NORMAL
3056,2026-08-01 00:50:55,TR-104,LT-005,226.57,6.51,1.462,0.991,49.854,1.2,NORMAL
2831,2026-08-01 00:47:10,TR-101,LT-003,223.18,10.872,2.23,0.919,49.867,0.89,NORMAL
2971,2026-08-01 00:49:30,TR-102,LT-002,222.35,8.755,1.904,0.978,50.013,1.02,NORMAL
329,2026-08-01 00:05:28,TR-104,LT-006,232.5,8.113,1.76,0.933,50.097,2.26,NORMAL
4271,2026-08-01 01:11:10,TR-101,LT-002,229.47,3.958,0.847,0.933,50.03,1.77,NORMAL
5995,2026-08-01 01:39:54,TR-101,LT-002,233.45,7.404,1.613,0.933,50.07,0.74,NORMAL
4393,2026-08-01 01:13:12,TR-103,LT-003,231.3,10.671,2.269,0.92,49.966,0.94,NORMAL
2064,2026-08-01 00:34:23,TR-101,LT-002,229.59,11.563,2.552,0.961,50.102,2.64,NORMAL
8302,2026-08-01 00:05:01,TR-103,LT-001,183.02,11.736,1.752,0.816,50.016,8.93,WARNING
9014,2026-08-01 00:16:53,TR-101,LT-004,211.33,11.887,2.116,0.842,49.847,10.12,WARNING
9330,2026-08-01 00:02:09,TR-104,LT-002,76.65,0.168,0.007,0.534,50.18,15.98,POSSIBLE_BROKEN_LT
5170,2026-08-01 01:26:09,TR-101,LT-004,225.49,14.081,2.886,0.909,50.008,1.86,NORMAL
4430,2026-08-01 01:13:49,TR-101,LT-003,228.07,7.454,1.589,0.935,50.048,2.34,NORMAL
1282,2026-08-01 00:21:21,TR-104,LT-004,229.39,8.213,1.797,0.954,50.008,1.35,NORMAL
3382,2026-08-01 00:56:21,TR-102,LT-002,234.76,7.946,1.756,0.941,50.053,3.3,NORMAL
2637,2026-08-01 00:43:56,TR-101,LT-004,230.76,6.414,1.408,0.951,50.191,3.58,NORMAL
3329,2026-08-01 00:55:28,TR-102,LT-001,225.63,6.406,1.399,0.968,50.086,2.62,NORMAL
6437,2026-08-01 01:47:16,TR-101,LT-006,224.62,8.493,1.813,0.951,49.885,2.35,NORMAL
5019,2026-08-01 01:23:38,TR-104,LT-002,230.62,7.317,1.657,0.982,50.023,1.23,NORMAL
7325,2026-08-01 02:02:04,TR-104,LT-004,231.9,7.07,1.494,0.911,50.089,2.87,NORMAL
3796,2026-08-01 01:03:15,TR-102,LT-003,228.7,6.897,1.512,0.959,49.962,3.16,NORMAL
2664,2026-08-01 00:44:23,TR-102,LT-003,226.21,4.57,0.967,0.936,49.959,1.55,NORMAL
8283,2026-08-01 00:04:42,TR-101,LT-006,189.79,7.96,1.289,0.853,49.904,6.0,WARNING
1283,2026-08-01 00:21:22,TR-102,LT-002,232.83,6.313,1.403,0.955,50.025,2.42,NORMAL
4149,2026-08-01 01:09:08,TR-104,LT-006,227.94,7.378,1.582,0.941,49.973,0.43,NORMAL
1363,2026-08-01 00:22:42,TR-103,LT-001,230.48,7.942,1.742,0.952,50.098,1.73,NORMAL
1438,2026-08-01 00:23:57,TR-103,LT-003,236.43,7.783,1.658,0.901,50.061,1.21,NORMAL
9629,2026-08-01 00:07:08,TR-103,LT-003,61.14,0.488,0.017,0.572,50.099,39.22,POSSIBLE_BROKEN_LT
3442,2026-08-01 00:57:21,TR-101,LT-005,227.54,6.573,1.4,0.936,50.148,2.67,NORMAL
57,2026-08-01 00:00:56,TR-102,LT-004,226.64,8.158,1.739,0.941,50.0,1.94,NORMAL
4598,2026-08-01 01:16:37,TR-104,LT-006,235.17,9.507,2.196,0.982,49.981,0.75,NORMAL
8480,2026-08-01 00:07:59,TR-102,LT-005,164.9,12.591,1.637,0.789,49.963,13.69,WARNING
5366,2026-08-01 01:29:25,TR-101,LT-005,224.01,10.135,2.123,0.935,49.956,1.39,NORMAL
1845,2026-08-01 00:30:44,TR-102,LT-005,230.64,7.138,1.463,0.889,50.013,2.75,NORMAL
5516,2026-08-01 01:31:55,TR-102,LT-002,223.92,4.97,1.074,0.966,50.144,0.75,NORMAL
8574,2026-08-01 00:09:33,TR-101,LT-004,175.19,12.269,1.797,0.836,49.858,6.34,WARNING
6264,2026-08-01 01:44:23,TR-104,LT-002,231.23,9.816,2.141,0.943,50.054,2.26,NORMAL
2881,2026-08-01 00:48:00,TR-103,LT-005,221.05,6.298,1.263,0.907,49.94,1.71,NORMAL
1744,2026-08-01 00:29:03,TR-101,LT-002,234.65,8.376,1.79,0.911,50.062,2.43,NORMAL
8399,2026-08-01 00:06:38,TR-104,LT-005,206.66,12.39,2.034,0.794,49.868,7.29,WARNING
4170,2026-08-01 01:09:29,TR-103,LT-004,227.15,8.161,1.746,0.942,50.025,1.89,NORMAL
5198,2026-08-01 01:26:37,TR-104,LT-001,228.65,9.237,1.998,0.946,50.045,2.53,NORMAL
8994,2026-08-01 00:16:33,TR-104,LT-006,186.17,6.548,1.097,0.9,49.939,20.85,WARNING
741,2026-08-01 00:12:20,TR-104,LT-004,222.64,6.497,1.369,0.946,50.06,1.84,NORMAL
9067,2026-08-01 00:17:46,TR-101,LT-003,181.61,7.858,1.203,0.843,50.089,13.37,WARNING
1625,2026-08-01 00:27:04,TR-102,LT-003,237.49,5.546,1.174,0.891,49.91,0.45,NORMAL
525,2026-08-01 00:08:44,TR-101,LT-005,226.95,4.51,0.939,0.918,50.136,0.65,NORMAL
8000,2026-08-01 02:13:19,TR-101,LT-005,238.31,9.13,2.075,0.953,50.052,2.67,NORMAL
4420,2026-08-01 01:13:39,TR-101,LT-002,221.13,7.66,1.592,0.94,49.958,1.12,NORMAL
5427,2026-08-01 01:30:26,TR-102,LT-002,233.86,6.006,1.323,0.942,50.095,1.45,NORMAL
6690,2026-08-01 01:51:29,TR-103,LT-001,227.22,6.901,1.496,0.954,50.065,0.45,NORMAL
7383,2026-08-01 02:03:02,TR-102,LT-005,228.75,4.411,0.969,0.96,49.949,0.13,NORMAL
436,2026-08-01 00:07:15,TR-104,LT-001,230.3,8.301,1.806,0.945,49.926,2.7,NORMAL
2961,2026-08-01 00:49:20,TR-104,LT-006,226.7,2.053,0.435,0.935,50.108,0.21,NORMAL
309,2026-08-01 00:05:08,TR-101,LT-005,232.19,6.718,1.56,1.0,50.084,1.88,NORMAL
1566,2026-08-01 00:26:05,TR-104,LT-001,228.87,8.207,1.784,0.95,49.843,3.68,NORMAL
2632,2026-08-01 00:43:51,TR-104,LT-003,231.85,8.212,1.759,0.924,49.932,2.71,NORMAL
5598,2026-08-01 01:33:17,TR-101,LT-001,228.89,9.467,2.045,0.944,50.048,0.13,NORMAL
9478,2026-08-01 00:04:37,TR-101,LT-006,72.83,0.4,0.018,0.631,50.056,28.86,POSSIBLE_BROKEN_LT
402,2026-08-01 00:06:41,TR-102,LT-002,227.6,10.33,2.245,0.955,50.092,3.5,NORMAL
3827,2026-08-01 01:03:46,TR-101,LT-005,225.3,11.362,2.329,0.91,49.975,3.4,NORMAL
882,2026-08-01 00:14:41,TR-104,LT-003,227.88,7.257,1.53,0.925,49.86,4.44,NORMAL
3998,2026-08-01 01:06:37,TR-101,LT-003,228.72,9.676,2.101,0.949,49.898,2.64,NORMAL
7119,2026-08-01 01:58:38,TR-104,LT-002,226.64,6.684,1.389,0.917,50.118,2.02,NORMAL
3266,2026-08-01 00:54:25,TR-103,LT-006,237.76,10.732,2.474,0.97,50.004,3.81,NORMAL
8407,2026-08-01 00:06:46,TR-104,LT-004,179.14,5.911,0.87,0.821,49.896,3.64,WARNING
5010,2026-08-01 01:23:29,TR-103,LT-006,229.43,7.315,1.663,0.991,50.085,1.73,NORMAL
5737,2026-08-01 01:35:36,TR-102,LT-005,232.32,9.397,2.152,0.986,49.986,3.21,NORMAL
5555,2026-08-01 01:32:34,TR-101,LT-002,229.75,4.988,1.066,0.931,49.957,2.23,NORMAL
289,2026-08-01 00:04:48,TR-104,LT-001,231.12,6.733,1.474,0.947,49.994,2.44,NORMAL
5565,2026-08-01 01:32:44,TR-103,LT-002,230.13,6.637,1.475,0.966,49.989,2.4,NORMAL
8325,2026-08-01 00:05:24,TR-104,LT-006,179.76,8.605,1.141,0.738,50.008,13.65,WARNING
2624,2026-08-01 00:43:43,TR-101,LT-001,235.64,10.706,2.396,0.95,49.853,1.13,NORMAL
8860,2026-08-01 00:14:19,TR-103,LT-005,159.85,5.907,0.739,0.783,50.19,13.71,WARNING
477,2026-08-01 00:07:56,TR-102,LT-004,232.31,8.305,1.929,1.0,49.943,3.13,NORMAL
8592,2026-08-01 00:09:51,TR-103,LT-003,181.39,5.786,0.867,0.826,50.085,15.21,WARNING
9714,2026-08-01 00:08:33,TR-101,LT-004,105.11,0.525,0.015,0.268,49.834,50.32,POSSIBLE_BROKEN_LT
6523,2026-08-01 01:48:42,TR-102,LT-004,228.53,8.638,1.927,0.976,50.015,1.38,NORMAL
3112,2026-08-01 00:51:51,TR-101,LT-001,228.87,9.932,2.187,0.962,49.935,1.73,NORMAL
9471,2026-08-01 00:04:30,TR-104,LT-006,81.24,0.297,0.014,0.593,49.987,27.99,POSSIBLE_BROKEN_LT
738,2026-08-01 00:12:17,TR-102,LT-005,233.93,7.521,1.614,0.917,50.002,2.15,NORMAL
3134,2026-08-01 00:52:13,TR-103,LT-005,235.98,10.325,2.173,0.892,49.953,0.63,NORMAL
8048,2026-08-01 00:00:47,TR-102,LT-004,154.34,9.77,1.207,0.8,50.03,18.97,WARNING
6552,2026-08-01 01:49:11,TR-102,LT-004,234.63,8.281,1.792,0.923,50.031,1.04,NORMAL
5408,2026-08-01 01:30:07,TR-101,LT-001,234.6,5.984,1.283,0.914,49.977,2.33,NORMAL
5564,2026-08-01 01:32:43,TR-102,LT-002,232.99,7.255,1.574,0.931,49.99,2.82,NORMAL
5329,2026-08-01 01:28:48,TR-101,LT-005,231.9,8.111,1.657,0.881,49.959,1.99,NORMAL
6719,2026-08-01 01:51:58,TR-102,LT-003,236.98,7.5,1.639,0.922,50.048,3.88,NORMAL
5119,2026-08-01 01:25:18,TR-101,LT-004,223.67,4.691,0.96,0.915,50.025,3.02,NORMAL
4620,2026-08-01 01:16:59,TR-102,LT-005,229.58,8.485,1.863,0.956,50.01,0.66,NORMAL
3690,2026-08-01 01:01:29,TR-103,LT-003,229.39,10.614,2.3,0.945,50.015,0.59,NORMAL
7717,2026-08-01 02:08:36,TR-101,LT-002,227.14,9.587,2.111,0.969,49.826,2.67,NORMAL
1840,2026-08-01 00:30:39,TR-104,LT-005,229.17,5.555,1.191,0.936,50.11,1.41,NORMAL
1996,2026-08-01 00:33:15,TR-102,LT-001,234.28,10.602,2.396,0.965,49.916,1.75,NORMAL
2400,2026-08-01 00:39:59,TR-103,LT-001,230.28,4.261,0.944,0.962,49.864,1.87,NORMAL
6511,2026-08-01 01:48:30,TR-103,LT-002,236.2,6.419,1.422,0.938,50.127,2.57,NORMAL
9357,2026-08-01 00:02:36,TR-103,LT-005,71.93,0.114,0.003,0.377,50.129,26.48,POSSIBLE_BROKEN_LT
4120,2026-08-01 01:08:39,TR-104,LT-006,225.84,6.357,1.302,0.907,49.852,0.4,NORMAL
5895,2026-08-01 01:38:14,TR-103,LT-004,231.8,8.929,1.862,0.9,49.963,1.74,NORMAL
801,2026-08-01 00:13:20,TR-102,LT-005,233.75,6.368,1.479,0.994,49.99,2.24,NORMAL
8424,2026-08-01 00:07:03,TR-103,LT-003,151.0,11.517,1.506,0.866,50.044,14.37,WARNING
7681,2026-08-01 02:08:00,TR-103,LT-002,232.13,6.46,1.466,0.978,50.174,2.75,NORMAL
1406,2026-08-01 00:23:25,TR-102,LT-004,226.97,11.611,2.521,0.957,49.964,3.57,NORMAL
5432,2026-08-01 01:30:31,TR-102,LT-006,227.53,10.081,2.15,0.937,50.092,3.79,NORMAL
70,2026-08-01 00:01:09,TR-104,LT-005,227.42,7.275,1.579,0.955,49.956,3.17,NORMAL
9544,2026-08-01 00:05:43,TR-102,LT-006,68.83,0.39,0.017,0.638,50.106,43.71,POSSIBLE_BROKEN_LT
2760,2026-08-01 00:45:59,TR-104,LT-002,232.49,6.193,1.398,0.971,50.048,2.91,NORMAL
8295,2026-08-01 00:04:54,TR-104,LT-004,154.75,9.637,1.129,0.757,50.063,13.06,WARNING
1587,2026-08-01 00:26:26,TR-102,LT-005,230.71,8.815,1.87,0.92,49.903,3.62,NORMAL
6667,2026-08-01 01:51:06,TR-102,LT-004,224.99,8.201,1.652,0.895,50.087,1.57,NORMAL
8015,2026-08-01 00:00:14,TR-101,LT-006,178.07,10.988,1.63,0.833,50.073,14.38,WARNING
1075,2026-08-01 00:17:54,TR-104,LT-006,233.99,12.109,2.647,0.934,49.889,1.31,NORMAL
3064,2026-08-01 00:51:03,TR-102,LT-003,227.88,10.014,2.101,0.92,49.957,0.71,NORMAL
6488,2026-08-01 01:48:07,TR-101,LT-002,224.37,11.054,2.351,0.948,50.125,2.47,NORMAL
4706,2026-08-01 01:18:25,TR-102,LT-001,229.49,9.878,2.033,0.897,49.953,1.13,NORMAL
9070,2026-08-01 00:17:49,TR-102,LT-005,175.22,11.834,1.864,0.899,50.101,13.86,WARNING
2604,2026-08-01 00:43:23,TR-102,LT-002,225.24,5.628,1.202,0.948,50.022,2.23,NORMAL
7739,2026-08-01 02:08:58,TR-103,LT-001,230.84,8.132,1.688,0.899,49.905,0.65,NORMAL
1580,2026-08-01 00:26:19,TR-104,LT-005,226.76,7.323,1.553,0.936,49.971,2.56,NORMAL
5059,2026-08-01 01:24:18,TR-101,LT-002,229.45,7.694,1.658,0.939,49.967,1.23,NORMAL
5754,2026-08-01 01:35:53,TR-103,LT-004,224.58,8.18,1.759,0.957,49.907,2.67,NORMAL
3549,2026-08-01 00:59:08,TR-103,LT-004,225.55,10.904,2.209,0.898,50.155,2.62,NORMAL
410,2026-08-01 00:06:49,TR-102,LT-003,232.06,7.918,1.76,0.958,50.119,2.07,NORMAL
4098,2026-08-01 01:08:17,TR-101,LT-001,227.64,6.796,1.525,0.986,49.922,1.26,NORMAL
6462,2026-08-01 01:47:41,TR-102,LT-004,224.92,8.989,1.868,0.924,50.056,2.98,NORMAL
5602,2026-08-01 01:33:21,TR-104,LT-001,229.59,8.111,1.712,0.919,50.066,3.21,NORMAL
5232,2026-08-01 01:27:11,TR-102,LT-001,232.02,8.339,1.769,0.914,50.087,1.72,NORMAL
3778,2026-08-01 01:02:57,TR-103,LT-002,225.09,7.86,1.678,0.948,50.054,1.49,NORMAL
2727,2026-08-01 00:45:26,TR-101,LT-004,234.05,7.13,1.53,0.917,49.897,2.76,NORMAL
478,2026-08-01 00:07:57,TR-104,LT-005,231.25,4.897,1.062,0.938,50.016,0.51,NORMAL
1330,2026-08-01 00:22:09,TR-102,LT-006,232.4,9.214,2.113,0.987,50.03,0.95,NORMAL
4036,2026-08-01 01:07:15,TR-103,LT-006,233.83,6.573,1.439,0.936,49.998,1.75,NORMAL
9643,2026-08-01 00:07:22,TR-101,LT-003,82.59,0.254,0.01,0.47,50.079,51.17,POSSIBLE_BROKEN_LT
1778,2026-08-01 00:29:37,TR-102,LT-002,229.85,8.332,1.792,0.936,50.003,1.06,NORMAL
6097,2026-08-01 01:41:36,TR-104,LT-002,225.43,9.374,2.022,0.957,49.967,0.15,NORMAL
752,2026-08-01 00:12:31,TR-102,LT-005,224.59,9.081,1.975,0.968,49.942,1.1,NORMAL
5793,2026-08-01 01:36:32,TR-104,LT-003,231.19,9.813,2.115,0.932,49.925,3.01,NORMAL
4061,2026-08-01 01:07:40,TR-104,LT-002,233.0,6.846,1.517,0.951,49.819,3.67,NORMAL
9042,2026-08-01 00:17:21,TR-102,LT-002,209.16,10.835,1.966,0.867,50.037,5.68,WARNING
6031,2026-08-01 01:40:30,TR-104,LT-003,223.46,10.235,2.051,0.897,49.937,1.97,NORMAL
5899,2026-08-01 01:38:18,TR-103,LT-006,230.15,8.04,1.812,0.979,50.083,1.27,NORMAL
9339,2026-08-01 00:02:18,TR-101,LT-001,88.81,0.794,0.041,0.588,49.915,49.58,POSSIBLE_BROKEN_LT
9161,2026-08-01 00:19:20,TR-104,LT-001,166.31,9.124,1.364,0.899,50.133,8.96,WARNING
9997,2026-08-01 00:13:16,TR-102,LT-001,67.41,0.359,0.01,0.402,49.929,35.82,POSSIBLE_BROKEN_LT
5152,2026-08-01 01:25:51,TR-101,LT-006,226.59,8.504,1.876,0.973,50.041,3.59,NORMAL
469,2026-08-01 00:07:48,TR-102,LT-001,227.88,5.582,1.187,0.933,50.004,2.76,NORMAL
1546,2026-08-01 00:25:45,TR-104,LT-005,231.88,7.749,1.635,0.91,50.012,3.17,NORMAL
6312,2026-08-01 01:45:11,TR-102,LT-001,234.85,6.757,1.512,0.953,50.133,1.66,NORMAL
2684,2026-08-01 00:44:43,TR-102,LT-002,232.93,9.558,2.115,0.95,49.949,1.22,NORMAL
8967,2026-08-01 00:16:06,TR-104,LT-002,202.06,5.796,1.05,0.897,49.966,7.73,WARNING
6182,2026-08-01 01:43:01,TR-104,LT-002,228.78,11.184,2.386,0.932,50.026,1.44,NORMAL
1026,2026-08-01 00:17:05,TR-101,LT-005,231.75,9.389,2.062,0.947,50.186,1.9,NORMAL
5113,2026-08-01 01:25:12,TR-102,LT-002,229.84,9.744,2.165,0.967,50.057,1.36,NORMAL
8563,2026-08-01 00:09:22,TR-102,LT-006,180.36,13.145,1.852,0.781,49.801,8.69,WARNING
5369,2026-08-01 01:29:28,TR-104,LT-002,228.04,7.622,1.669,0.96,49.941,2.14,NORMAL
2355,2026-08-01 00:39:14,TR-103,LT-001,234.85,9.389,2.009,0.911,50.135,0.95,NORMAL
7279,2026-08-01 02:01:18,TR-104,LT-001,229.67,8.351,1.883,0.982,49.905,1.27,NORMAL
3603,2026-08-01 01:00:02,TR-102,LT-004,238.2,5.787,1.29,0.936,50.095,1.09,NORMAL
774,2026-08-01 00:12:53,TR-101,LT-001,233.89,9.314,1.968,0.903,49.884,1.2,NORMAL
6774,2026-08-01 01:52:53,TR-101,LT-002,225.33,6.268,1.323,0.937,49.885,1.5,NORMAL
8810,2026-08-01 00:13:29,TR-102,LT-002,203.58,8.43,1.328,0.774,49.995,10.54,WARNING
3383,2026-08-01 00:56:22,TR-103,LT-004,230.85,5.141,1.112,0.937,49.955,1.64,NORMAL
642,2026-08-01 00:10:41,TR-103,LT-002,236.68,6.459,1.449,0.948,49.953,2.35,NORMAL
4234,2026-08-01 01:10:33,TR-104,LT-006,232.02,7.855,1.567,0.86,49.972,0.87,NORMAL
3816,2026-08-01 01:03:35,TR-102,LT-005,222.83,9.408,2.018,0.963,49.899,3.58,NORMAL
4105,2026-08-01 01:08:24,TR-101,LT-002,229.75,8.927,1.9,0.926,49.911,0.82,NORMAL
9926,2026-08-01 00:12:05,TR-104,LT-005,51.31,0.189,0.004,0.396,50.01,27.72,POSSIBLE_BROKEN_LT
1109,2026-08-01 00:18:28,TR-101,LT-001,227.5,11.065,2.434,0.967,50.094,4.4,NORMAL
3528,2026-08-01 00:58:47,TR-102,LT-003,238.27,8.788,2.057,0.983,49.951,1.62,NORMAL
3496,2026-08-01 00:58:15,TR-104,LT-001,237.74,7.885,1.725,0.92,49.968,0.54,NORMAL
1421,2026-08-01 00:23:40,TR-104,LT-006,232.15,8.584,1.889,0.948,50.055,1.25,NORMAL
6924,2026-08-01 01:55:23,TR-104,LT-006,227.13,9.642,2.065,0.943,49.947,2.43,NORMAL
3882,2026-08-01 01:04:41,TR-102,LT-006,230.7,7.333,1.62,0.957,49.993,2.03,NORMAL
8354,2026-08-01 00:05:53,TR-104,LT-002,182.4,10.06,1.182,0.644,49.956,4.33,WARNING
6246,2026-08-01 01:44:05,TR-104,LT-004,231.99,8.68,1.822,0.905,49.956,1.77,NORMAL
4939,2026-08-01 01:22:18,TR-102,LT-006,233.93,3.964,0.847,0.913,50.112,2.94,NORMAL
6799,2026-08-01 01:53:18,TR-102,LT-002,228.87,4.523,0.99,0.956,49.991,1.3,NORMAL
7813,2026-08-01 02:10:12,TR-101,LT-005,230.62,6.94,1.525,0.953,50.06,1.98,NORMAL
1681,2026-08-01 00:28:00,TR-103,LT-003,231.61,7.205,1.589,0.952,50.039,2.57,NORMAL
6716,2026-08-01 01:51:55,TR-103,LT-002,231.84,2.363,0.526,0.96,50.193,1.51,NORMAL
634,2026-08-01 00:10:33,TR-104,LT-005,228.29,10.293,2.173,0.925,50.163,2.25,NORMAL
2570,2026-08-01 00:42:49,TR-102,LT-005,229.06,11.259,2.455,0.952,49.921,1.08,NORMAL
7360,2026-08-01 02:02:39,TR-102,LT-004,237.77,6.132,1.327,0.91,50.019,2.95,NORMAL
2167,2026-08-01 00:36:06,TR-101,LT-006,226.76,11.039,2.313,0.924,49.936,2.14,NORMAL
8170,2026-08-01 00:02:49,TR-101,LT-005,153.14,7.045,0.86,0.797,50.06,10.69,WARNING
8846,2026-08-01 00:14:05,TR-102,LT-004,201.29,9.939,1.626,0.813,49.933,12.12,WARNING
2826,2026-08-01 00:47:05,TR-104,LT-002,236.82,7.443,1.615,0.916,49.986,0.85,NORMAL
4088,2026-08-01 01:08:07,TR-103,LT-001,230.32,9.041,1.95,0.937,49.944,1.34,NORMAL
6244,2026-08-01 01:44:03,TR-104,LT-002,233.72,7.636,1.641,0.919,49.955,2.95,NORMAL
8365,2026-08-01 00:06:04,TR-102,LT-005,188.7,14.303,2.383,0.883,49.998,18.98,WARNING
3942,2026-08-01 01:05:41,TR-104,LT-003,234.92,9.581,2.143,0.952,49.987,1.99,NORMAL
9180,2026-08-01 00:19:39,TR-102,LT-004,174.26,8.518,1.345,0.906,50.17,14.29,WARNING
8076,2026-08-01 00:01:15,TR-101,LT-005,192.56,7.822,1.362,0.904,50.003,15.52,WARNING
9196,2026-08-01 00:19:55,TR-101,LT-006,173.2,7.917,1.199,0.874,49.962,11.79,WARNING
4129,2026-08-01 01:08:48,TR-103,LT-005,227.06,10.346,2.292,0.976,50.123,0.54,NORMAL
1173,2026-08-01 00:19:32,TR-102,LT-002,230.42,9.262,1.943,0.911,50.149,1.82,NORMAL
8669,2026-08-01 00:11:08,TR-103,LT-001,177.93,12.594,1.58,0.705,49.956,14.64,WARNING
4223,2026-08-01 01:10:22,TR-101,LT-006,229.98,9.886,2.183,0.96,49.981,1.15,NORMAL
4835,2026-08-01 01:20:34,TR-103,LT-002,222.35,8.993,1.894,0.947,50.115,1.42,NORMAL
2577,2026-08-01 00:42:56,TR-102,LT-005,235.86,7.627,1.682,0.935,50.167,0.86,NORMAL
1990,2026-08-01 00:33:09,TR-101,LT-003,231.73,6.458,1.414,0.945,49.88,1.9,NORMAL
6974,2026-08-01 01:56:13,TR-104,LT-001,234.66,7.418,1.685,0.968,50.128,1.34,NORMAL
5837,2026-08-01 01:37:16,TR-103,LT-003,222.38,9.804,2.028,0.93,50.145,2.68,NORMAL
4533,2026-08-01 01:15:32,TR-101,LT-006,232.0,8.54,1.799,0.908,50.124,1.05,NORMAL
3210,2026-08-01 00:53:29,TR-101,LT-002,231.8,11.354,2.545,0.967,49.838,1.97,NORMAL
3856,2026-08-01 01:04:15,TR-101,LT-005,229.39,3.349,0.73,0.95,49.96,2.5,NORMAL
2629,2026-08-01 00:43:48,TR-101,LT-002,228.23,9.862,2.074,0.922,50.065,4.63,NORMAL
7804,2026-08-01 02:10:03,TR-102,LT-004,230.77,6.481,1.396,0.934,49.966,2.39,NORMAL
1411,2026-08-01 00:23:30,TR-102,LT-001,235.31,7.93,1.669,0.894,50.058,3.22,NORMAL
8258,2026-08-01 00:04:17,TR-104,LT-003,190.84,7.672,1.22,0.833,50.009,7.21,WARNING
7387,2026-08-01 02:03:06,TR-103,LT-001,228.74,4.903,1.031,0.92,49.905,2.03,NORMAL
4304,2026-08-01 01:11:43,TR-103,LT-005,232.81,8.81,1.903,0.928,49.954,2.55,NORMAL
6751,2026-08-01 01:52:30,TR-103,LT-004,233.58,10.326,2.248,0.932,50.133,2.63,NORMAL
6556,2026-08-01 01:49:15,TR-104,LT-004,224.39,5.318,1.124,0.942,49.99,1.3,NORMAL
816,2026-08-01 00:13:35,TR-103,LT-003,224.06,8.131,1.692,0.929,49.925,2.92,NORMAL
2405,2026-08-01 00:40:04,TR-103,LT-003,236.69,7.157,1.621,0.957,50.109,2.08,NORMAL
5398,2026-08-01 01:29:57,TR-104,LT-004,232.93,6.551,1.356,0.889,50.121,1.3,NORMAL
9957,2026-08-01 00:12:36,TR-102,LT-002,77.17,0.261,0.012,0.599,49.987,33.38,POSSIBLE_BROKEN_LT
2132,2026-08-01 00:35:31,TR-102,LT-002,230.08,5.927,1.272,0.933,49.947,0.71,NORMAL
1798,2026-08-01 00:29:57,TR-102,LT-001,226.82,8.751,1.96,0.987,49.992,1.62,NORMAL
3091,2026-08-01 00:51:30,TR-104,LT-004,222.73,8.982,1.809,0.904,49.979,1.47,NORMAL
4185,2026-08-01 01:09:44,TR-102,LT-005,228.08,9.027,1.943,0.944,50.039,4.12,NORMAL
4565,2026-08-01 01:16:04,TR-104,LT-003,233.17,5.794,1.338,0.991,49.99,1.47,NORMAL
5031,2026-08-01 01:23:50,TR-101,LT-001,225.06,9.02,1.916,0.944,49.95,3.18,NORMAL
8049,2026-08-01 00:00:48,TR-104,LT-005,170.88,15.388,2.145,0.816,50.139,4.15,WARNING
123,2026-08-01 00:02:02,TR-104,LT-006,235.61,8.837,1.992,0.957,49.887,1.1,NORMAL
180,2026-08-01 00:02:59,TR-104,LT-001,240.88,7.495,1.685,0.933,49.94,2.98,NORMAL
9251,2026-08-01 00:00:50,TR-104,LT-003,102.31,0.01,0.001,0.492,49.942,49.45,POSSIBLE_BROKEN_LT
8096,2026-08-01 00:01:35,TR-101,LT-002,205.32,7.419,1.38,0.906,49.99,12.82,WARNING
6430,2026-08-01 01:47:09,TR-102,LT-003,228.13,10.088,2.156,0.937,49.99,2.07,NORMAL
9738,2026-08-01 00:08:57,TR-102,LT-006,74.97,0.343,0.01,0.392,49.991,22.18,POSSIBLE_BROKEN_LT
4993,2026-08-01 01:23:12,TR-104,LT-003,229.54,10.6,2.31,0.949,50.077,0.93,NORMAL
1158,2026-08-01 00:19:17,TR-102,LT-002,239.01,9.148,2.027,0.927,50.044,1.44,NORMAL
9004,2026-08-01 00:16:43,TR-103,LT-003,175.68,16.497,2.307,0.796,50.119,4.44,WARNING
1533,2026-08-01 00:25:32,TR-101,LT-005,231.29,4.949,1.067,0.932,49.969,2.87,NORMAL
8993,2026-08-01 00:16:32,TR-101,LT-004,168.39,13.045,1.963,0.894,49.925,15.89,WARNING
7860,2026-08-01 02:10:59,TR-102,LT-004,232.18,7.987,1.746,0.941,50.079,0.75,NORMAL
9111,2026-08-01 00:18:30,TR-104,LT-005,163.65,7.403,1.057,0.872,50.027,14.27,WARNING
1536,2026-08-01 00:25:35,TR-104,LT-006,223.62,7.065,1.485,0.94,50.025,2.33,NORMAL
9260,2026-08-01 00:00:59,TR-103,LT-006,79.41,0.039,0.001,0.299,49.815,73.34,POSSIBLE_BROKEN_LT
5518,2026-08-01 01:31:57,TR-103,LT-005,232.51,7.004,1.531,0.94,50.096,1.61,NORMAL
2606,2026-08-01 00:43:25,TR-102,LT-001,229.26,4.293,0.919,0.934,50.114,1.45,NORMAL
6128,2026-08-01 01:42:07,TR-102,LT-002,235.99,5.274,1.22,0.98,49.956,0.48,NORMAL
9142,2026-08-01 00:19:01,TR-103,LT-002,189.39,6.58,1.076,0.863,50.016,17.86,WARNING
7459,2026-08-01 02:04:18,TR-104,LT-002,227.53,6.569,1.407,0.942,50.218,3.04,NORMAL
2178,2026-08-01 00:36:17,TR-102,LT-006,230.74,9.099,2.001,0.953,49.88,0.94,NORMAL
7991,2026-08-01 02:13:10,TR-102,LT-004,234.84,5.513,1.277,0.986,50.008,1.7,NORMAL
2352,2026-08-01 00:39:11,TR-104,LT-003,232.47,4.95,1.073,0.933,49.831,2.09,NORMAL
9178,2026-08-01 00:19:37,TR-102,LT-003,179.91,5.365,0.782,0.81,49.918,8.42,WARNING
3503,2026-08-01 00:58:22,TR-104,LT-005,230.18,9.184,1.898,0.898,49.938,1.96,NORMAL
2135,2026-08-01 00:35:34,TR-102,LT-004,228.58,5.895,1.305,0.969,50.096,2.36,NORMAL
1481,2026-08-01 00:24:40,TR-104,LT-006,232.89,9.168,2.052,0.961,49.919,2.04,NORMAL
2794,2026-08-01 00:46:33,TR-101,LT-002,226.29,8.883,1.939,0.965,49.892,1.91,NORMAL
4844,2026-08-01 01:20:43,TR-104,LT-002,229.43,7.636,1.706,0.974,49.979,2.48,NORMAL
9781,2026-08-01 00:09:40,TR-103,LT-002,64.82,0.718,0.025,0.537,49.923,16.12,POSSIBLE_BROKEN_LT
9935,2026-08-01 00:12:14,TR-102,LT-003,59.44,0.378,0.008,0.355,49.946,43.89,POSSIBLE_BROKEN_LT
4763,2026-08-01 01:19:22,TR-101,LT-005,232.69,6.827,1.535,0.966,49.953,1.94,NORMAL
7192,2026-08-01 01:59:51,TR-101,LT-006,230.13,3.638,0.767,0.916,49.974,1.09,NORMAL
6042,2026-08-01 01:40:41,TR-102,LT-001,234.87,6.826,1.54,0.96,50.212,1.93,NORMAL
9637,2026-08-01 00:07:16,TR-101,LT-003,41.45,0.302,0.002,0.15,50.125,34.7,POSSIBLE_BROKEN_LT
3446,2026-08-01 00:57:25,TR-102,LT-001,225.44,9.186,1.981,0.957,50.008,3.71,NORMAL
8150,2026-08-01 00:02:29,TR-104,LT-006,174.94,12.62,1.867,0.846,50.039,15.94,WARNING
7766,2026-08-01 02:09:25,TR-104,LT-003,229.88,8.868,1.925,0.944,50.026,2.92,NORMAL
3621,2026-08-01 01:00:20,TR-104,LT-003,224.51,7.371,1.626,0.982,49.92,1.93,NORMAL
1953,2026-08-01 00:32:32,TR-103,LT-004,226.38,6.22,1.312,0.932,49.925,0.15,NORMAL
556,2026-08-01 00:09:15,TR-103,LT-001,228.35,8.363,1.812,0.949,50.046,2.13,NORMAL
4265,2026-08-01 01:11:04,TR-102,LT-003,229.76,4.986,1.047,0.914,50.005,1.28,NORMAL
1164,2026-08-01 00:19:23,TR-101,LT-001,223.42,10.136,2.081,0.919,49.961,1.92,NORMAL
1585,2026-08-01 00:26:24,TR-102,LT-004,231.72,10.299,2.22,0.93,49.965,1.66,NORMAL
6152,2026-08-01 01:42:31,TR-101,LT-001,226.47,7.505,1.54,0.906,50.032,2.29,NORMAL
9721,2026-08-01 00:08:40,TR-103,LT-003,67.06,0.345,0.012,0.533,50.055,36.11,POSSIBLE_BROKEN_LT
5838,2026-08-01 01:37:17,TR-102,LT-005,235.78,7.859,1.759,0.949,50.05,3.49,NORMAL
5262,2026-08-01 01:27:41,TR-102,LT-003,226.88,7.834,1.642,0.924,49.797,1.5,NORMAL
5240,2026-08-01 01:27:19,TR-101,LT-003,233.35,8.512,1.863,0.938,50.184,2.41,NORMAL
7914,2026-08-01 02:11:53,TR-102,LT-003,232.17,6.869,1.515,0.95,50.023,2.33,NORMAL
9163,2026-08-01 00:19:22,TR-102,LT-004,190.78,11.35,1.893,0.874,50.055,15.42,WARNING
1599,2026-08-01 00:26:38,TR-103,LT-005,230.08,9.14,1.914,0.91,49.848,0.73,NORMAL
7183,2026-08-01 01:59:42,TR-104,LT-001,232.92,7.217,1.516,0.902,50.017,2.24,NORMAL
301,2026-08-01 00:05:00,TR-104,LT-002,226.68,10.908,2.314,0.936,49.989,1.17,NORMAL
9661,2026-08-01 00:07:40,TR-104,LT-004,87.65,0.424,0.009,0.244,50.029,52.05,POSSIBLE_BROKEN_LT
6948,2026-08-01 01:55:47,TR-104,LT-002,233.59,7.337,1.611,0.94,50.122,1.22,NORMAL
3795,2026-08-01 01:03:14,TR-103,LT-004,230.03,10.646,2.292,0.936,49.99,2.02,NORMAL
4573,2026-08-01 01:16:12,TR-102,LT-005,233.24,8.638,1.782,0.884,49.989,1.66,NORMAL
4336,2026-08-01 01:12:15,TR-104,LT-001,227.42,5.371,1.132,0.926,50.031,2.43,NORMAL
2859,2026-08-01 00:47:38,TR-103,LT-006,234.72,9.99,2.122,0.905,49.948,1.43,NORMAL
5695,2026-08-01 01:34:54,TR-102,LT-006,236.84,6.296,1.43,0.959,49.927,3.74,NORMAL
3143,2026-08-01 00:52:22,TR-101,LT-001,229.6,5.349,1.118,0.91,50.028,3.76,NORMAL
1360,2026-08-01 00:22:39,TR-103,LT-005,230.73,8.618,1.817,0.914,50.038,0.13,NORMAL
4534,2026-08-01 01:15:33,TR-102,LT-003,226.49,10.176,2.183,0.947,49.999,2.54,NORMAL
9750,2026-08-01 00:09:09,TR-102,LT-001,52.57,0.364,0.012,0.646,50.012,42.24,POSSIBLE_BROKEN_LT
5688,2026-08-01 01:34:47,TR-102,LT-006,228.01,10.18,2.213,0.953,49.75,1.67,NORMAL
487,2026-08-01 00:08:06,TR-103,LT-001,227.41,8.834,1.865,0.928,50.086,2.23,NORMAL
7837,2026-08-01 02:10:36,TR-104,LT-004,232.81,8.142,1.827,0.964,49.919,1.17,NORMAL
9555,2026-08-01 00:05:54,TR-104,LT-002,76.54,0.26,0.007,0.373,50.049,32.27,POSSIBLE_BROKEN_LT
5901,2026-08-01 01:38:20,TR-103,LT-002,229.72,7.898,1.716,0.946,50.077,1.95,NORMAL
8117,2026-08-01 00:01:56,TR-104,LT-001,198.79,8.825,1.552,0.885,50.045,15.47,WARNING
7363,2026-08-01 02:02:42,TR-103,LT-004,234.24,6.863,1.536,0.955,50.02,1.97,NORMAL
1153,2026-08-01 00:19:12,TR-103,LT-006,227.44,9.991,2.057,0.905,50.042,2.77,NORMAL
5383,2026-08-01 01:29:42,TR-101,LT-001,226.36,9.052,2.029,0.99,50.02,1.52,NORMAL
9742,2026-08-01 00:09:01,TR-104,LT-004,63.01,0.335,0.014,0.674,49.971,30.79,POSSIBLE_BROKEN_LT
5425,2026-08-01 01:30:24,TR-102,LT-001,229.29,10.05,2.164,0.939,49.985,1.28,NORMAL
8808,2026-08-01 00:13:27,TR-104,LT-002,163.93,4.994,0.666,0.813,50.109,14.55,WARNING
5187,2026-08-01 01:26:26,TR-104,LT-002,228.52,6.323,1.404,0.972,50.066,4.4,NORMAL
8410,2026-08-01 00:06:49,TR-101,LT-005,184.68,9.572,1.526,0.863,50.004,9.11,WARNING
6190,2026-08-01 01:43:09,TR-102,LT-006,235.11,6.165,1.329,0.917,49.816,2.83,NORMAL
9703,2026-08-01 00:08:22,TR-103,LT-001,83.0,0.489,0.01,0.235,49.934,31.61,POSSIBLE_BROKEN_LT
8270,2026-08-01 00:04:29,TR-103,LT-006,199.53,16.159,2.433,0.755,49.931,4.92,WARNING
5315,2026-08-01 01:28:34,TR-101,LT-004,227.37,9.365,2.108,0.99,50.072,2.28,NORMAL
9904,2026-08-01 00:11:43,TR-102,LT-004,89.9,0.223,0.007,0.336,49.888,29.08,POSSIBLE_BROKEN_LT
666,2026-08-01 00:11:05,TR-101,LT-005,230.43,9.719,2.141,0.956,50.094,1.22,NORMAL
3354,2026-08-01 00:55:53,TR-102,LT-006,230.31,10.74,2.196,0.888,50.123,2.31,NORMAL
8852,2026-08-01 00:14:11,TR-104,LT-006,181.66,8.694,1.267,0.802,49.927,19.45,WARNING
8062,2026-08-01 00:01:01,TR-103,LT-001,197.33,9.022,1.569,0.882,50.022,17.67,WARNING
643,2026-08-01 00:10:42,TR-102,LT-004,228.96,10.287,2.227,0.946,50.107,1.84,NORMAL
9243,2026-08-01 00:00:42,TR-103,LT-002,108.7,0.294,0.011,0.336,49.894,18.14,POSSIBLE_BROKEN_LT
177,2026-08-01 00:02:56,TR-102,LT-002,230.05,11.2,2.328,0.904,49.877,3.65,NORMAL
6432,2026-08-01 01:47:11,TR-104,LT-001,219.53,6.475,1.372,0.966,49.942,1.36,NORMAL
9911,2026-08-01 00:11:50,TR-102,LT-004,75.88,0.503,0.01,0.273,50.022,45.03,POSSIBLE_BROKEN_LT
3439,2026-08-01 00:57:18,TR-104,LT-004,224.85,8.742,1.821,0.927,50.168,1.48,NORMAL
787,2026-08-01 00:13:06,TR-104,LT-001,233.34,9.259,1.991,0.922,49.898,0.9,NORMAL
6392,2026-08-01 01:46:31,TR-104,LT-005,229.98,10.403,2.146,0.897,50.026,1.78,NORMAL
9066,2026-08-01 00:17:45,TR-103,LT-001,178.96,5.815,0.759,0.729,49.958,13.67,WARNING
9928,2026-08-01 00:12:07,TR-102,LT-004,53.17,0.338,0.011,0.589,49.977,30.95,POSSIBLE_BROKEN_LT
3203,2026-08-01 00:53:22,TR-103,LT-004,230.89,6.671,1.433,0.931,49.948,1.18,NORMAL
4804,2026-08-01 01:20:03,TR-103,LT-004,227.17,8.191,1.726,0.927,50.034,3.05,NORMAL
7836,2026-08-01 02:10:35,TR-103,LT-001,226.7,10.742,2.337,0.96,50.127,2.04,NORMAL
7941,2026-08-01 02:12:20,TR-102,LT-005,222.11,7.143,1.436,0.905,50.038,1.09,NORMAL
92,2026-08-01 00:01:31,TR-102,LT-003,233.87,9.692,2.176,0.96,49.987,1.92,NORMAL
5763,2026-08-01 01:36:02,TR-104,LT-001,226.07,7.28,1.488,0.904,49.94,2.69,NORMAL
9028,2026-08-01 00:17:07,TR-102,LT-006,225.0,10.7,1.97,0.818,49.991,12.61,WARNING
9505,2026-08-01 00:05:04,TR-101,LT-002,72.79,0.591,0.015,0.343,50.038,33.49,POSSIBLE_BROKEN_LT
8238,2026-08-01 00:03:57,TR-104,LT-001,217.36,11.135,2.258,0.933,49.989,22.7,WARNING
1972,2026-08-01 00:32:51,TR-104,LT-001,218.24,9.403,1.879,0.916,49.888,0.88,NORMAL
2906,2026-08-01 00:48:25,TR-103,LT-002,233.0,4.59,0.989,0.925,50.078,2.0,NORMAL
531,2026-08-01 00:08:50,TR-101,LT-005,232.55,6.236,1.37,0.945,49.862,2.15,NORMAL
3636,2026-08-01 01:00:35,TR-101,LT-006,231.07,8.359,1.897,0.982,50.047,2.61,NORMAL
997,2026-08-01 00:16:36,TR-103,LT-003,237.19,10.334,2.369,0.966,49.867,1.71,NORMAL
5853,2026-08-01 01:37:32,TR-103,LT-005,232.45,10.969,2.391,0.938,50.048,1.9,NORMAL
4227,2026-08-01 01:10:26,TR-103,LT-006,237.48,5.283,1.158,0.923,49.971,2.36,NORMAL
5617,2026-08-01 01:33:36,TR-101,LT-002,229.33,8.724,1.905,0.952,50.032,2.38,NORMAL
2313,2026-08-01 00:38:32,TR-102,LT-006,230.92,6.866,1.545,0.974,50.051,1.39,NORMAL
2155,2026-08-01 00:35:54,TR-102,LT-004,224.96,8.154,1.673,0.912,50.032,3.39,NORMAL
5318,2026-08-01 01:28:37,TR-102,LT-002,229.12,8.808,1.939,0.961,50.079,3.0,NORMAL
1428,2026-08-01 00:23:47,TR-101,LT-001,225.59,6.775,1.494,0.978,49.856,1.41,NORMAL
8631,2026-08-01 00:10:30,TR-104,LT-004,208.42,11.871,2.079,0.84,49.953,8.45,WARNING
6033,2026-08-01 01:40:32,TR-104,LT-003,232.01,10.174,2.242,0.95,49.953,3.74,NORMAL
4416,2026-08-01 01:13:35,TR-103,LT-002,232.44,7.692,1.696,0.949,50.0,3.6,NORMAL
8819,2026-08-01 00:13:38,TR-103,LT-003,183.7,8.428,1.496,0.966,49.881,17.85,WARNING
3086,2026-08-01 00:51:25,TR-101,LT-004,231.24,7.934,1.775,0.968,50.02,2.69,NORMAL
7799,2026-08-01 02:09:58,TR-101,LT-003,230.58,6.495,1.348,0.9,49.938,0.81,NORMAL
9154,2026-08-01 00:19:13,TR-101,LT-005,178.77,9.129,1.584,0.971,49.816,1.87,WARNING
8210,2026-08-01 00:03:29,TR-102,LT-005,172.07,11.386,1.721,0.878,49.953,12.53,WARNING
9574,2026-08-01 00:06:13,TR-101,LT-003,48.98,0.253,0.004,0.326,49.844,40.97,POSSIBLE_BROKEN_LT
9535,2026-08-01 00:05:34,TR-101,LT-001,88.98,0.102,0.004,0.408,50.162,35.91,POSSIBLE_BROKEN_LT
496,2026-08-01 00:08:15,TR-104,LT-005,232.16,9.483,2.035,0.924,50.0,2.67,NORMAL
3750,2026-08-01 01:02:29,TR-102,LT-005,224.1,4.689,1.0,0.952,49.983,1.6,NORMAL
2322,2026-08-01 00:38:41,TR-101,LT-004,233.12,9.198,2.063,0.962,49.998,3.79,NORMAL
4268,2026-08-01 01:11:07,TR-101,LT-003,222.02,9.259,1.886,0.918,50.06,1.82,NORMAL
3406,2026-08-01 00:56:45,TR-101,LT-002,219.87,9.142,1.793,0.892,49.912,1.9,NORMAL
152,2026-08-01 00:02:31,TR-103,LT-002,231.39,6.911,1.549,0.969,49.971,3.38,NORMAL
7370,2026-08-01 02:02:49,TR-102,LT-002,227.98,5.568,1.232,0.971,50.159,1.13,NORMAL
695,2026-08-01 00:11:34,TR-102,LT-003,232.37,7.931,1.744,0.946,50.029,0.55,NORMAL
4418,2026-08-01 01:13:37,TR-101,LT-006,222.2,8.346,1.771,0.955,49.951,2.1,NORMAL
5698,2026-08-01 01:34:57,TR-101,LT-002,227.02,9.824,2.124,0.952,50.066,2.79,NORMAL
1739,2026-08-01 00:28:58,TR-102,LT-003,233.8,9.846,2.157,0.937,50.049,2.42,NORMAL
3002,2026-08-01 00:50:01,TR-104,LT-004,226.56,8.866,1.865,0.928,50.004,3.16,NORMAL
168,2026-08-01 00:02:47,TR-103,LT-006,237.59,9.445,2.068,0.921,50.106,2.45,NORMAL
6112,2026-08-01 01:41:51,TR-102,LT-003,224.94,7.06,1.508,0.949,50.123,2.43,NORMAL
4623,2026-08-01 01:17:02,TR-104,LT-001,226.45,6.569,1.354,0.91,49.846,3.09,NORMAL
2866,2026-08-01 00:47:45,TR-101,LT-006,228.77,10.943,2.37,0.947,50.132,3.31,NORMAL
8545,2026-08-01 00:09:04,TR-101,LT-006,153.99,7.585,1.023,0.876,50.009,17.33,WARNING
4703,2026-08-01 01:18:22,TR-102,LT-004,232.67,5.984,1.248,0.897,49.963,2.27,NORMAL
2884,2026-08-01 00:48:03,TR-104,LT-006,231.83,8.485,1.783,0.907,50.028,0.53,NORMAL
3032,2026-08-01 00:50:31,TR-103,LT-005,227.37,9.147,2.08,1.0,49.999,3.37,NORMAL
8184,2026-08-01 00:03:03,TR-104,LT-003,197.35,7.301,1.356,0.941,50.034,4.29,WARNING
8981,2026-08-01 00:16:20,TR-101,LT-001,202.42,12.858,2.155,0.828,50.101,1.87,WARNING
8529,2026-08-01 00:08:48,TR-103,LT-003,219.07,9.096,1.685,0.846,50.06,0.53,WARNING
5682,2026-08-01 01:34:41,TR-104,LT-006,228.63,8.735,1.837,0.92,49.851,2.16,NORMAL
7210,2026-08-01 02:00:09,TR-101,LT-004,234.62,7.848,1.651,0.897,49.948,2.75,NORMAL
5992,2026-08-01 01:39:51,TR-103,LT-003,231.23,5.659,1.243,0.95,49.991,3.82,NORMAL
2277,2026-08-01 00:37:56,TR-101,LT-006,232.72,8.237,1.775,0.926,49.942,3.1,NORMAL
7133,2026-08-01 01:58:52,TR-104,LT-006,232.37,6.666,1.379,0.89,49.946,1.44,NORMAL
5706,2026-08-01 01:35:05,TR-101,LT-004,221.66,10.304,2.113,0.925,50.049,0.7,NORMAL
7999,2026-08-01 02:13:18,TR-103,LT-004,236.61,9.309,2.082,0.945,49.981,2.47,NORMAL
5293,2026-08-01 01:28:12,TR-101,LT-006,224.02,9.095,1.928,0.946,49.98,3.4,NORMAL
4305,2026-08-01 01:11:44,TR-104,LT-005,224.77,6.323,1.35,0.95,50.039,2.55,NORMAL
7446,2026-08-01 02:04:05,TR-104,LT-001,236.01,8.941,1.99,0.943,49.967,0.76,NORMAL
429,2026-08-01 00:07:08,TR-104,LT-002,234.23,4.441,0.946,0.91,50.067,0.09,NORMAL
7069,2026-08-01 01:57:48,TR-104,LT-004,236.42,7.263,1.612,0.939,49.899,0.23,NORMAL
6365,2026-08-01 01:46:04,TR-104,LT-001,235.56,5.46,1.187,0.923,50.071,2.31,NORMAL
4216,2026-08-01 01:10:15,TR-104,LT-004,232.23,7.133,1.523,0.919,49.92,1.56,NORMAL
427,2026-08-01 00:07:06,TR-104,LT-001,226.14,9.661,2.03,0.929,49.973,0.2,NORMAL
2224,2026-08-01 00:37:03,TR-101,LT-001,229.28,8.861,1.922,0.946,50.123,2.11,NORMAL
101,2026-08-01 00:01:40,TR-101,LT-003,224.34,3.208,0.671,0.932,50.003,1.76,NORMAL
9245,2026-08-01 00:00:44,TR-102,LT-003,80.9,0.423,0.011,0.317,50.003,43.34,POSSIBLE_BROKEN_LT
3308,2026-08-01 00:55:07,TR-104,LT-004,231.45,5.741,1.284,0.966,49.992,0.83,NORMAL
2763,2026-08-01 00:46:02,TR-104,LT-004,233.58,7.36,1.565,0.91,49.876,3.0,NORMAL
5858,2026-08-01 01:37:37,TR-102,LT-001,227.93,7.172,1.609,0.984,50.052,0.98,NORMAL
4739,2026-08-01 01:18:58,TR-102,LT-001,224.54,12.548,2.666,0.946,49.912,0.08,NORMAL
7093,2026-08-01 01:58:12,TR-102,LT-006,224.16,10.381,2.274,0.977,50.023,2.75,NORMAL
9633,2026-08-01 00:07:12,TR-103,LT-001,47.12,0.457,0.01,0.479,49.897,45.69,POSSIBLE_BROKEN_LT
3287,2026-08-01 00:54:46,TR-104,LT-001,228.68,6.953,1.489,0.937,49.925,3.08,NORMAL
7713,2026-08-01 02:08:32,TR-104,LT-003,229.01,8.281,1.743,0.919,49.995,4.36,NORMAL
7869,2026-08-01 02:11:08,TR-101,LT-001,225.38,8.126,1.679,0.917,49.973,3.44,NORMAL
6068,2026-08-01 01:41:07,TR-102,LT-003,234.39,6.112,1.271,0.887,50.005,2.16,NORMAL
9236,2026-08-01 00:00:35,TR-104,LT-004,65.07,0.344,0.011,0.487,50.024,4.8,POSSIBLE_BROKEN_LT
3578,2026-08-01 00:59:37,TR-104,LT-003,227.45,8.937,1.947,0.958,49.958,1.9,NORMAL
1466,2026-08-01 00:24:25,TR-104,LT-006,232.35,5.501,1.164,0.91,49.977,1.03,NORMAL
7676,2026-08-01 02:07:55,TR-103,LT-006,227.03,6.92,1.434,0.913,49.887,2.46,NORMAL
2235,2026-08-01 00:37:14,TR-102,LT-002,225.16,5.02,1.055,0.933,50.069,3.41,NORMAL
1745,2026-08-01 00:29:04,TR-104,LT-002,226.29,9.145,2.01,0.971,49.893,1.06,NORMAL
9755,2026-08-01 00:09:14,TR-101,LT-001,64.43,0.215,0.005,0.331,49.822,33.13,POSSIBLE_BROKEN_LT
6095,2026-08-01 01:41:34,TR-101,LT-002,230.29,7.801,1.747,0.972,49.992,2.02,NORMAL
8782,2026-08-01 00:13:01,TR-103,LT-002,165.78,17.641,2.576,0.881,50.015,19.75,WARNING
9402,2026-08-01 00:03:21,TR-102,LT-002,71.78,0.222,0.003,0.165,50.009,25.98,POSSIBLE_BROKEN_LT
8372,2026-08-01 00:06:11,TR-104,LT-001,162.22,14.961,1.931,0.796,50.003,18.05,WARNING
5028,2026-08-01 01:23:47,TR-101,LT-004,228.24,7.927,1.705,0.943,50.032,1.62,NORMAL
9235,2026-08-01 00:00:34,TR-101,LT-006,65.77,0.33,0.007,0.342,49.968,58.17,POSSIBLE_BROKEN_LT
3945,2026-08-01 01:05:44,TR-102,LT-001,228.35,12.036,2.703,0.984,49.815,3.28,NORMAL
6863,2026-08-01 01:54:22,TR-102,LT-003,237.73,7.353,1.692,0.968,49.993,0.16,NORMAL
5351,2026-08-01 01:29:10,TR-102,LT-002,232.46,6.055,1.325,0.941,49.892,1.22,NORMAL
9423,2026-08-01 00:03:42,TR-102,LT-004,66.74,0.38,0.007,0.293,49.85,23.49,POSSIBLE_BROKEN_LT
2122,2026-08-01 00:35:21,TR-102,LT-004,233.14,7.032,1.535,0.936,49.915,3.86,NORMAL
4973,2026-08-01 01:22:52,TR-104,LT-002,225.97,7.543,1.593,0.934,49.908,1.4,NORMAL
8577,2026-08-01 00:09:36,TR-104,LT-006,185.35,6.663,0.936,0.758,50.06,6.93,WARNING
3785,2026-08-01 01:03:04,TR-104,LT-001,231.86,5.727,1.234,0.929,49.902,2.89,NORMAL
6873,2026-08-01 01:54:32,TR-103,LT-002,224.6,8.179,1.749,0.952,50.05,2.34,NORMAL
917,2026-08-01 00:15:16,TR-103,LT-006,232.43,11.526,2.482,0.927,50.231,2.62,NORMAL
9395,2026-08-01 00:03:14,TR-104,LT-004,53.34,0.413,0.013,0.61,49.995,28.34,POSSIBLE_BROKEN_LT
7253,2026-08-01 02:00:52,TR-103,LT-001,234.23,8.962,2.044,0.974,49.995,0.63,NORMAL
8013,2026-08-01 00:00:12,TR-102,LT-004,203.65,11.147,1.821,0.802,49.988,17.91,WARNING
5822,2026-08-01 01:37:01,TR-102,LT-006,231.07,11.35,2.405,0.917,50.121,1.17,NORMAL
4404,2026-08-01 01:13:23,TR-104,LT-003,231.39,9.367,2.009,0.927,49.929,1.64,NORMAL
4864,2026-08-01 01:21:03,TR-101,LT-002,224.6,5.091,1.054,0.922,49.981,0.66,NORMAL
8516,2026-08-01 00:08:35,TR-104,LT-005,161.75,7.583,1.004,0.819,50.057,15.6,WARNING
5423,2026-08-01 01:30:22,TR-103,LT-005,233.7,6.752,1.515,0.96,49.911,2.29,NORMAL
7734,2026-08-01 02:08:53,TR-103,LT-006,230.01,8.061,1.745,0.941,49.918,3.02,NORMAL
1204,2026-08-01 00:20:03,TR-103,LT-001,232.17,7.434,1.624,0.941,50.13,1.46,NORMAL
3769,2026-08-01 01:02:48,TR-104,LT-002,232.66,8.015,1.798,0.964,49.995,2.4,NORMAL
5358,2026-08-01 01:29:17,TR-104,LT-002,226.38,6.506,1.406,0.955,50.087,2.79,NORMAL
3853,2026-08-01 01:04:12,TR-102,LT-003,235.18,10.464,2.108,0.857,50.141,1.96,NORMAL
1927,2026-08-01 00:32:06,TR-103,LT-006,219.88,6.331,1.306,0.938,50.105,1.15,NORMAL
3115,2026-08-01 00:51:54,TR-101,LT-003,231.56,7.767,1.673,0.93,49.981,1.64,NORMAL
2642,2026-08-01 00:44:01,TR-103,LT-003,229.13,6.799,1.498,0.961,50.028,2.19,NORMAL
7640,2026-08-01 02:07:19,TR-102,LT-005,222.69,5.666,1.147,0.909,50.01,2.2,NORMAL
7361,2026-08-01 02:02:40,TR-103,LT-006,226.96,4.774,1.028,0.949,49.954,0.69,NORMAL
8183,2026-08-01 00:03:02,TR-101,LT-001,182.99,9.697,1.461,0.823,49.856,16.08,WARNING
7611,2026-08-01 02:06:50,TR-101,LT-006,230.94,6.565,1.407,0.928,49.849,1.66,NORMAL
2729,2026-08-01 00:45:28,TR-101,LT-003,227.03,3.417,0.745,0.96,50.098,1.68,NORMAL
9598,2026-08-01 00:06:37,TR-103,LT-002,82.63,0.46,0.034,0.9,50.112,53.7,POSSIBLE_BROKEN_LT
4986,2026-08-01 01:23:05,TR-102,LT-004,236.54,4.195,0.935,0.942,49.926,2.85,NORMAL
6847,2026-08-01 01:54:06,TR-101,LT-006,230.37,9.342,1.99,0.925,49.986,1.3,NORMAL
7699,2026-08-01 02:08:18,TR-103,LT-006,231.78,10.348,2.249,0.938,50.061,2.12,NORMAL
4013,2026-08-01 01:06:52,TR-103,LT-004,226.06,6.707,1.403,0.925,50.025,1.86,NORMAL
2627,2026-08-01 00:43:46,TR-101,LT-006,235.61,10.6,2.243,0.898,50.038,1.42,NORMAL
7239,2026-08-01 02:00:38,TR-102,LT-001,226.27,6.898,1.504,0.963,49.914,2.88,NORMAL
8256,2026-08-01 00:04:15,TR-101,LT-001,151.83,11.391,1.298,0.751,50.012,1.88,WARNING
9566,2026-08-01 00:06:05,TR-103,LT-003,48.53,0.103,0.003,0.544,49.922,47.48,POSSIBLE_BROKEN_LT
806,2026-08-01 00:13:25,TR-102,LT-003,228.76,3.972,0.828,0.911,49.927,0.65,NORMAL
4635,2026-08-01 01:17:14,TR-103,LT-001,227.28,8.048,1.793,0.98,49.974,2.89,NORMAL
5248,2026-08-01 01:27:27,TR-101,LT-006,223.76,7.662,1.62,0.945,49.95,2.41,NORMAL
5567,2026-08-01 01:32:46,TR-102,LT-004,234.35,9.199,1.977,0.917,49.957,1.88,NORMAL
5740,2026-08-01 01:35:39,TR-101,LT-006,230.4,4.262,0.882,0.898,49.995,2.3,NORMAL
5144,2026-08-01 01:25:43,TR-103,LT-006,228.37,8.03,1.734,0.946,50.046,1.15,NORMAL
8266,2026-08-01 00:04:25,TR-101,LT-001,200.23,9.313,1.554,0.833,49.849,8.04,WARNING
4460,2026-08-01 01:14:19,TR-104,LT-002,232.65,7.903,1.689,0.918,49.956,2.88,NORMAL
1243,2026-08-01 00:20:42,TR-103,LT-005,227.67,7.973,1.69,0.931,50.004,1.89,NORMAL
6946,2026-08-01 01:55:45,TR-102,LT-001,234.33,11.43,2.597,0.97,50.015,2.29,NORMAL
5741,2026-08-01 01:35:40,TR-103,LT-005,231.35,7.855,1.744,0.96,50.073,2.08,NORMAL
5326,2026-08-01 01:28:45,TR-101,LT-001,229.96,11.028,2.373,0.936,50.062,0.52,NORMAL
548,2026-08-01 00:09:07,TR-101,LT-005,229.19,10.358,2.175,0.916,49.992,2.2,NORMAL
3023,2026-08-01 00:50:22,TR-103,LT-004,228.35,9.526,2.035,0.935,50.072,3.09,NORMAL
5762,2026-08-01 01:36:01,TR-101,LT-001,232.07,8.682,1.903,0.944,50.012,1.55,NORMAL
4032,2026-08-01 01:07:11,TR-103,LT-004,224.34,5.652,1.229,0.97,49.995,2.55,NORMAL
27,2026-08-01 00:00:26,TR-102,LT-002,225.4,5.716,1.222,0.948,49.942,2.17,NORMAL
4953,2026-08-01 01:22:32,TR-102,LT-004,233.16,12.235,2.628,0.921,49.956,2.29,NORMAL
5153,2026-08-01 01:25:52,TR-101,LT-006,232.07,6.188,1.341,0.934,49.963,1.97,NORMAL
2509,2026-08-01 00:41:48,TR-102,LT-003,224.6,8.984,1.883,0.933,49.818,1.86,NORMAL
1434,2026-08-01 00:23:53,TR-103,LT-001,227.67,6.726,1.435,0.937,50.068,1.57,NORMAL
2583,2026-08-01 00:43:02,TR-102,LT-003,229.79,7.026,1.492,0.924,50.035,3.07,NORMAL
1303,2026-08-01 00:21:42,TR-102,LT-001,229.3,9.069,1.942,0.934,50.067,0.71,NORMAL
5813,2026-08-01 01:36:52,TR-102,LT-001,230.88,8.576,1.87,0.945,49.97,1.74,NORMAL
7350,2026-08-01 02:02:29,TR-104,LT-006,235.68,4.709,1.037,0.935,49.936,3.07,NORMAL
5282,2026-08-01 01:28:01,TR-104,LT-001,232.64,8.16,1.816,0.957,49.987,0.03,NORMAL
6115,2026-08-01 01:41:54,TR-101,LT-005,229.17,2.9,0.612,0.921,50.063,3.99,NORMAL
1222,2026-08-01 00:20:21,TR-102,LT-002,231.24,7.623,1.701,0.965,50.01,2.89,NORMAL
7436,2026-08-01 02:03:55,TR-101,LT-003,231.18,6.675,1.482,0.96,50.065,0.27,NORMAL
2549,2026-08-01 00:42:28,TR-102,LT-004,234.09,7.225,1.558,0.921,49.972,0.49,NORMAL
751,2026-08-01 00:12:30,TR-101,LT-005,226.31,9.762,2.199,0.995,49.956,2.97,NORMAL
438,2026-08-01 00:07:17,TR-102,LT-006,224.48,8.39,1.702,0.904,50.135,2.15,NORMAL
4372,2026-08-01 01:12:51,TR-103,LT-001,227.82,7.609,1.682,0.97,49.906,2.16,NORMAL
4449,2026-08-01 01:14:08,TR-102,LT-004,231.92,8.64,1.91,0.953,50.009,2.14,NORMAL
2848,2026-08-01 00:47:27,TR-104,LT-004,226.65,10.59,2.275,0.948,49.995,2.74,NORMAL
1174,2026-08-01 00:19:33,TR-102,LT-001,229.75,5.698,1.195,0.913,49.966,1.54,NORMAL
7496,2026-08-01 02:04:55,TR-102,LT-003,228.0,9.59,2.014,0.921,49.878,2.43,NORMAL
2700,2026-08-01 00:44:59,TR-103,LT-005,235.32,3.831,0.824,0.914,49.998,2.79,NORMAL
9889,2026-08-01 00:11:28,TR-102,LT-006,86.09,0.287,0.013,0.506,50.046,29.4,POSSIBLE_BROKEN_LT
9507,2026-08-01 00:05:06,TR-101,LT-003,68.41,0.282,0.009,0.454,50.023,49.26,POSSIBLE_BROKEN_LT
6396,2026-08-01 01:46:35,TR-103,LT-005,233.24,6.824,1.429,0.898,50.004,3.09,NORMAL
2482,2026-08-01 00:41:21,TR-104,LT-003,236.88,7.508,1.752,0.985,50.046,0.99,NORMAL
5457,2026-08-01 01:30:56,TR-102,LT-006,227.49,6.282,1.308,0.916,49.92,2.33,NORMAL
8445,2026-08-01 00:07:24,TR-104,LT-002,180.72,7.463,1.243,0.922,50.09,11.65,WARNING
2707,2026-08-01 00:45:06,TR-104,LT-002,230.58,8.065,1.851,0.995,50.022,2.59,NORMAL
4662,2026-08-01 01:17:41,TR-104,LT-006,228.87,7.89,1.715,0.95,50.104,1.97,NORMAL
327,2026-08-01 00:05:26,TR-101,LT-001,234.63,7.68,1.731,0.961,49.86,0.43,NORMAL
1040,2026-08-01 00:17:19,TR-102,LT-003,234.19,7.985,1.787,0.956,50.036,1.44,NORMAL
2638,2026-08-01 00:43:57,TR-102,LT-001,233.77,5.619,1.236,0.941,50.068,2.49,NORMAL
5023,2026-08-01 01:23:42,TR-104,LT-001,229.26,7.641,1.66,0.947,49.992,0.01,NORMAL
2500,2026-08-01 00:41:39,TR-104,LT-005,231.36,8.271,1.795,0.938,49.985,2.96,NORMAL
1005,2026-08-01 00:16:44,TR-102,LT-004,232.79,7.689,1.643,0.918,50.099,2.49,NORMAL
2862,2026-08-01 00:47:41,TR-101,LT-001,231.94,5.326,1.194,0.967,49.901,2.59,NORMAL
3234,2026-08-01 00:53:53,TR-104,LT-001,237.65,7.712,1.77,0.966,49.971,2.66,NORMAL
1871,2026-08-01 00:31:10,TR-101,LT-006,225.58,8.117,1.69,0.923,50.035,2.46,NORMAL
4246,2026-08-01 01:10:45,TR-102,LT-005,223.83,13.89,2.782,0.895,49.941,2.7,NORMAL
6928,2026-08-01 01:55:27,TR-101,LT-003,225.48,9.208,1.971,0.949,50.039,3.21,NORMAL
8386,2026-08-01 00:06:25,TR-104,LT-003,140.06,10.419,1.314,0.901,49.968,21.14,WARNING
535,2026-08-01 00:08:54,TR-103,LT-005,227.39,10.533,2.181,0.911,49.874,2.55,NORMAL
9828,2026-08-01 00:10:27,TR-101,LT-004,91.45,0.453,0.008,0.19,50.163,43.8,POSSIBLE_BROKEN_LT
7149,2026-08-01 01:59:08,TR-101,LT-002,235.47,11.015,2.359,0.91,50.003,4.12,NORMAL
7366,2026-08-01 02:02:45,TR-104,LT-001,233.06,6.916,1.502,0.932,50.018,2.84,NORMAL
586,2026-08-01 00:09:45,TR-103,LT-005,230.99,9.114,1.845,0.876,49.967,1.24,NORMAL
9915,2026-08-01 00:11:54,TR-102,LT-002,70.87,0.469,0.013,0.392,50.124,22.61,POSSIBLE_BROKEN_LT
3036,2026-08-01 00:50:35,TR-103,LT-006,231.79,6.03,1.32,0.945,49.891,1.73,NORMAL
4429,2026-08-01 01:13:48,TR-101,LT-001,230.41,7.521,1.615,0.932,50.03,2.39,NORMAL
4090,2026-08-01 01:08:09,TR-104,LT-006,228.45,3.96,0.873,0.965,50.086,2.0,NORMAL
1704,2026-08-01 00:28:23,TR-103,LT-005,234.44,8.013,1.81,0.963,49.98,1.55,NORMAL
4296,2026-08-01 01:11:35,TR-102,LT-004,223.89,10.541,2.181,0.924,49.981,1.07,NORMAL
5720,2026-08-01 01:35:19,TR-101,LT-006,222.38,4.945,1.053,0.958,50.001,0.02,NORMAL
492,2026-08-01 00:08:11,TR-103,LT-005,235.92,6.058,1.374,0.962,50.107,0.77,NORMAL
6900,2026-08-01 01:54:59,TR-103,LT-002,224.1,6.255,1.351,0.964,49.916,1.12,NORMAL
4354,2026-08-01 01:12:33,TR-102,LT-003,223.31,7.605,1.664,0.98,49.984,2.75,NORMAL
2837,2026-08-01 00:47:16,TR-102,LT-006,237.62,6.621,1.405,0.893,49.863,4.01,NORMAL
2267,2026-08-01 00:37:46,TR-103,LT-005,222.89,7.147,1.429,0.897,50.029,2.53,NORMAL
7719,2026-08-01 02:08:38,TR-102,LT-002,228.8,6.711,1.462,0.952,50.156,1.32,NORMAL
9524,2026-08-01 00:05:23,TR-103,LT-003,75.93,0.282,0.007,0.34,49.799,28.91,POSSIBLE_BROKEN_LT
8023,2026-08-01 00:00:22,TR-102,LT-004,215.48,6.027,1.088,0.838,50.035,15.56,WARNING
4708,2026-08-01 01:18:27,TR-102,LT-005,228.06,5.334,1.131,0.93,50.0,2.71,NORMAL
9844,2026-08-01 00:10:43,TR-103,LT-006,91.42,0.183,0.007,0.417,50.056,19.23,POSSIBLE_BROKEN_LT
2901,2026-08-01 00:48:20,TR-103,LT-006,229.82,6.147,1.318,0.933,50.107,2.67,NORMAL
9619,2026-08-01 00:06:58,TR-102,LT-004,86.04,0.316,0.013,0.471,49.986,30.35,POSSIBLE_BROKEN_LT
2945,2026-08-01 00:49:04,TR-103,LT-003,231.3,9.836,2.139,0.94,49.855,1.62,NORMAL
1917,2026-08-01 00:31:56,TR-102,LT-006,226.85,10.632,2.387,0.989,49.977,2.01,NORMAL
3186,2026-08-01 00:53:05,TR-102,LT-005,235.32,5.917,1.341,0.963,49.962,1.51,NORMAL
8627,2026-08-01 00:10:26,TR-102,LT-001,210.32,12.542,2.428,0.92,50.014,8.35,WARNING
9435,2026-08-01 00:03:54,TR-101,LT-001,90.46,0.082,0.005,0.69,49.953,50.81,POSSIBLE_BROKEN_LT
7256,2026-08-01 02:00:55,TR-101,LT-002,237.28,7.478,1.702,0.959,50.067,2.69,NORMAL
4247,2026-08-01 01:10:46,TR-104,LT-004,230.66,8.501,1.781,0.908,50.048,2.02,NORMAL
8616,2026-08-01 00:10:15,TR-102,LT-001,170.5,7.135,1.036,0.851,50.136,20.42,WARNING
5147,2026-08-01 01:25:46,TR-102,LT-001,229.5,8.7,1.881,0.942,49.976,1.99,NORMAL
8566,2026-08-01 00:09:25,TR-104,LT-002,141.3,11.318,1.217,0.761,50.0,12.58,WARNING
2519,2026-08-01 00:41:58,TR-103,LT-003,229.08,4.88,1.05,0.939,50.055,2.46,NORMAL
398,2026-08-01 00:06:37,TR-101,LT-006,235.42,8.337,1.892,0.964,49.979,2.53,NORMAL
1318,2026-08-01 00:21:57,TR-101,LT-006,228.78,6.005,1.294,0.942,50.037,1.49,NORMAL
4561,2026-08-01 01:16:00,TR-102,LT-004,225.72,7.825,1.704,0.965,49.867,2.24,NORMAL
122,2026-08-01 00:02:01,TR-101,LT-003,226.36,5.64,1.161,0.91,50.133,0.84,NORMAL
2450,2026-08-01 00:40:49,TR-102,LT-002,227.24,7.549,1.58,0.921,50.0,0.91,NORMAL
8856,2026-08-01 00:14:15,TR-104,LT-004,171.61,7.751,1.18,0.887,49.957,9.17,WARNING
8109,2026-08-01 00:01:48,TR-103,LT-006,187.93,11.558,1.594,0.734,49.891,23.94,WARNING
1567,2026-08-01 00:26:06,TR-102,LT-006,230.27,6.027,1.354,0.976,50.071,1.82,NORMAL
1985,2026-08-01 00:33:04,TR-104,LT-003,233.81,5.614,1.27,0.967,49.996,3.04,NORMAL
4334,2026-08-01 01:12:13,TR-103,LT-006,230.8,9.341,2.086,0.968,49.892,2.61,NORMAL
7911,2026-08-01 02:11:50,TR-103,LT-005,231.34,6.065,1.276,0.91,49.921,2.74,NORMAL
9287,2026-08-01 00:01:26,TR-102,LT-001,107.19,0.139,0.009,0.573,49.856,15.12,POSSIBLE_BROKEN_LT
3919,2026-08-01 01:05:18,TR-104,LT-006,233.8,9.149,2.014,0.942,50.098,2.58,NORMAL
2174,2026-08-01 00:36:13,TR-104,LT-001,230.61,8.713,1.957,0.974,50.046,2.32,NORMAL
3284,2026-08-01 00:54:43,TR-102,LT-006,233.51,7.307,1.59,0.932,50.012,0.7,NORMAL
8496,2026-08-01 00:08:15,TR-102,LT-003,163.14,7.29,1.081,0.909,49.957,9.97,WARNING
8585,2026-08-01 00:09:44,TR-101,LT-005,225.0,3.83,0.765,0.888,49.893,16.6,WARNING
2334,2026-08-01 00:38:53,TR-104,LT-004,228.57,7.699,1.612,0.916,50.168,1.45,NORMAL
574,2026-08-01 00:09:33,TR-102,LT-002,229.12,10.429,2.209,0.924,50.054,2.04,NORMAL
3661,2026-08-01 01:01:00,TR-101,LT-005,228.56,6.236,1.394,0.978,49.962,1.55,NORMAL
9076,2026-08-01 00:17:55,TR-103,LT-003,172.5,16.454,2.734,0.963,49.905,16.52,WARNING
982,2026-08-01 00:16:21,TR-104,LT-004,231.7,10.738,2.354,0.946,49.995,1.76,NORMAL
9371,2026-08-01 00:02:50,TR-101,LT-006,59.78,0.494,0.01,0.329,50.018,44.94,POSSIBLE_BROKEN_LT
1408,2026-08-01 00:23:27,TR-102,LT-006,236.01,7.147,1.589,0.942,49.998,3.09,NORMAL
536,2026-08-01 00:08:55,TR-104,LT-004,230.19,9.42,2.03,0.936,49.949,1.34,NORMAL
4316,2026-08-01 01:11:55,TR-103,LT-001,234.02,9.506,2.023,0.909,50.015,3.67,NORMAL
4599,2026-08-01 01:16:38,TR-101,LT-004,231.69,9.567,2.071,0.934,50.005,2.14,NORMAL
8623,2026-08-01 00:10:22,TR-102,LT-006,163.18,11.997,1.55,0.792,49.938,16.96,WARNING
8759,2026-08-01 00:12:38,TR-102,LT-004,174.22,9.375,1.424,0.872,49.992,9.99,WARNING
1435,2026-08-01 00:23:54,TR-104,LT-002,229.33,11.085,2.328,0.916,49.996,1.83,NORMAL
6995,2026-08-01 01:56:34,TR-103,LT-002,227.48,7.392,1.647,0.98,50.013,1.11,NORMAL
2580,2026-08-01 00:42:59,TR-102,LT-006,237.03,7.463,1.655,0.936,49.986,1.39,NORMAL
9404,2026-08-01 00:03:23,TR-101,LT-003,78.61,0.284,0.005,0.226,50.104,41.12,POSSIBLE_BROKEN_LT
3270,2026-08-01 00:54:29,TR-103,LT-002,232.59,10.473,2.293,0.941,50.039,0.59,NORMAL
9554,2026-08-01 00:05:53,TR-102,LT-005,60.09,0.529,0.015,0.459,50.058,36.97,POSSIBLE_BROKEN_LT
3839,2026-08-01 01:03:58,TR-104,LT-002,226.13,11.75,2.534,0.954,50.049,2.64,NORMAL
1868,2026-08-01 00:31:07,TR-101,LT-003,234.51,8.233,1.805,0.935,50.06,2.67,NORMAL
1455,2026-08-01 00:24:14,TR-104,LT-006,232.26,9.556,2.069,0.932,50.015,1.37,NORMAL
1787,2026-08-01 00:29:46,TR-102,LT-002,228.76,8.386,1.817,0.947,50.171,3.71,NORMAL
9913,2026-08-01 00:11:52,TR-101,LT-002,91.68,0.598,0.017,0.317,50.045,36.3,POSSIBLE_BROKEN_LT
7096,2026-08-01 01:58:15,TR-102,LT-005,223.14,10.362,2.162,0.935,49.894,3.6,NORMAL
2522,2026-08-01 00:42:01,TR-103,LT-002,241.94,8.291,1.927,0.961,50.089,2.19,NORMAL
4440,2026-08-01 01:13:59,TR-101,LT-002,232.0,9.346,1.984,0.915,50.021,2.38,NORMAL
1821,2026-08-01 00:30:20,TR-101,LT-005,229.47,8.59,1.84,0.933,49.875,1.63,NORMAL
5616,2026-08-01 01:33:35,TR-103,LT-003,219.79,8.272,1.677,0.922,50.064,1.35,NORMAL
2930,2026-08-01 00:48:49,TR-102,LT-004,233.94,7.582,1.628,0.918,50.035,2.47,NORMAL
52,2026-08-01 00:00:51,TR-102,LT-006,228.46,5.645,1.207,0.936,50.055,1.87,NORMAL
4727,2026-08-01 01:18:46,TR-103,LT-001,230.84,9.629,2.154,0.969,49.994,0.27,NORMAL
5717,2026-08-01 01:35:16,TR-102,LT-003,231.8,9.893,2.14,0.933,49.937,3.49,NORMAL
5466,2026-08-01 01:31:05,TR-101,LT-003,229.92,10.635,2.336,0.955,49.979,1.65,NORMAL
470,2026-08-01 00:07:49,TR-102,LT-003,227.7,6.868,1.48,0.946,50.008,2.02,NORMAL
2630,2026-08-01 00:43:49,TR-102,LT-003,228.08,11.621,2.431,0.917,50.049,1.91,NORMAL
6514,2026-08-01 01:48:33,TR-101,LT-002,228.78,6.99,1.507,0.942,49.963,1.25,NORMAL
7468,2026-08-01 02:04:27,TR-102,LT-006,228.53,6.786,1.539,0.992,50.095,2.18,NORMAL
3946,2026-08-01 01:05:45,TR-102,LT-003,233.65,8.088,1.761,0.932,50.041,2.81,NORMAL
6205,2026-08-01 01:43:24,TR-104,LT-005,225.35,10.748,2.226,0.919,50.038,2.75,NORMAL
4263,2026-08-01 01:11:02,TR-102,LT-005,233.04,10.224,2.287,0.96,49.84,3.33,NORMAL
1859,2026-08-01 00:30:58,TR-104,LT-002,231.15,9.111,2.025,0.961,49.956,2.67,NORMAL
9533,2026-08-01 00:05:32,TR-103,LT-003,47.83,0.01,0.0,0.575,49.923,41.38,POSSIBLE_BROKEN_LT
866,2026-08-01 00:14:25,TR-103,LT-002,228.45,10.544,2.3,0.955,49.922,0.69,NORMAL
6391,2026-08-01 01:46:30,TR-102,LT-002,222.23,5.785,1.198,0.932,50.223,1.5,NORMAL
7213,2026-08-01 02:00:12,TR-103,LT-003,224.84,9.581,2.131,0.989,50.002,2.39,NORMAL
4922,2026-08-01 01:22:01,TR-103,LT-004,231.22,8.81,1.949,0.957,50.057,1.88,NORMAL
8102,2026-08-01 00:01:41,TR-104,LT-001,225.0,9.871,1.86,0.838,49.907,16.73,WARNING
4793,2026-08-01 01:19:52,TR-102,LT-005,229.54,11.365,2.494,0.956,50.049,1.01,NORMAL
8855,2026-08-01 00:14:14,TR-104,LT-005,168.51,8.02,1.133,0.838,50.006,11.2,WARNING
6251,2026-08-01 01:44:10,TR-101,LT-001,227.72,12.686,2.73,0.945,50.028,0.47,NORMAL
5937,2026-08-01 01:38:56,TR-104,LT-004,234.91,5.925,1.274,0.915,50.1,2.33,NORMAL
426,2026-08-01 00:07:05,TR-102,LT-001,235.47,7.935,1.804,0.966,50.014,2.01,NORMAL
189,2026-08-01 00:03:08,TR-101,LT-005,226.61,9.365,1.994,0.94,50.021,1.77,NORMAL
5630,2026-08-01 01:33:49,TR-104,LT-005,231.47,4.422,0.976,0.953,50.056,0.42,NORMAL
4360,2026-08-01 01:12:39,TR-101,LT-004,232.72,8.298,1.777,0.92,49.99,1.18,NORMAL
229,2026-08-01 00:03:48,TR-102,LT-003,227.14,7.507,1.581,0.927,49.802,2.08,NORMAL
7758,2026-08-01 02:09:17,TR-101,LT-003,239.27,9.974,2.289,0.959,50.068,1.5,NORMAL
7678,2026-08-01 02:07:57,TR-103,LT-006,215.6,6.082,1.24,0.946,49.973,0.75,NORMAL
2742,2026-08-01 00:45:41,TR-104,LT-001,231.85,8.287,1.757,0.915,50.002,0.15,NORMAL
1042,2026-08-01 00:17:21,TR-104,LT-002,228.16,8.591,1.851,0.944,49.925,1.4,NORMAL
4076,2026-08-01 01:07:55,TR-102,LT-004,230.45,8.91,1.973,0.961,50.002,1.3,NORMAL
9141,2026-08-01 00:19:00,TR-104,LT-004,160.92,12.631,1.823,0.897,49.998,4.55,WARNING
6119,2026-08-01 01:41:58,TR-102,LT-005,232.21,6.423,1.404,0.941,49.818,0.3,NORMAL
6903,2026-08-01 01:55:02,TR-101,LT-002,231.69,6.997,1.488,0.918,49.97,1.48,NORMAL
472,2026-08-01 00:07:51,TR-104,LT-005,220.79,11.075,2.323,0.95,50.033,1.88,NORMAL
2922,2026-08-01 00:48:41,TR-103,LT-005,232.98,5.277,1.158,0.942,50.005,0.81,NORMAL
1906,2026-08-01 00:31:45,TR-101,LT-006,231.79,5.483,1.199,0.943,49.948,0.55,NORMAL
8877,2026-08-01 00:14:36,TR-101,LT-003,186.86,9.531,1.572,0.883,49.96,6.71,WARNING
802,2026-08-01 00:13:21,TR-104,LT-001,227.94,5.693,1.22,0.94,49.942,1.17,NORMAL
1488,2026-08-01 00:24:47,TR-104,LT-002,222.96,10.39,2.232,0.964,50.079,4.44,NORMAL
8442,2026-08-01 00:07:21,TR-103,LT-006,190.25,13.968,2.3,0.866,50.042,16.2,WARNING
228,2026-08-01 00:03:47,TR-101,LT-001,225.69,12.371,2.623,0.939,49.919,0.41,NORMAL
7891,2026-08-01 02:11:30,TR-104,LT-003,230.67,10.054,2.197,0.947,49.962,1.9,NORMAL
1129,2026-08-01 00:18:48,TR-101,LT-003,229.74,9.141,1.966,0.936,49.937,1.32,NORMAL
5071,2026-08-01 01:24:30,TR-104,LT-001,225.28,8.564,1.766,0.915,50.064,2.21,NORMAL
9167,2026-08-01 00:19:26,TR-103,LT-004,212.84,8.601,1.483,0.81,49.908,10.12,WARNING
2209,2026-08-01 00:36:48,TR-103,LT-003,228.75,8.02,1.712,0.933,49.888,1.36,NORMAL
7994,2026-08-01 02:13:13,TR-103,LT-001,233.63,7.28,1.616,0.95,49.938,4.19,NORMAL
9843,2026-08-01 00:10:42,TR-104,LT-005,87.99,0.335,0.004,0.124,50.149,44.29,POSSIBLE_BROKEN_LT
6560,2026-08-01 01:49:19,TR-102,LT-005,235.61,7.349,1.615,0.933,49.98,4.07,NORMAL
9922,2026-08-01 00:12:01,TR-101,LT-001,91.99,0.259,0.01,0.415,49.857,24.07,POSSIBLE_BROKEN_LT
3154,2026-08-01 00:52:33,TR-104,LT-004,228.5,3.045,0.68,0.978,49.935,1.66,NORMAL
4442,2026-08-01 01:14:01,TR-104,LT-005,230.89,6.706,1.524,0.984,50.081,0.86,NORMAL
7506,2026-08-01 02:05:05,TR-102,LT-001,221.03,7.866,1.651,0.949,50.143,2.32,NORMAL
8958,2026-08-01 00:15:57,TR-102,LT-004,183.41,12.795,2.007,0.855,49.978,17.03,WARNING
6216,2026-08-01 01:43:35,TR-101,LT-006,223.43,7.214,1.568,0.973,49.94,1.07,NORMAL
9599,2026-08-01 00:06:38,TR-104,LT-002,104.24,0.278,0.019,0.663,50.029,41.52,POSSIBLE_BROKEN_LT
2145,2026-08-01 00:35:44,TR-104,LT-002,229.11,8.452,1.937,1.0,50.015,1.92,NORMAL
7412,2026-08-01 02:03:31,TR-102,LT-003,230.39,9.534,2.036,0.927,50.022,0.11,NORMAL
8930,2026-08-01 00:15:29,TR-101,LT-002,199.89,9.78,1.432,0.733,50.089,18.97,WARNING
2375,2026-08-01 00:39:34,TR-103,LT-006,234.47,8.287,1.87,0.963,50.002,1.21,NORMAL
2578,2026-08-01 00:42:57,TR-104,LT-005,233.99,7.041,1.49,0.904,50.034,1.77,NORMAL
1633,2026-08-01 00:27:12,TR-104,LT-003,227.43,7.404,1.613,0.958,50.05,1.12,NORMAL
4833,2026-08-01 01:20:32,TR-104,LT-001,232.35,7.677,1.668,0.935,49.948,2.76,NORMAL
2299,2026-08-01 00:38:18,TR-101,LT-004,232.6,10.173,2.217,0.937,49.982,1.54,NORMAL
5034,2026-08-01 01:23:53,TR-101,LT-003,232.15,10.472,2.208,0.908,50.018,2.49,NORMAL
157,2026-08-01 00:02:36,TR-102,LT-006,237.46,8.364,1.833,0.923,49.853,2.87,NORMAL
8047,2026-08-01 00:00:46,TR-103,LT-002,185.89,10.953,1.756,0.863,50.098,2.27,WARNING
6707,2026-08-01 01:51:46,TR-102,LT-001,228.35,9.05,1.88,0.91,49.89,1.5,NORMAL
3350,2026-08-01 00:55:49,TR-103,LT-001,229.45,8.504,1.854,0.95,50.108,0.82,NORMAL
2880,2026-08-01 00:47:59,TR-104,LT-006,229.25,6.229,1.291,0.904,50.076,2.38,NORMAL
3414,2026-08-01 00:56:53,TR-104,LT-006,226.67,8.497,1.825,0.947,50.067,1.11,NORMAL
7769,2026-08-01 02:09:28,TR-104,LT-001,232.78,7.823,1.651,0.907,49.866,1.57,NORMAL
4190,2026-08-01 01:09:49,TR-102,LT-005,229.75,6.184,1.297,0.913,50.056,1.08,NORMAL
9611,2026-08-01 00:06:50,TR-104,LT-004,80.22,0.461,0.021,0.567,50.03,65.54,POSSIBLE_BROKEN_LT
9735,2026-08-01 00:08:54,TR-102,LT-004,98.08,0.312,0.018,0.574,50.004,28.88,POSSIBLE_BROKEN_LT
7252,2026-08-01 02:00:51,TR-103,LT-004,227.05,8.668,1.872,0.951,49.936,1.49,NORMAL
7614,2026-08-01 02:06:53,TR-103,LT-003,228.43,8.856,1.864,0.921,49.971,1.71,NORMAL
6920,2026-08-01 01:55:19,TR-102,LT-002,229.87,5.978,1.284,0.934,49.956,3.14,NORMAL
9682,2026-08-01 00:08:01,TR-101,LT-005,78.0,0.648,0.022,0.435,50.019,31.53,POSSIBLE_BROKEN_LT
9672,2026-08-01 00:07:51,TR-102,LT-004,82.02,0.363,0.014,0.459,49.919,58.57,POSSIBLE_BROKEN_LT
4795,2026-08-01 01:19:54,TR-101,LT-006,229.4,13.006,2.857,0.957,49.874,1.19,NORMAL
5655,2026-08-01 01:34:14,TR-103,LT-002,226.5,8.946,1.815,0.896,49.855,2.77,NORMAL
2496,2026-08-01 00:41:35,TR-102,LT-003,233.25,7.479,1.661,0.952,49.923,4.2,NORMAL
7305,2026-08-01 02:01:44,TR-103,LT-001,231.82,9.125,1.947,0.921,50.042,1.2,NORMAL
2373,2026-08-01 00:39:32,TR-103,LT-004,230.64,8.661,1.916,0.959,49.947,2.97,NORMAL
4092,2026-08-01 01:08:11,TR-101,LT-003,235.68,5.379,1.166,0.92,50.035,2.4,NORMAL
9472,2026-08-01 00:04:31,TR-102,LT-006,91.05,0.484,0.016,0.371,49.962,38.92,POSSIBLE_BROKEN_LT
3462,2026-08-01 00:57:41,TR-104,LT-002,237.59,8.875,1.997,0.947,49.886,2.17,NORMAL
7007,2026-08-01 01:56:46,TR-101,LT-003,236.43,10.473,2.327,0.94,50.08,3.6,NORMAL
5392,2026-08-01 01:29:51,TR-102,LT-003,230.65,8.335,1.866,0.97,50.092,2.14,NORMAL
7173,2026-08-01 01:59:32,TR-101,LT-003,229.33,5.732,1.254,0.954,50.066,3.15,NORMAL
5697,2026-08-01 01:34:56,TR-103,LT-004,228.4,9.432,2.12,0.984,49.981,3.72,NORMAL
5665,2026-08-01 01:34:24,TR-101,LT-002,228.05,8.922,1.836,0.902,49.987,1.28,NORMAL
4504,2026-08-01 01:15:03,TR-103,LT-006,231.65,6.041,1.316,0.941,50.004,1.89,NORMAL
2551,2026-08-01 00:42:30,TR-102,LT-005,223.66,6.621,1.421,0.959,50.082,1.98,NORMAL
4716,2026-08-01 01:18:35,TR-103,LT-001,229.85,8.183,1.798,0.956,49.945,3.73,NORMAL
848,2026-08-01 00:14:07,TR-101,LT-006,239.82,8.243,1.872,0.947,49.771,2.96,NORMAL
3345,2026-08-01 00:55:44,TR-101,LT-006,226.14,8.224,1.795,0.965,49.872,1.39,NORMAL
939,2026-08-01 00:15:38,TR-102,LT-005,230.98,8.953,1.924,0.93,49.946,3.04,NORMAL
4826,2026-08-01 01:20:25,TR-103,LT-006,230.96,8.963,1.942,0.938,50.007,2.51,NORMAL
9694,2026-08-01 00:08:13,TR-104,LT-004,64.73,0.113,0.003,0.416,49.981,73.34,POSSIBLE_BROKEN_LT
8864,2026-08-01 00:14:23,TR-102,LT-005,146.46,7.822,0.814,0.711,50.049,23.98,WARNING
8611,2026-08-01 00:10:10,TR-102,LT-006,177.84,9.569,1.471,0.865,50.085,0.8,WARNING
5355,2026-08-01 01:29:14,TR-103,LT-005,227.84,9.514,2.065,0.953,50.024,3.68,NORMAL
5478,2026-08-01 01:31:17,TR-102,LT-001,229.92,6.008,1.29,0.934,49.985,2.18,NORMAL
9724,2026-08-01 00:08:43,TR-103,LT-001,61.23,0.076,0.003,0.708,49.992,16.47,POSSIBLE_BROKEN_LT
757,2026-08-01 00:12:36,TR-102,LT-002,231.97,7.005,1.572,0.967,50.054,2.7,NORMAL
4751,2026-08-01 01:19:10,TR-103,LT-002,234.42,5.134,1.163,0.967,49.885,1.17,NORMAL
2645,2026-08-01 00:44:04,TR-101,LT-002,225.64,6.425,1.347,0.929,50.049,2.49,NORMAL
4163,2026-08-01 01:09:22,TR-101,LT-004,228.93,8.471,1.859,0.959,50.051,3.48,NORMAL
8649,2026-08-01 00:10:48,TR-104,LT-002,209.59,12.51,2.477,0.945,50.064,14.38,WARNING
3166,2026-08-01 00:52:45,TR-103,LT-006,222.99,8.377,1.825,0.977,50.015,2.62,NORMAL
6498,2026-08-01 01:48:17,TR-101,LT-006,234.73,12.635,2.729,0.92,50.205,1.57,NORMAL
5988,2026-08-01 01:39:47,TR-103,LT-003,230.16,10.216,2.255,0.959,49.849,2.26,NORMAL
3874,2026-08-01 01:04:33,TR-103,LT-005,224.09,6.277,1.318,0.937,49.913,2.22,NORMAL
7752,2026-08-01 02:09:11,TR-103,LT-004,231.27,8.292,1.745,0.91,50.079,2.86,NORMAL
6524,2026-08-01 01:48:43,TR-103,LT-002,233.23,10.374,2.232,0.922,49.947,2.8,NORMAL
3419,2026-08-01 00:56:58,TR-101,LT-001,224.83,7.395,1.58,0.95,49.891,1.59,NORMAL
9905,2026-08-01 00:11:44,TR-104,LT-002,70.11,0.023,0.001,0.377,50.041,42.59,POSSIBLE_BROKEN_LT
2062,2026-08-01 00:34:21,TR-103,LT-006,229.45,8.477,1.798,0.924,49.986,1.79,NORMAL
550,2026-08-01 00:09:09,TR-101,LT-004,227.58,7.377,1.621,0.965,50.019,2.19,NORMAL
4454,2026-08-01 01:14:13,TR-103,LT-001,231.19,6.94,1.482,0.923,50.031,0.93,NORMAL
2813,2026-08-01 00:46:52,TR-102,LT-001,236.96,7.8,1.701,0.92,49.915,1.12,NORMAL
8778,2026-08-01 00:12:57,TR-103,LT-006,184.41,9.53,1.441,0.82,50.102,2.53,WARNING
8996,2026-08-01 00:16:35,TR-104,LT-004,172.49,10.68,1.596,0.866,50.083,12.12,WARNING
2550,2026-08-01 00:42:29,TR-102,LT-001,238.35,9.425,2.124,0.945,50.094,1.75,NORMAL
6070,2026-08-01 01:41:09,TR-104,LT-002,228.01,6.167,1.317,0.937,50.044,2.96,NORMAL
3170,2026-08-01 00:52:49,TR-103,LT-003,228.34,7.774,1.678,0.945,49.991,1.87,NORMAL
7055,2026-08-01 01:57:34,TR-104,LT-001,230.57,7.598,1.622,0.926,49.977,3.97,NORMAL
4829,2026-08-01 01:20:28,TR-102,LT-004,233.69,8.918,1.911,0.917,50.082,1.31,NORMAL
9571,2026-08-01 00:06:10,TR-102,LT-003,78.65,0.177,0.004,0.311,49.97,59.3,POSSIBLE_BROKEN_LT
1260,2026-08-01 00:20:59,TR-103,LT-005,229.78,7.497,1.639,0.952,50.04,3.7,NORMAL
8713,2026-08-01 00:11:52,TR-104,LT-005,206.85,12.035,2.052,0.824,49.972,13.77,WARNING
3662,2026-08-01 01:01:01,TR-101,LT-001,227.09,6.818,1.484,0.958,50.056,2.11,NORMAL
7923,2026-08-01 02:12:02,TR-103,LT-003,224.97,10.764,2.287,0.944,50.012,2.01,NORMAL
1025,2026-08-01 00:17:04,TR-101,LT-004,236.91,8.095,1.778,0.927,50.01,1.87,NORMAL
4966,2026-08-01 01:22:45,TR-103,LT-001,229.06,6.75,1.475,0.954,50.03,2.58,NORMAL
753,2026-08-01 00:12:32,TR-101,LT-002,226.1,9.238,1.931,0.925,49.966,2.12,NORMAL
3943,2026-08-01 01:05:42,TR-104,LT-003,227.61,9.575,2.101,0.964,49.775,2.11,NORMAL
3711,2026-08-01 01:01:50,TR-103,LT-003,224.26,12.004,2.483,0.922,50.026,1.95,NORMAL
9961,2026-08-01 00:12:40,TR-101,LT-003,75.43,0.01,0.0,0.502,49.981,33.83,POSSIBLE_BROKEN_LT
1952,2026-08-01 00:32:31,TR-102,LT-002,235.05,8.455,1.89,0.951,50.042,2.02,NORMAL
6315,2026-08-01 01:45:14,TR-102,LT-005,234.41,9.62,2.098,0.93,50.089,2.29,NORMAL
352,2026-08-01 00:05:51,TR-103,LT-003,235.9,6.887,1.469,0.905,50.021,3.54,NORMAL
1512,2026-08-01 00:25:11,TR-101,LT-001,229.23,5.96,1.347,0.986,49.966,2.55,NORMAL
4830,2026-08-01 01:20:29,TR-103,LT-002,225.8,5.8,1.203,0.918,49.976,1.47,NORMAL
9617,2026-08-01 00:06:56,TR-101,LT-001,74.7,0.281,0.007,0.321,50.031,37.95,POSSIBLE_BROKEN_LT
3747,2026-08-01 01:02:26,TR-104,LT-006,221.29,8.838,1.796,0.918,50.082,1.93,NORMAL
5800,2026-08-01 01:36:39,TR-103,LT-003,227.4,2.789,0.596,0.94,50.055,1.8,NORMAL
702,2026-08-01 00:11:41,TR-102,LT-004,234.2,6.825,1.432,0.896,50.064,0.7,NORMAL
3694,2026-08-01 01:01:33,TR-102,LT-005,234.23,7.062,1.559,0.942,49.991,2.88,NORMAL
4615,2026-08-01 01:16:54,TR-102,LT-005,230.22,8.151,1.743,0.929,50.097,1.01,NORMAL
7214,2026-08-01 02:00:13,TR-102,LT-001,228.37,9.879,2.215,0.982,49.936,1.74,NORMAL
562,2026-08-01 00:09:21,TR-104,LT-001,238.3,9.419,2.083,0.928,50.037,1.63,NORMAL
2319,2026-08-01 00:38:38,TR-101,LT-004,227.77,10.266,2.152,0.92,49.934,1.65,NORMAL
3099,2026-08-01 00:51:38,TR-104,LT-002,229.48,9.123,1.994,0.953,49.887,1.06,NORMAL
4839,2026-08-01 01:20:38,TR-104,LT-006,235.4,8.789,1.901,0.919,49.959,1.85,NORMAL
3151,2026-08-01 00:52:30,TR-102,LT-003,233.37,7.852,1.726,0.942,49.959,1.65,NORMAL
5609,2026-08-01 01:33:28,TR-102,LT-004,233.59,7.087,1.563,0.944,49.983,2.32,NORMAL
4300,2026-08-01 01:11:39,TR-101,LT-002,226.83,9.288,2.03,0.963,50.049,1.75,NORMAL
4619,2026-08-01 01:16:58,TR-103,LT-003,229.93,8.801,1.796,0.887,50.11,3.31,NORMAL
4075,2026-08-01 01:07:54,TR-102,LT-005,228.22,5.911,1.254,0.929,50.064,2.63,NORMAL
3995,2026-08-01 01:06:34,TR-103,LT-004,221.74,8.903,1.903,0.964,50.023,2.12,NORMAL
6374,2026-08-01 01:46:13,TR-104,LT-001,235.1,11.987,2.684,0.952,50.085,1.22,NORMAL
6168,2026-08-01 01:42:47,TR-103,LT-006,229.38,9.04,2.05,0.989,50.036,2.95,NORMAL
1048,2026-08-01 00:17:27,TR-104,LT-005,223.69,7.878,1.63,0.925,50.08,3.79,NORMAL
2940,2026-08-01 00:48:59,TR-103,LT-004,228.43,9.32,2.046,0.961,49.965,2.65,NORMAL
1809,2026-08-01 00:30:08,TR-102,LT-004,223.68,3.856,0.811,0.94,50.081,1.83,NORMAL
3167,2026-08-01 00:52:46,TR-101,LT-005,228.44,5.459,1.163,0.933,50.147,0.89,NORMAL
415,2026-08-01 00:06:54,TR-104,LT-003,231.33,6.844,1.505,0.95,49.825,1.82,NORMAL
1341,2026-08-01 00:22:20,TR-102,LT-005,230.64,6.131,1.309,0.926,50.044,1.81,NORMAL
9372,2026-08-01 00:02:51,TR-102,LT-003,74.92,0.01,0.0,0.32,50.082,34.28,POSSIBLE_BROKEN_LT
7741,2026-08-01 02:09:00,TR-101,LT-003,232.84,5.211,1.09,0.898,49.865,2.9,NORMAL
5061,2026-08-01 01:24:20,TR-102,LT-001,228.78,9.048,2.04,0.986,49.945,1.0,NORMAL
4634,2026-08-01 01:17:13,TR-101,LT-002,233.35,6.069,1.353,0.955,49.992,2.69,NORMAL
4610,2026-08-01 01:16:49,TR-102,LT-006,226.64,8.62,1.74,0.891,50.01,2.4,NORMAL
7367,2026-08-01 02:02:46,TR-102,LT-003,236.91,11.626,2.598,0.943,49.946,2.47,NORMAL
1470,2026-08-01 00:24:29,TR-101,LT-004,231.78,7.811,1.741,0.962,50.023,0.95,NORMAL
1711,2026-08-01 00:28:30,TR-102,LT-004,234.43,5.906,1.352,0.976,50.055,1.04,NORMAL
6271,2026-08-01 01:44:30,TR-102,LT-004,228.55,7.637,1.586,0.909,50.042,1.52,NORMAL
8733,2026-08-01 00:12:12,TR-101,LT-005,154.15,16.07,2.147,0.867,50.084,13.62,WARNING
2272,2026-08-01 00:37:51,TR-102,LT-005,228.05,7.219,1.64,0.996,49.993,3.29,NORMAL
1584,2026-08-01 00:26:23,TR-102,LT-004,230.25,8.539,1.859,0.945,50.04,1.86,NORMAL
1413,2026-08-01 00:23:32,TR-104,LT-005,231.82,9.117,1.916,0.907,49.961,0.96,NORMAL
4112,2026-08-01 01:08:31,TR-101,LT-002,226.89,9.527,2.04,0.944,49.874,3.53,NORMAL
7653,2026-08-01 02:07:32,TR-103,LT-004,229.75,9.009,1.975,0.954,50.023,1.94,NORMAL
6694,2026-08-01 01:51:33,TR-103,LT-002,231.87,9.932,2.191,0.951,50.058,1.58,NORMAL
1723,2026-08-01 00:28:42,TR-103,LT-003,232.96,8.206,1.755,0.918,50.053,0.77,NORMAL
2025,2026-08-01 00:33:44,TR-101,LT-005,217.92,9.531,1.999,0.963,50.017,3.32,NORMAL
2213,2026-08-01 00:36:52,TR-104,LT-006,233.53,9.339,2.093,0.96,49.965,1.93,NORMAL
1508,2026-08-01 00:25:07,TR-103,LT-006,233.82,9.454,2.056,0.93,50.022,4.08,NORMAL
2623,2026-08-01 00:43:42,TR-101,LT-006,230.34,8.914,1.789,0.871,50.002,2.04,NORMAL
5291,2026-08-01 01:28:10,TR-103,LT-005,236.29,11.415,2.461,0.912,49.879,1.71,NORMAL
9129,2026-08-01 00:18:48,TR-104,LT-001,186.61,9.956,1.425,0.767,49.994,14.05,WARNING
1322,2026-08-01 00:22:01,TR-104,LT-005,232.12,7.188,1.626,0.975,49.841,0.16,NORMAL
843,2026-08-01 00:14:02,TR-103,LT-004,225.51,7.86,1.599,0.902,49.899,2.23,NORMAL
1147,2026-08-01 00:19:06,TR-104,LT-002,225.61,7.504,1.622,0.958,49.95,2.96,NORMAL
3625,2026-08-01 01:00:24,TR-101,LT-001,237.59,12.355,2.778,0.946,50.003,2.82,NORMAL
4281,2026-08-01 01:11:20,TR-101,LT-004,238.37,12.113,2.659,0.921,49.966,0.91,NORMAL
9011,2026-08-01 00:16:50,TR-102,LT-004,166.04,12.43,1.705,0.826,50.038,3.76,WARNING
8987,2026-08-01 00:16:26,TR-102,LT-003,145.95,11.895,1.531,0.882,49.965,14.58,WARNING
4682,2026-08-01 01:18:01,TR-104,LT-001,227.69,8.312,1.787,0.944,49.886,1.31,NORMAL
464,2026-08-01 00:07:43,TR-103,LT-002,230.86,5.79,1.288,0.964,49.913,2.16,NORMAL
1755,2026-08-01 00:29:14,TR-101,LT-005,232.04,7.085,1.508,0.917,50.071,1.79,NORMAL
3937,2026-08-01 01:05:36,TR-102,LT-004,235.0,9.583,2.033,0.903,50.197,2.82,NORMAL
7934,2026-08-01 02:12:13,TR-101,LT-005,235.44,9.377,2.061,0.934,50.096,2.62,NORMAL
9461,2026-08-01 00:04:20,TR-104,LT-001,73.06,0.294,0.014,0.641,50.062,26.19,POSSIBLE_BROKEN_LT
4402,2026-08-01 01:13:21,TR-102,LT-006,234.29,9.38,2.077,0.945,50.013,1.0,NORMAL
4701,2026-08-01 01:18:20,TR-104,LT-006,226.03,7.632,1.676,0.972,50.102,1.03,NORMAL
8992,2026-08-01 00:16:31,TR-104,LT-002,186.88,18.14,3.15,0.929,50.086,5.09,WARNING
379,2026-08-01 00:06:18,TR-103,LT-002,238.76,9.619,2.086,0.908,49.958,0.43,NORMAL
3107,2026-08-01 00:51:46,TR-101,LT-006,224.83,9.044,1.815,0.893,49.884,1.86,NORMAL
8216,2026-08-01 00:03:35,TR-102,LT-003,196.02,11.667,1.938,0.847,50.109,6.6,WARNING
1336,2026-08-01 00:22:15,TR-103,LT-004,228.65,7.625,1.642,0.942,49.99,2.23,NORMAL
1224,2026-08-01 00:20:23,TR-102,LT-003,231.66,4.94,1.084,0.947,50.125,4.06,NORMAL
3849,2026-08-01 01:04:08,TR-102,LT-002,229.4,3.434,0.74,0.94,49.963,0.81,NORMAL
2717,2026-08-01 00:45:16,TR-104,LT-005,232.5,8.092,1.757,0.934,49.924,1.51,NORMAL
6838,2026-08-01 01:53:57,TR-104,LT-001,222.92,7.127,1.558,0.981,50.079,2.62,NORMAL
2953,2026-08-01 00:49:12,TR-104,LT-003,231.87,9.688,2.073,0.923,49.86,2.6,NORMAL
1351,2026-08-01 00:22:30,TR-103,LT-003,225.32,8.65,1.766,0.906,50.075,2.15,NORMAL
1083,2026-08-01 00:18:02,TR-104,LT-005,228.71,7.717,1.636,0.927,49.878,0.87,NORMAL
6454,2026-08-01 01:47:33,TR-104,LT-001,227.52,9.605,1.982,0.907,50.013,2.61,NORMAL
1812,2026-08-01 00:30:11,TR-102,LT-005,230.59,6.596,1.473,0.968,50.016,1.64,NORMAL
4122,2026-08-01 01:08:41,TR-104,LT-003,229.45,7.841,1.68,0.934,50.001,1.06,NORMAL
1352,2026-08-01 00:22:31,TR-104,LT-006,222.79,8.96,1.897,0.95,50.046,1.51,NORMAL
7818,2026-08-01 02:10:17,TR-101,LT-001,226.41,4.68,1.04,0.981,50.082,1.28,NORMAL
8797,2026-08-01 00:13:16,TR-104,LT-004,169.93,7.288,0.85,0.686,50.065,14.23,WARNING
1895,2026-08-01 00:31:34,TR-102,LT-005,229.65,7.727,1.535,0.865,50.172,2.72,NORMAL
6640,2026-08-01 01:50:39,TR-101,LT-003,229.83,6.833,1.528,0.973,50.006,2.4,NORMAL
566,2026-08-01 00:09:25,TR-102,LT-003,228.37,8.037,1.727,0.941,50.046,1.88,NORMAL
3904,2026-08-01 01:05:03,TR-104,LT-003,226.23,6.046,1.294,0.946,50.1,0.99,NORMAL
7101,2026-08-01 01:58:20,TR-104,LT-006,229.12,10.946,2.41,0.961,50.041,1.12,NORMAL
3674,2026-08-01 01:01:13,TR-102,LT-001,233.28,12.21,2.627,0.922,50.024,1.36,NORMAL
4367,2026-08-01 01:12:46,TR-101,LT-004,227.9,7.495,1.592,0.932,50.121,3.13,NORMAL
7546,2026-08-01 02:05:45,TR-102,LT-002,231.88,7.291,1.563,0.924,50.155,0.79,NORMAL
1213,2026-08-01 00:20:12,TR-101,LT-005,227.13,10.426,2.288,0.966,50.014,1.73,NORMAL
1190,2026-08-01 00:19:49,TR-103,LT-001,226.13,11.221,2.441,0.962,50.008,2.11,NORMAL
3956,2026-08-01 01:05:55,TR-101,LT-005,227.55,7.018,1.463,0.916,49.949,1.87,NORMAL
899,2026-08-01 00:14:58,TR-102,LT-005,234.83,5.885,1.313,0.95,50.002,1.11,NORMAL
4787,2026-08-01 01:19:46,TR-103,LT-003,232.92,8.396,1.827,0.934,49.979,2.39,NORMAL
8093,2026-08-01 00:01:32,TR-103,LT-003,170.85,16.213,2.616,0.945,49.931,8.09,WARNING
4603,2026-08-01 01:16:42,TR-104,LT-002,236.54,7.267,1.638,0.953,49.978,4.52,NORMAL
8897,2026-08-01 00:14:56,TR-101,LT-003,161.28,9.747,1.371,0.872,50.027,12.05,WARNING
3455,2026-08-01 00:57:34,TR-103,LT-004,218.28,12.883,2.602,0.925,50.055,0.09,NORMAL
3610,2026-08-01 01:00:09,TR-101,LT-003,228.34,6.502,1.364,0.919,50.089,2.79,NORMAL
8158,2026-08-01 00:02:37,TR-103,LT-003,208.87,7.119,1.279,0.86,49.92,9.24,WARNING
8766,2026-08-01 00:12:45,TR-103,LT-003,204.94,11.986,2.034,0.828,49.981,11.0,WARNING
9678,2026-08-01 00:07:57,TR-101,LT-001,87.45,0.403,0.014,0.396,50.05,49.11,POSSIBLE_BROKEN_LT
7573,2026-08-01 02:06:12,TR-102,LT-002,227.44,8.665,1.817,0.922,50.029,2.18,NORMAL
3910,2026-08-01 01:05:09,TR-104,LT-001,227.05,7.894,1.64,0.915,49.944,3.24,NORMAL
4029,2026-08-01 01:07:08,TR-102,LT-006,236.39,5.193,1.151,0.938,49.981,1.56,NORMAL
3932,2026-08-01 01:05:31,TR-102,LT-003,236.11,12.355,2.683,0.92,49.977,2.68,NORMAL
2333,2026-08-01 00:38:52,TR-102,LT-004,223.93,11.791,2.425,0.919,50.009,3.01,NORMAL
7303,2026-08-01 02:01:42,TR-102,LT-003,228.17,9.044,2.01,0.974,49.936,1.95,NORMAL
2263,2026-08-01 00:37:42,TR-102,LT-002,234.94,9.182,2.137,0.991,49.943,1.33,NORMAL
9261,2026-08-01 00:01:00,TR-102,LT-005,57.5,0.399,0.006,0.281,50.001,35.17,POSSIBLE_BROKEN_LT
5782,2026-08-01 01:36:21,TR-102,LT-002,227.26,6.513,1.353,0.914,49.919,0.24,NORMAL
2596,2026-08-01 00:43:15,TR-102,LT-002,221.01,9.0,1.889,0.95,49.967,2.2,NORMAL
7201,2026-08-01 02:00:00,TR-101,LT-002,230.56,9.919,2.107,0.921,49.93,2.1,NORMAL
3594,2026-08-01 00:59:53,TR-102,LT-002,224.08,10.592,2.261,0.953,49.985,1.45,NORMAL
5217,2026-08-01 01:26:56,TR-102,LT-004,231.16,8.888,2.005,0.976,50.06,1.26,NORMAL
1031,2026-08-01 00:17:10,TR-104,LT-001,228.97,7.976,1.72,0.942,50.077,0.43,NORMAL
7434,2026-08-01 02:03:53,TR-101,LT-002,226.3,8.225,1.677,0.901,50.044,1.54,NORMAL
7878,2026-08-01 02:11:17,TR-103,LT-004,231.31,7.763,1.686,0.939,49.945,3.6,NORMAL
8824,2026-08-01 00:13:43,TR-103,LT-005,156.58,13.093,1.86,0.907,49.951,16.89,WARNING
8237,2026-08-01 00:03:56,TR-103,LT-003,158.53,6.434,0.967,0.948,50.026,13.72,WARNING
5734,2026-08-01 01:35:33,TR-102,LT-001,229.24,5.375,1.173,0.952,50.084,1.29,NORMAL
5379,2026-08-01 01:29:38,TR-102,LT-003,232.43,10.76,2.423,0.969,49.943,3.13,NORMAL
7763,2026-08-01 02:09:22,TR-103,LT-005,225.9,10.778,2.254,0.926,50.005,3.0,NORMAL
1756,2026-08-01 00:29:15,TR-102,LT-001,235.49,10.093,2.132,0.897,50.089,0.53,NORMAL
7356,2026-08-01 02:02:35,TR-102,LT-005,233.46,7.185,1.677,1.0,50.075,3.86,NORMAL
4162,2026-08-01 01:09:21,TR-103,LT-001,231.92,9.41,2.009,0.921,50.107,2.89,NORMAL
232,2026-08-01 00:03:51,TR-102,LT-001,230.87,4.303,0.917,0.923,49.87,2.93,NORMAL
8105,2026-08-01 00:01:44,TR-102,LT-002,199.75,10.974,1.701,0.776,49.922,12.31,WARNING
111,2026-08-01 00:01:50,TR-102,LT-006,222.32,6.073,1.263,0.936,49.908,2.34,NORMAL
5458,2026-08-01 01:30:57,TR-103,LT-005,228.89,8.055,1.749,0.948,49.95,1.39,NORMAL
6709,2026-08-01 01:51:48,TR-103,LT-001,235.85,9.748,2.159,0.939,50.094,1.32,NORMAL
2515,2026-08-01 00:41:54,TR-103,LT-006,229.5,8.331,1.79,0.936,50.103,3.04,NORMAL
5962,2026-08-01 01:39:21,TR-102,LT-002,238.42,8.72,1.936,0.931,50.011,0.45,NORMAL
4280,2026-08-01 01:11:19,TR-104,LT-006,231.46,5.591,1.223,0.945,49.815,2.96,NORMAL
4721,2026-08-01 01:18:40,TR-103,LT-004,234.03,5.28,1.188,0.961,49.975,3.81,NORMAL
2918,2026-08-01 00:48:37,TR-101,LT-003,232.67,6.946,1.518,0.94,50.015,2.62,NORMAL
9391,2026-08-01 00:03:10,TR-103,LT-001,91.98,0.252,0.013,0.577,49.881,43.99,POSSIBLE_BROKEN_LT
2993,2026-08-01 00:49:52,TR-103,LT-005,230.29,6.811,1.49,0.95,49.947,1.93,NORMAL
2318,2026-08-01 00:38:37,TR-103,LT-004,227.53,4.663,1.059,0.998,50.063,2.01,NORMAL
4848,2026-08-01 01:20:47,TR-103,LT-003,227.88,5.659,1.18,0.915,49.978,3.23,NORMAL
4293,2026-08-01 01:11:32,TR-102,LT-001,224.06,10.253,2.219,0.966,49.932,2.31,NORMAL
6992,2026-08-01 01:56:31,TR-101,LT-005,233.85,9.827,2.214,0.963,50.011,2.21,NORMAL
1516,2026-08-01 00:25:15,TR-101,LT-003,229.51,5.306,1.139,0.936,50.053,1.19,NORMAL
217,2026-08-01 00:03:36,TR-102,LT-005,226.91,10.971,2.252,0.905,49.862,2.6,NORMAL
9214,2026-08-01 00:00:13,TR-104,LT-004,61.45,0.296,0.005,0.29,50.069,28.8,POSSIBLE_BROKEN_LT
9062,2026-08-01 00:17:41,TR-104,LT-003,177.11,14.198,2.152,0.856,49.902,13.76,WARNING
8418,2026-08-01 00:06:57,TR-103,LT-005,210.25,8.981,1.511,0.8,49.885,7.45,WARNING
2264,2026-08-01 00:37:43,TR-103,LT-004,225.72,7.687,1.627,0.938,50.081,3.09,NORMAL
5327,2026-08-01 01:28:46,TR-102,LT-005,227.93,3.283,0.697,0.932,49.934,1.45,NORMAL
6841,2026-08-01 01:54:00,TR-104,LT-005,227.46,7.939,1.615,0.894,50.056,2.62,NORMAL
8499,2026-08-01 00:08:18,TR-103,LT-003,188.09,10.94,1.632,0.793,49.867,14.65,WARNING
6011,2026-08-01 01:40:10,TR-102,LT-005,229.77,6.956,1.47,0.92,50.057,1.73,NORMAL
894,2026-08-01 00:14:53,TR-103,LT-001,234.68,5.848,1.258,0.917,50.043,2.39,NORMAL
1491,2026-08-01 00:24:50,TR-102,LT-005,227.79,8.419,1.715,0.894,49.795,2.62,NORMAL
3004,2026-08-01 00:50:03,TR-102,LT-002,237.55,9.51,2.091,0.926,50.141,1.98,NORMAL
1851,2026-08-01 00:30:50,TR-102,LT-001,227.42,6.722,1.406,0.92,49.943,0.49,NORMAL
5200,2026-08-01 01:26:39,TR-104,LT-006,233.7,9.178,2.012,0.938,49.981,0.66,NORMAL
6381,2026-08-01 01:46:20,TR-104,LT-003,238.23,7.789,1.752,0.944,50.016,2.1,NORMAL
325,2026-08-01 00:05:24,TR-102,LT-005,225.98,8.132,1.711,0.931,49.994,2.54,NORMAL
1216,2026-08-01 00:20:15,TR-103,LT-001,234.99,10.404,2.371,0.97,50.096,2.69,NORMAL
2900,2026-08-01 00:48:19,TR-103,LT-005,231.15,7.251,1.564,0.933,50.039,2.63,NORMAL
2934,2026-08-01 00:48:53,TR-101,LT-002,233.82,8.205,1.807,0.942,49.945,3.22,NORMAL
3659,2026-08-01 01:00:58,TR-101,LT-004,230.64,9.045,1.837,0.88,50.105,3.94,NORMAL
8679,2026-08-01 00:11:18,TR-101,LT-005,166.46,13.571,1.918,0.849,49.98,10.52,WARNING
6674,2026-08-01 01:51:13,TR-104,LT-003,230.5,6.334,1.333,0.913,49.965,2.38,NORMAL
7973,2026-08-01 02:12:52,TR-104,LT-003,227.38,8.584,1.866,0.956,49.917,0.44,NORMAL
8587,2026-08-01 00:09:46,TR-103,LT-004,169.36,4.325,0.574,0.784,49.927,5.52,WARNING
6170,2026-08-01 01:42:49,TR-103,LT-006,231.75,12.173,2.577,0.913,50.02,2.35,NORMAL
9725,2026-08-01 00:08:44,TR-103,LT-001,47.66,0.223,0.002,0.164,49.895,50.89,POSSIBLE_BROKEN_LT
1130,2026-08-01 00:18:49,TR-103,LT-004,231.32,9.989,2.024,0.876,49.943,3.05,NORMAL
8857,2026-08-01 00:14:16,TR-102,LT-001,160.69,12.21,1.8,0.917,50.013,19.45,WARNING
2919,2026-08-01 00:48:38,TR-104,LT-006,230.39,5.953,1.224,0.893,50.114,2.98,NORMAL
3903,2026-08-01 01:05:02,TR-103,LT-001,236.68,3.462,0.732,0.894,49.998,2.65,NORMAL
7948,2026-08-01 02:12:27,TR-102,LT-002,233.22,8.891,1.943,0.937,49.982,2.75,NORMAL
9098,2026-08-01 00:18:17,TR-101,LT-006,170.37,14.126,1.989,0.826,50.061,11.78,WARNING
3828,2026-08-01 01:03:47,TR-101,LT-003,231.95,7.996,1.704,0.919,49.961,3.66,NORMAL
4924,2026-08-01 01:22:03,TR-102,LT-006,235.66,2.843,0.63,0.94,49.991,1.53,NORMAL
209,2026-08-01 00:03:28,TR-104,LT-004,232.06,5.845,1.331,0.982,50.042,1.76,NORMAL
3255,2026-08-01 00:54:14,TR-104,LT-002,231.47,7.391,1.711,1.0,50.068,1.94,NORMAL
2796,2026-08-01 00:46:35,TR-101,LT-001,226.61,7.444,1.573,0.932,50.115,2.32,NORMAL
5107,2026-08-01 01:25:06,TR-104,LT-003,225.88,4.297,0.942,0.97,50.108,0.44,NORMAL
9012,2026-08-01 00:16:51,TR-104,LT-003,182.85,16.844,2.692,0.874,50.033,12.3,WARNING
799,2026-08-01 00:13:18,TR-103,LT-005,230.11,10.512,2.317,0.958,50.117,2.18,NORMAL
9106,2026-08-01 00:18:25,TR-102,LT-001,179.36,9.756,1.466,0.838,50.161,23.94,WARNING
735,2026-08-01 00:12:14,TR-104,LT-005,234.12,4.861,1.081,0.95,49.911,2.78,NORMAL
2245,2026-08-01 00:37:24,TR-104,LT-006,236.47,11.244,2.453,0.922,50.144,2.26,NORMAL
179,2026-08-01 00:02:58,TR-103,LT-001,228.94,9.514,2.079,0.954,50.054,0.37,NORMAL
5831,2026-08-01 01:37:10,TR-102,LT-002,229.05,8.998,2.056,0.998,50.046,0.89,NORMAL
7009,2026-08-01 01:56:48,TR-104,LT-002,235.39,5.474,1.224,0.95,50.033,1.64,NORMAL
1175,2026-08-01 00:19:34,TR-104,LT-002,226.98,10.21,2.132,0.92,50.027,1.66,NORMAL
6643,2026-08-01 01:50:42,TR-102,LT-005,226.59,4.032,0.855,0.935,50.126,1.19,NORMAL
5849,2026-08-01 01:37:28,TR-103,LT-006,226.31,8.294,1.776,0.946,50.058,1.36,NORMAL
1832,2026-08-01 00:30:31,TR-102,LT-001,230.93,6.371,1.375,0.935,50.03,3.51,NORMAL
7996,2026-08-01 02:13:15,TR-104,LT-006,238.84,8.941,2.069,0.969,50.083,3.7,NORMAL
9280,2026-08-01 00:01:19,TR-102,LT-006,67.66,0.423,0.006,0.224,50.053,7.54,POSSIBLE_BROKEN_LT
7898,2026-08-01 02:11:37,TR-102,LT-001,229.52,6.375,1.361,0.93,49.992,1.76,NORMAL
8598,2026-08-01 00:09:57,TR-103,LT-004,179.09,7.641,1.056,0.772,49.941,6.22,WARNING
8523,2026-08-01 00:08:42,TR-104,LT-003,195.91,14.011,2.311,0.842,50.124,13.66,WARNING
199,2026-08-01 00:03:18,TR-103,LT-005,230.23,12.413,2.647,0.926,49.997,0.42,NORMAL
7929,2026-08-01 02:12:08,TR-104,LT-005,231.25,7.699,1.709,0.96,49.91,2.61,NORMAL
7077,2026-08-01 01:57:56,TR-101,LT-005,233.2,4.606,0.972,0.905,50.011,3.13,NORMAL
9285,2026-08-01 00:01:24,TR-102,LT-002,78.43,0.189,0.004,0.303,50.013,28.49,POSSIBLE_BROKEN_LT
1098,2026-08-01 00:18:17,TR-102,LT-003,222.01,5.541,1.164,0.946,50.019,3.79,NORMAL
549,2026-08-01 00:09:08,TR-103,LT-004,231.48,7.13,1.612,0.977,49.977,1.3,NORMAL
6909,2026-08-01 01:55:08,TR-101,LT-004,226.56,10.581,2.39,0.997,50.111,1.46,NORMAL
8230,2026-08-01 00:03:49,TR-101,LT-005,188.15,8.897,1.442,0.862,50.068,8.02,WARNING
4707,2026-08-01 01:18:26,TR-102,LT-001,235.63,6.757,1.511,0.949,50.094,3.41,NORMAL
6913,2026-08-01 01:55:12,TR-102,LT-005,227.25,14.281,3.121,0.962,50.047,2.04,NORMAL
3370,2026-08-01 00:56:09,TR-103,LT-002,230.52,10.507,2.195,0.906,50.01,2.17,NORMAL
7584,2026-08-01 02:06:23,TR-101,LT-006,235.46,5.044,1.118,0.941,50.067,0.67,NORMAL
2533,2026-08-01 00:42:12,TR-104,LT-003,232.22,7.13,1.61,0.972,49.91,2.06,NORMAL
4056,2026-08-01 01:07:35,TR-101,LT-004,230.83,8.479,1.883,0.962,49.962,2.09,NORMAL
2315,2026-08-01 00:38:34,TR-102,LT-006,232.66,6.693,1.487,0.955,49.881,3.67,NORMAL
6654,2026-08-01 01:50:53,TR-101,LT-005,231.35,5.183,1.113,0.928,50.047,0.06,NORMAL
6886,2026-08-01 01:54:45,TR-104,LT-006,226.74,10.543,2.243,0.938,49.907,2.98,NORMAL
5938,2026-08-01 01:38:57,TR-103,LT-004,223.68,6.431,1.359,0.945,50.074,2.25,NORMAL
2816,2026-08-01 00:46:55,TR-104,LT-005,233.26,7.322,1.708,1.0,50.108,0.96,NORMAL
3438,2026-08-01 00:57:17,TR-103,LT-004,224.89,10.553,2.246,0.946,49.923,1.0,NORMAL
3881,2026-08-01 01:04:40,TR-102,LT-006,231.21,8.167,1.775,0.94,49.911,0.3,NORMAL
4158,2026-08-01 01:09:17,TR-102,LT-001,228.09,9.416,1.961,0.913,49.897,2.71,NORMAL
67,2026-08-01 00:01:06,TR-102,LT-003,229.71,10.329,2.285,0.963,50.136,3.66,NORMAL
7867,2026-08-01 02:11:06,TR-101,LT-006,233.44,8.413,1.866,0.95,50.154,0.43,NORMAL
617,2026-08-01 00:10:16,TR-102,LT-005,230.44,5.006,1.092,0.947,49.908,1.94,NORMAL
1119,2026-08-01 00:18:38,TR-102,LT-005,230.8,7.834,1.72,0.951,50.115,2.32,NORMAL
3261,2026-08-01 00:54:20,TR-101,LT-004,229.05,6.894,1.439,0.912,49.99,1.19,NORMAL
3402,2026-08-01 00:56:41,TR-102,LT-006,232.28,6.567,1.428,0.936,50.187,2.9,NORMAL
3693,2026-08-01 01:01:32,TR-101,LT-006,234.87,10.968,2.448,0.95,49.879,2.56,NORMAL
938,2026-08-01 00:15:37,TR-104,LT-001,232.83,12.482,2.906,1.0,50.013,1.61,NORMAL
6605,2026-08-01 01:50:04,TR-101,LT-002,229.76,3.734,0.815,0.95,49.826,1.97,NORMAL
2573,2026-08-01 00:42:52,TR-103,LT-005,228.8,5.583,1.174,0.919,50.096,2.98,NORMAL
7537,2026-08-01 02:05:36,TR-102,LT-003,228.27,10.244,2.094,0.896,50.076,2.22,NORMAL
6325,2026-08-01 01:45:24,TR-101,LT-003,228.03,2.37,0.511,0.945,49.965,1.56,NORMAL
623,2026-08-01 00:10:22,TR-103,LT-002,237.53,7.433,1.718,0.973,50.05,3.19,NORMAL
1682,2026-08-01 00:28:01,TR-101,LT-005,229.9,5.231,1.121,0.932,50.069,1.6,NORMAL
2127,2026-08-01 00:35:26,TR-104,LT-002,225.28,8.946,1.876,0.931,50.02,0.91,NORMAL
788,2026-08-01 00:13:07,TR-103,LT-004,231.84,7.402,1.665,0.97,50.119,1.85,NORMAL
3333,2026-08-01 00:55:32,TR-104,LT-005,236.36,9.015,2.053,0.963,49.942,1.28,NORMAL
7237,2026-08-01 02:00:36,TR-103,LT-002,228.97,12.514,2.625,0.916,49.93,1.55,NORMAL
1093,2026-08-01 00:18:12,TR-104,LT-004,232.91,5.687,1.263,0.953,49.941,2.58,NORMAL
9104,2026-08-01 00:18:23,TR-103,LT-003,189.69,11.839,1.896,0.844,50.078,11.34,WARNING
5021,2026-08-01 01:23:40,TR-104,LT-001,229.77,7.682,1.624,0.92,49.922,2.39,NORMAL
9354,2026-08-01 00:02:33,TR-102,LT-004,64.19,0.555,0.017,0.481,49.927,28.66,POSSIBLE_BROKEN_LT
5945,2026-08-01 01:39:04,TR-102,LT-005,231.97,6.267,1.337,0.919,50.029,2.49,NORMAL
3281,2026-08-01 00:54:40,TR-101,LT-001,226.55,12.271,2.709,0.974,50.012,1.42,NORMAL
8187,2026-08-01 00:03:06,TR-103,LT-002,178.94,2.1,0.303,0.806,50.059,5.88,WARNING
2202,2026-08-01 00:36:41,TR-103,LT-002,229.24,8.428,1.817,0.94,50.054,2.18,NORMAL
1161,2026-08-01 00:19:20,TR-104,LT-003,220.0,6.917,1.478,0.971,49.959,0.57,NORMAL
5582,2026-08-01 01:33:01,TR-103,LT-004,234.09,6.14,1.354,0.942,50.094,4.03,NORMAL
3593,2026-08-01 00:59:52,TR-104,LT-006,239.21,12.666,2.967,0.979,50.054,3.14,NORMAL
3953,2026-08-01 01:05:52,TR-104,LT-006,238.74,7.195,1.599,0.931,49.996,1.94,NORMAL
9692,2026-08-01 00:08:11,TR-102,LT-002,87.24,0.258,0.009,0.414,50.176,45.64,POSSIBLE_BROKEN_LT
6248,2026-08-01 01:44:07,TR-102,LT-001,232.57,7.474,1.686,0.97,50.156,3.04,NORMAL
4154,2026-08-01 01:09:13,TR-102,LT-001,227.01,5.752,1.202,0.921,50.044,1.39,NORMAL
479,2026-08-01 00:07:58,TR-101,LT-006,242.32,12.429,2.915,0.968,50.019,1.82,NORMAL
1353,2026-08-01 00:22:32,TR-104,LT-005,232.17,5.986,1.321,0.951,50.069,0.96,NORMAL
4310,2026-08-01 01:11:49,TR-102,LT-003,228.14,11.794,2.597,0.965,50.006,1.79,NORMAL
5699,2026-08-01 01:34:58,TR-101,LT-005,229.58,6.076,1.278,0.916,50.05,2.71,NORMAL
2648,2026-08-01 00:44:07,TR-104,LT-003,224.38,8.67,1.84,0.946,49.919,2.48,NORMAL
8461,2026-08-01 00:07:40,TR-101,LT-005,170.5,14.146,2.212,0.917,50.058,12.51,WARNING
8199,2026-08-01 00:03:18,TR-103,LT-005,206.95,10.321,1.784,0.835,49.901,13.65,WARNING
7690,2026-08-01 02:08:09,TR-104,LT-004,229.22,6.973,1.55,0.97,49.949,1.67,NORMAL
9258,2026-08-01 00:00:57,TR-104,LT-002,57.89,0.089,0.001,0.218,49.92,32.35,POSSIBLE_BROKEN_LT
2590,2026-08-01 00:43:09,TR-102,LT-006,229.75,7.26,1.573,0.943,49.905,2.23,NORMAL
1034,2026-08-01 00:17:13,TR-103,LT-001,232.59,5.64,1.181,0.9,50.062,1.69,NORMAL
4687,2026-08-01 01:18:06,TR-104,LT-005,226.82,3.079,0.653,0.935,49.933,1.6,NORMAL
5012,2026-08-01 01:23:31,TR-101,LT-002,232.93,6.004,1.309,0.936,49.962,2.73,NORMAL
2599,2026-08-01 00:43:18,TR-104,LT-002,234.8,8.576,1.885,0.936,50.019,3.12,NORMAL
5820,2026-08-01 01:36:59,TR-101,LT-005,228.94,8.34,1.881,0.985,50.128,3.29,NORMAL
4609,2026-08-01 01:16:48,TR-103,LT-003,232.75,3.898,0.862,0.951,50.034,2.68,NORMAL
8471,2026-08-01 00:07:50,TR-102,LT-002,162.29,16.045,1.899,0.729,50.022,12.61,WARNING
9041,2026-08-01 00:17:20,TR-103,LT-006,203.37,13.126,2.199,0.824,49.938,10.47,WARNING
7451,2026-08-01 02:04:10,TR-101,LT-005,228.17,11.676,2.534,0.951,49.978,2.44,NORMAL
4672,2026-08-01 01:17:51,TR-104,LT-006,223.47,8.263,1.735,0.94,50.117,1.5,NORMAL
5584,2026-08-01 01:33:03,TR-102,LT-005,231.56,10.699,2.477,1.0,49.891,1.57,NORMAL
3718,2026-08-01 01:01:57,TR-102,LT-002,239.23,6.53,1.447,0.926,49.971,4.23,NORMAL
9328,2026-08-01 00:02:07,TR-102,LT-006,73.5,0.457,0.004,0.115,50.059,26.87,POSSIBLE_BROKEN_LT
3929,2026-08-01 01:05:28,TR-102,LT-006,225.28,6.778,1.455,0.953,49.999,0.76,NORMAL
3618,2026-08-01 01:00:17,TR-104,LT-006,228.86,9.806,2.05,0.913,49.93,1.45,NORMAL
1426,2026-08-01 00:23:45,TR-104,LT-004,222.13,8.046,1.61,0.901,49.966,0.56,NORMAL
9379,2026-08-01 00:02:58,TR-102,LT-003,75.17,0.28,0.014,0.648,50.067,33.86,POSSIBLE_BROKEN_LT
2920,2026-08-01 00:48:39,TR-103,LT-003,235.18,7.429,1.6,0.916,49.941,2.17,NORMAL
3820,2026-08-01 01:03:39,TR-102,LT-006,225.26,9.325,1.931,0.919,50.096,1.26,NORMAL
1872,2026-08-01 00:31:11,TR-104,LT-005,229.14,5.544,1.203,0.947,49.892,0.74,NORMAL
5488,2026-08-01 01:31:27,TR-103,LT-006,231.71,8.072,1.75,0.936,49.914,1.31,NORMAL
481,2026-08-01 00:08:00,TR-103,LT-006,229.49,7.356,1.525,0.903,49.887,2.43,NORMAL
5973,2026-08-01 01:39:32,TR-101,LT-004,232.74,8.296,1.857,0.962,50.074,2.94,NORMAL
9601,2026-08-01 00:06:40,TR-101,LT-004,62.68,0.198,0.004,0.309,49.903,43.74,POSSIBLE_BROKEN_LT
2889,2026-08-01 00:48:08,TR-102,LT-003,228.46,10.632,2.263,0.931,49.999,3.04,NORMAL
6687,2026-08-01 01:51:26,TR-101,LT-003,227.94,7.068,1.542,0.957,50.093,2.03,NORMAL
6316,2026-08-01 01:45:15,TR-101,LT-001,232.87,7.703,1.683,0.938,50.151,0.94,NORMAL
528,2026-08-01 00:08:47,TR-102,LT-003,230.19,8.424,1.78,0.918,50.021,2.04,NORMAL
4130,2026-08-01 01:08:49,TR-102,LT-001,236.62,6.952,1.588,0.965,50.011,1.04,NORMAL
723,2026-08-01 00:12:02,TR-103,LT-002,224.61,8.555,1.789,0.931,49.973,3.31,NORMAL
5121,2026-08-01 01:25:20,TR-101,LT-003,224.48,8.63,1.875,0.968,49.965,0.51,NORMAL
4723,2026-08-01 01:18:42,TR-102,LT-002,230.1,6.077,1.34,0.958,49.953,1.92,NORMAL
221,2026-08-01 00:03:40,TR-104,LT-005,239.26,4.696,1.057,0.941,50.015,0.1,NORMAL
9189,2026-08-01 00:19:48,TR-104,LT-003,190.31,8.807,1.259,0.751,50.041,5.9,WARNING
1936,2026-08-01 00:32:15,TR-104,LT-005,223.99,8.248,1.696,0.918,50.022,3.35,NORMAL
345,2026-08-01 00:05:44,TR-104,LT-003,228.12,4.02,0.844,0.92,49.998,1.77,NORMAL
8333,2026-08-01 00:05:32,TR-104,LT-005,203.72,8.106,1.29,0.781,49.996,18.35,WARNING
9675,2026-08-01 00:07:54,TR-102,LT-005,109.31,0.197,0.012,0.539,50.153,23.87,POSSIBLE_BROKEN_LT
4484,2026-08-01 01:14:43,TR-101,LT-006,232.21,10.114,2.266,0.965,49.986,2.03,NORMAL
9707,2026-08-01 00:08:26,TR-104,LT-003,85.36,0.351,0.017,0.569,49.825,37.24,POSSIBLE_BROKEN_LT
8487,2026-08-01 00:08:06,TR-104,LT-006,194.77,11.526,1.866,0.831,49.874,11.85,WARNING
9217,2026-08-01 00:00:16,TR-101,LT-005,84.22,0.275,0.003,0.129,49.941,17.87,POSSIBLE_BROKEN_LT
6904,2026-08-01 01:55:03,TR-103,LT-005,228.14,7.512,1.53,0.893,50.039,2.69,NORMAL
9155,2026-08-01 00:19:14,TR-101,LT-006,178.7,9.726,1.392,0.801,50.018,5.16,WARNING
5961,2026-08-01 01:39:20,TR-103,LT-006,226.75,6.665,1.414,0.936,50.158,3.03,NORMAL
7035,2026-08-01 01:57:14,TR-104,LT-006,236.42,6.008,1.292,0.909,50.005,2.15,NORMAL
6052,2026-08-01 01:40:51,TR-102,LT-006,234.08,6.311,1.398,0.946,50.042,2.03,NORMAL
2392,2026-08-01 00:39:51,TR-102,LT-004,226.28,10.433,2.289,0.969,49.938,2.0,NORMAL
7182,2026-08-01 01:59:41,TR-101,LT-005,228.56,4.082,0.88,0.943,49.798,2.95,NORMAL
4329,2026-08-01 01:12:08,TR-103,LT-004,236.8,7.268,1.68,0.976,49.919,3.25,NORMAL
6453,2026-08-01 01:47:32,TR-104,LT-003,225.61,7.812,1.651,0.937,50.006,1.23,NORMAL
1984,2026-08-01 00:33:03,TR-102,LT-001,233.45,8.488,1.834,0.925,49.981,3.56,NORMAL
8247,2026-08-01 00:04:06,TR-103,LT-003,170.95,4.79,0.613,0.749,50.089,20.09,WARNING
1555,2026-08-01 00:25:54,TR-102,LT-006,229.09,7.139,1.491,0.912,49.926,2.93,NORMAL
4851,2026-08-01 01:20:50,TR-101,LT-003,219.5,10.378,2.065,0.906,49.971,1.83,NORMAL
9096,2026-08-01 00:18:15,TR-102,LT-001,172.79,12.85,1.663,0.749,49.956,12.39,WARNING
9923,2026-08-01 00:12:02,TR-101,LT-006,75.48,0.518,0.021,0.525,49.924,49.68,POSSIBLE_BROKEN_LT
7533,2026-08-01 02:05:32,TR-101,LT-001,230.35,9.212,2.014,0.949,50.08,1.07,NORMAL
6854,2026-08-01 01:54:13,TR-103,LT-003,223.1,6.86,1.448,0.946,50.119,2.04,NORMAL
4642,2026-08-01 01:17:21,TR-104,LT-001,230.51,7.598,1.665,0.951,50.09,1.15,NORMAL
2882,2026-08-01 00:48:01,TR-101,LT-003,221.52,6.542,1.324,0.913,49.996,0.96,NORMAL
1678,2026-08-01 00:27:57,TR-102,LT-004,236.09,11.179,2.502,0.948,49.876,1.73,NORMAL
4886,2026-08-01 01:21:25,TR-101,LT-003,228.1,7.555,1.641,0.952,50.098,0.78,NORMAL
1965,2026-08-01 00:32:44,TR-104,LT-005,232.22,11.178,2.464,0.949,49.941,2.86,NORMAL
902,2026-08-01 00:15:01,TR-101,LT-002,228.43,8.428,1.799,0.935,49.881,0.07,NORMAL
7131,2026-08-01 01:58:50,TR-104,LT-001,229.7,7.064,1.614,0.995,49.946,4.19,NORMAL
3069,2026-08-01 00:51:08,TR-104,LT-006,230.9,10.949,2.388,0.944,49.873,0.94,NORMAL
2297,2026-08-01 00:38:16,TR-102,LT-004,231.67,3.289,0.711,0.933,49.997,1.94,NORMAL
6238,2026-08-01 01:43:57,TR-104,LT-005,230.21,7.458,1.55,0.903,50.028,1.47,NORMAL
5863,2026-08-01 01:37:42,TR-103,LT-006,228.66,6.288,1.301,0.905,50.138,3.58,NORMAL
297,2026-08-01 00:04:56,TR-102,LT-003,233.6,11.948,2.612,0.936,49.944,2.55,NORMAL
8779,2026-08-01 00:12:58,TR-101,LT-003,142.33,14.885,1.722,0.813,50.018,7.23,WARNING
58,2026-08-01 00:00:57,TR-104,LT-003,228.76,7.424,1.628,0.959,49.947,2.04,NORMAL
7243,2026-08-01 02:00:42,TR-104,LT-003,226.58,9.184,1.919,0.922,50.015,2.0,NORMAL
4386,2026-08-01 01:13:05,TR-101,LT-004,228.38,7.848,1.664,0.929,49.93,1.5,NORMAL
2985,2026-08-01 00:49:44,TR-101,LT-001,223.38,9.888,2.092,0.947,49.871,1.92,NORMAL
28,2026-08-01 00:00:27,TR-103,LT-002,231.5,8.12,1.744,0.928,49.974,1.28,NORMAL
4408,2026-08-01 01:13:27,TR-101,LT-006,228.46,6.334,1.324,0.915,49.862,1.67,NORMAL
9878,2026-08-01 00:11:17,TR-101,LT-006,96.98,0.335,0.009,0.28,50.015,19.23,POSSIBLE_BROKEN_LT
2677,2026-08-01 00:44:36,TR-102,LT-001,231.4,10.205,2.16,0.915,50.007,3.74,NORMAL
8546,2026-08-01 00:09:05,TR-103,LT-006,192.74,11.118,1.888,0.881,50.067,15.69,WARNING
5263,2026-08-01 01:27:42,TR-102,LT-002,231.09,7.359,1.575,0.926,50.011,2.9,NORMAL
5842,2026-08-01 01:37:21,TR-104,LT-005,225.21,8.203,1.646,0.891,49.942,1.35,NORMAL
7022,2026-08-01 01:57:01,TR-104,LT-004,223.5,8.269,1.638,0.886,50.021,0.27,NORMAL
3249,2026-08-01 00:54:08,TR-104,LT-002,230.92,10.475,2.215,0.916,50.043,2.36,NORMAL
5668,2026-08-01 01:34:27,TR-103,LT-004,232.87,11.093,2.414,0.934,49.977,0.87,NORMAL
3885,2026-08-01 01:04:44,TR-101,LT-002,229.74,8.081,1.731,0.933,50.016,2.8,NORMAL
7664,2026-08-01 02:07:43,TR-103,LT-006,232.65,8.233,1.788,0.934,49.967,2.96,NORMAL
296,2026-08-01 00:04:55,TR-101,LT-004,227.23,10.055,2.231,0.976,49.971,2.62,NORMAL
3162,2026-08-01 00:52:41,TR-102,LT-005,231.82,6.055,1.331,0.948,49.994,1.34,NORMAL
2581,2026-08-01 00:43:00,TR-102,LT-002,231.49,5.823,1.285,0.953,49.916,3.11,NORMAL
3871,2026-08-01 01:04:30,TR-101,LT-003,224.44,11.351,2.417,0.949,50.092,1.92,NORMAL
9211,2026-08-01 00:00:10,TR-104,LT-005,76.04,0.34,0.016,0.633,50.006,33.56,POSSIBLE_BROKEN_LT
4405,2026-08-01 01:13:24,TR-101,LT-002,229.5,3.454,0.724,0.914,49.952,1.6,NORMAL
6953,2026-08-01 01:55:52,TR-104,LT-006,224.14,9.401,2.02,0.958,50.001,1.69,NORMAL
649,2026-08-01 00:10:48,TR-102,LT-006,229.08,8.494,1.849,0.95,50.006,1.67,NORMAL
1371,2026-08-01 00:22:50,TR-102,LT-004,229.31,4.988,1.063,0.929,49.876,1.59,NORMAL
9856,2026-08-01 00:10:55,TR-104,LT-005,68.67,0.294,0.006,0.318,50.031,20.88,POSSIBLE_BROKEN_LT
6993,2026-08-01 01:56:32,TR-104,LT-003,233.78,8.425,1.827,0.928,50.016,1.89,NORMAL
5533,2026-08-01 01:32:12,TR-101,LT-006,235.26,11.419,2.541,0.946,49.959,2.68,NORMAL
9621,2026-08-01 00:07:00,TR-104,LT-002,79.66,0.488,0.026,0.671,50.083,42.63,POSSIBLE_BROKEN_LT
5709,2026-08-01 01:35:08,TR-101,LT-006,226.91,5.647,1.159,0.905,49.975,1.75,NORMAL
4210,2026-08-01 01:10:09,TR-103,LT-005,225.5,5.825,1.184,0.902,50.064,2.29,NORMAL
682,2026-08-01 00:11:21,TR-104,LT-001,225.48,8.205,1.731,0.935,50.065,1.8,NORMAL
435,2026-08-01 00:07:14,TR-102,LT-001,236.01,7.424,1.58,0.902,50.063,2.38,NORMAL
9310,2026-08-01 00:01:49,TR-104,LT-003,69.71,0.044,0.001,0.445,50.012,37.78,POSSIBLE_BROKEN_LT
4825,2026-08-01 01:20:24,TR-103,LT-003,229.75,6.909,1.495,0.942,49.959,1.5,NORMAL
9762,2026-08-01 00:09:21,TR-103,LT-005,75.47,0.254,0.009,0.467,49.81,46.99,POSSIBLE_BROKEN_LT
3160,2026-08-01 00:52:39,TR-104,LT-002,231.25,11.611,2.443,0.91,50.019,1.66,NORMAL
1490,2026-08-01 00:24:49,TR-104,LT-005,235.05,8.538,1.89,0.942,50.034,3.33,NORMAL
2988,2026-08-01 00:49:47,TR-104,LT-001,230.37,7.643,1.679,0.954,49.904,3.71,NORMAL
813,2026-08-01 00:13:32,TR-103,LT-006,235.79,8.17,1.839,0.955,49.964,0.47,NORMAL
1883,2026-08-01 00:31:22,TR-103,LT-004,225.06,5.602,1.197,0.949,50.095,2.1,NORMAL
9268,2026-08-01 00:01:07,TR-103,LT-004,69.19,0.364,0.012,0.494,50.026,44.15,POSSIBLE_BROKEN_LT
4937,2026-08-01 01:22:16,TR-103,LT-005,230.01,9.931,2.129,0.932,50.104,1.52,NORMAL
9936,2026-08-01 00:12:15,TR-102,LT-003,78.84,0.245,0.005,0.281,49.917,26.04,POSSIBLE_BROKEN_LT
1941,2026-08-01 00:32:20,TR-101,LT-003,231.23,6.865,1.525,0.961,49.95,1.82,NORMAL
3297,2026-08-01 00:54:56,TR-103,LT-005,236.71,6.393,1.44,0.952,49.895,0.89,NORMAL
3535,2026-08-01 00:58:54,TR-104,LT-001,238.38,9.943,2.165,0.914,49.988,3.71,NORMAL
4526,2026-08-01 01:15:25,TR-104,LT-005,234.58,9.307,1.979,0.907,50.041,1.72,NORMAL
3730,2026-08-01 01:02:09,TR-102,LT-001,220.74,9.064,1.904,0.952,49.98,2.74,NORMAL
7016,2026-08-01 01:56:55,TR-103,LT-001,231.62,9.892,2.074,0.905,49.983,2.05,NORMAL
1613,2026-08-01 00:26:52,TR-104,LT-002,233.53,7.002,1.566,0.958,50.074,2.36,NORMAL
1182,2026-08-01 00:19:41,TR-103,LT-006,235.57,7.223,1.586,0.932,49.941,2.7,NORMAL
1376,2026-08-01 00:22:55,TR-104,LT-005,229.16,5.949,1.292,0.948,50.04,2.23,NORMAL
9225,2026-08-01 00:00:24,TR-104,LT-005,80.08,0.491,0.008,0.212,50.028,29.17,POSSIBLE_BROKEN_LT
3947,2026-08-01 01:05:46,TR-104,LT-002,232.15,9.155,1.984,0.933,49.91,0.57,NORMAL
7211,2026-08-01 02:00:10,TR-102,LT-001,239.47,9.873,2.229,0.943,50.102,0.0,NORMAL
5212,2026-08-01 01:26:51,TR-102,LT-003,225.69,8.076,1.639,0.899,50.022,3.45,NORMAL
64,2026-08-01 00:01:03,TR-103,LT-001,225.22,9.991,2.002,0.89,50.098,3.18,NORMAL
627,2026-08-01 00:10:26,TR-103,LT-002,226.04,7.321,1.496,0.904,49.87,2.43,NORMAL
4422,2026-08-01 01:13:41,TR-102,LT-003,225.66,4.918,1.054,0.95,49.894,2.2,NORMAL
1670,2026-08-01 00:27:49,TR-102,LT-006,232.19,8.538,1.876,0.946,49.901,3.43,NORMAL
2113,2026-08-01 00:35:12,TR-104,LT-002,230.16,6.657,1.454,0.949,49.932,2.73,NORMAL
5805,2026-08-01 01:36:44,TR-102,LT-006,234.71,9.493,2.051,0.92,50.016,3.26,NORMAL
9764,2026-08-01 00:09:23,TR-103,LT-005,81.3,0.47,0.015,0.396,50.159,47.05,POSSIBLE_BROKEN_LT
4033,2026-08-01 01:07:12,TR-104,LT-001,225.4,7.751,1.585,0.907,49.984,2.64,NORMAL
6546,2026-08-01 01:49:05,TR-102,LT-001,228.52,4.911,1.042,0.928,49.902,2.7,NORMAL
7949,2026-08-01 02:12:28,TR-104,LT-001,233.9,6.135,1.377,0.96,49.879,2.9,NORMAL
85,2026-08-01 00:01:24,TR-101,LT-005,226.77,5.082,1.06,0.92,49.969,2.66,NORMAL
9181,2026-08-01 00:19:40,TR-104,LT-001,181.41,10.392,1.607,0.853,50.007,11.43,WARNING
1463,2026-08-01 00:24:22,TR-102,LT-003,229.16,7.808,1.648,0.921,49.938,1.68,NORMAL
2284,2026-08-01 00:38:03,TR-101,LT-005,226.08,8.467,1.848,0.965,50.023,2.64,NORMAL
2888,2026-08-01 00:48:07,TR-103,LT-003,235.55,6.311,1.35,0.908,49.989,1.87,NORMAL
5835,2026-08-01 01:37:14,TR-103,LT-003,230.74,5.584,1.191,0.924,49.999,3.26,NORMAL
685,2026-08-01 00:11:24,TR-102,LT-005,225.11,9.743,2.193,1.0,50.075,3.09,NORMAL
4470,2026-08-01 01:14:29,TR-103,LT-003,231.55,9.535,2.068,0.936,50.082,2.92,NORMAL
419,2026-08-01 00:06:58,TR-102,LT-004,234.72,6.9,1.463,0.904,49.996,1.43,NORMAL
5229,2026-08-01 01:27:08,TR-103,LT-002,232.4,6.827,1.445,0.911,49.984,1.09,NORMAL
4254,2026-08-01 01:10:53,TR-101,LT-002,225.63,9.712,2.089,0.954,49.943,2.44,NORMAL
2710,2026-08-01 00:45:09,TR-102,LT-004,236.25,6.891,1.562,0.959,49.915,3.34,NORMAL
2358,2026-08-01 00:39:17,TR-103,LT-006,230.57,4.018,0.851,0.918,49.86,2.44,NORMAL
8060,2026-08-01 00:00:59,TR-102,LT-002,181.81,9.871,1.36,0.758,49.893,13.87,WARNING
1367,2026-08-01 00:22:46,TR-104,LT-006,229.89,7.354,1.573,0.931,49.929,1.87,NORMAL
6278,2026-08-01 01:44:37,TR-103,LT-006,229.27,5.846,1.302,0.971,50.022,1.43,NORMAL
3917,2026-08-01 01:05:16,TR-101,LT-004,229.65,9.548,2.132,0.972,49.964,2.98,NORMAL
294,2026-08-01 00:04:53,TR-101,LT-003,233.4,12.381,2.791,0.966,49.964,1.32,NORMAL
2640,2026-08-01 00:43:59,TR-104,LT-004,231.59,7.944,1.819,0.988,49.924,2.11,NORMAL
9459,2026-08-01 00:04:18,TR-102,LT-002,20.73,0.636,0.007,0.553,50.052,12.72,POSSIBLE_BROKEN_LT
1507,2026-08-01 00:25:06,TR-102,LT-006,232.79,7.758,1.709,0.947,49.948,0.19,NORMAL
9038,2026-08-01 00:17:17,TR-103,LT-002,211.12,9.989,1.707,0.809,50.142,11.85,WARNING
7394,2026-08-01 02:03:13,TR-104,LT-004,228.62,7.297,1.564,0.938,49.889,1.59,NORMAL
1635,2026-08-01 00:27:14,TR-103,LT-002,228.66,7.864,1.681,0.935,49.962,1.26,NORMAL
2458,2026-08-01 00:40:57,TR-103,LT-003,230.96,13.265,2.826,0.922,49.941,2.83,NORMAL
9892,2026-08-01 00:11:31,TR-102,LT-005,58.45,0.3,0.007,0.408,49.995,47.49,POSSIBLE_BROKEN_LT
5559,2026-08-01 01:32:38,TR-103,LT-004,229.88,9.284,1.921,0.9,50.005,0.71,NORMAL
9752,2026-08-01 00:09:11,TR-102,LT-006,102.1,0.409,0.009,0.221,49.972,35.7,POSSIBLE_BROKEN_LT
2301,2026-08-01 00:38:20,TR-101,LT-002,234.21,11.815,2.628,0.95,49.943,2.6,NORMAL
4538,2026-08-01 01:15:37,TR-103,LT-005,228.79,8.649,1.832,0.926,49.919,1.42,NORMAL
2939,2026-08-01 00:48:58,TR-102,LT-005,223.44,3.015,0.655,0.972,50.088,2.14,NORMAL
1564,2026-08-01 00:26:03,TR-103,LT-004,233.54,10.781,2.518,1.0,50.051,1.8,NORMAL
5690,2026-08-01 01:34:49,TR-102,LT-003,229.33,9.608,1.948,0.884,50.039,2.47,NORMAL
8659,2026-08-01 00:10:58,TR-102,LT-004,177.81,10.074,1.436,0.802,50.149,12.8,WARNING
7518,2026-08-01 02:05:17,TR-102,LT-005,229.01,9.374,2.063,0.961,50.049,1.12,NORMAL
1980,2026-08-01 00:32:59,TR-103,LT-001,231.63,4.48,1.003,0.967,49.975,1.89,NORMAL
1884,2026-08-01 00:31:23,TR-104,LT-006,227.63,8.895,1.926,0.951,50.002,2.77,NORMAL
3804,2026-08-01 01:03:23,TR-103,LT-004,230.64,7.113,1.54,0.939,50.045,0.87,NORMAL
439,2026-08-01 00:07:18,TR-104,LT-002,223.19,7.952,1.659,0.935,49.959,2.01,NORMAL
4636,2026-08-01 01:17:15,TR-101,LT-004,218.34,10.774,2.236,0.95,49.956,0.92,NORMAL
4529,2026-08-01 01:15:28,TR-102,LT-004,229.79,9.504,2.061,0.944,50.142,1.12,NORMAL
4333,2026-08-01 01:12:12,TR-101,LT-001,233.02,9.013,1.927,0.918,50.005,0.73,NORMAL
3574,2026-08-01 00:59:33,TR-103,LT-001,230.78,8.043,1.766,0.952,50.105,2.23,NORMAL
8742,2026-08-01 00:12:21,TR-104,LT-006,217.57,6.647,1.133,0.784,50.096,10.05,WARNING
8912,2026-08-01 00:15:11,TR-103,LT-006,168.2,5.494,0.856,0.927,49.956,10.08,WARNING
4818,2026-08-01 01:20:17,TR-101,LT-006,226.5,9.095,1.979,0.961,50.027,0.88,NORMAL
6436,2026-08-01 01:47:15,TR-103,LT-006,228.7,12.264,2.654,0.946,50.048,1.6,NORMAL
2987,2026-08-01 00:49:46,TR-103,LT-003,229.51,11.331,2.453,0.943,49.932,1.71,NORMAL
7839,2026-08-01 02:10:38,TR-103,LT-006,228.9,9.476,2.066,0.953,50.019,2.78,NORMAL
705,2026-08-01 00:11:44,TR-101,LT-002,223.77,11.489,2.36,0.918,49.963,2.47,NORMAL
2281,2026-08-01 00:38:00,TR-101,LT-001,223.1,8.691,1.71,0.882,50.114,3.08,NORMAL
8735,2026-08-01 00:12:14,TR-102,LT-005,186.28,11.131,1.943,0.937,50.012,12.97,WARNING
4148,2026-08-01 01:09:07,TR-102,LT-004,229.62,9.629,2.014,0.911,50.062,2.44,NORMAL
5413,2026-08-01 01:30:12,TR-101,LT-005,226.94,9.135,2.033,0.981,50.036,3.81,NORMAL
374,2026-08-01 00:06:13,TR-102,LT-006,233.84,3.119,0.706,0.969,49.921,1.99,NORMAL
6406,2026-08-01 01:46:45,TR-104,LT-001,235.35,9.415,2.04,0.921,49.968,2.97,NORMAL
9224,2026-08-01 00:00:23,TR-101,LT-004,57.52,0.316,0.009,0.517,49.917,67.48,POSSIBLE_BROKEN_LT
2586,2026-08-01 00:43:05,TR-103,LT-006,227.5,5.465,1.134,0.912,49.868,1.84,NORMAL
1333,2026-08-01 00:22:12,TR-102,LT-001,229.15,6.851,1.48,0.943,50.009,1.67,NORMAL
9573,2026-08-01 00:06:12,TR-104,LT-002,68.3,0.339,0.013,0.583,50.091,28.93,POSSIBLE_BROKEN_LT
5283,2026-08-01 01:28:02,TR-104,LT-003,234.11,8.243,1.741,0.902,50.072,3.72,NORMAL
9132,2026-08-01 00:18:51,TR-101,LT-003,202.18,11.224,1.922,0.847,49.994,9.96,WARNING
8316,2026-08-01 00:05:15,TR-101,LT-002,171.48,8.83,1.131,0.747,50.005,17.09,WARNING
9810,2026-08-01 00:10:09,TR-101,LT-002,80.48,0.222,0.003,0.178,50.139,20.23,POSSIBLE_BROKEN_LT
1785,2026-08-01 00:29:44,TR-101,LT-005,230.33,4.905,1.051,0.93,50.032,1.41,NORMAL
3183,2026-08-01 00:53:02,TR-101,LT-003,225.59,9.528,2.096,0.975,50.032,1.18,NORMAL
495,2026-08-01 00:08:14,TR-103,LT-006,236.09,6.025,1.345,0.945,50.006,0.08,NORMAL
7364,2026-08-01 02:02:43,TR-104,LT-006,227.78,9.933,2.006,0.887,49.984,1.32,NORMAL
2861,2026-08-01 00:47:40,TR-102,LT-002,227.88,7.701,1.648,0.939,49.979,1.14,NORMAL
7930,2026-08-01 02:12:09,TR-102,LT-006,224.06,6.782,1.426,0.938,49.91,2.11,NORMAL
4042,2026-08-01 01:07:21,TR-103,LT-006,233.06,7.797,1.705,0.938,50.045,2.03,NORMAL
7179,2026-08-01 01:59:38,TR-102,LT-005,228.34,7.198,1.534,0.933,50.057,2.84,NORMAL
2898,2026-08-01 00:48:17,TR-102,LT-005,236.9,6.624,1.468,0.935,49.98,1.56,NORMAL
367,2026-08-01 00:06:06,TR-102,LT-006,230.9,9.137,2.037,0.965,49.931,0.39,NORMAL
850,2026-08-01 00:14:09,TR-104,LT-006,227.88,9.338,2.039,0.958,50.04,1.99,NORMAL
7441,2026-08-01 02:04:00,TR-101,LT-005,237.06,8.441,1.938,0.968,50.087,1.33,NORMAL
9455,2026-08-01 00:04:14,TR-104,LT-004,65.4,0.649,0.013,0.314,49.981,28.69,POSSIBLE_BROKEN_LT
4302,2026-08-01 01:11:41,TR-102,LT-004,224.54,7.846,1.689,0.959,49.961,2.14,NORMAL
2654,2026-08-01 00:44:13,TR-101,LT-006,234.12,4.669,1.047,0.957,50.052,2.74,NORMAL
3504,2026-08-01 00:58:23,TR-104,LT-001,230.2,10.519,2.321,0.959,50.019,3.29,NORMAL
1542,2026-08-01 00:25:41,TR-101,LT-001,237.09,6.852,1.5,0.923,49.944,0.73,NORMAL
4166,2026-08-01 01:09:25,TR-103,LT-002,233.18,9.325,2.005,0.922,49.948,1.64,NORMAL
8867,2026-08-01 00:14:26,TR-103,LT-001,188.31,11.787,1.922,0.866,50.001,12.95,WARNING
323,2026-08-01 00:05:22,TR-104,LT-003,226.73,11.615,2.478,0.941,49.851,2.65,NORMAL
2032,2026-08-01 00:33:51,TR-104,LT-003,226.11,9.891,2.005,0.896,49.891,3.5,NORMAL
814,2026-08-01 00:13:33,TR-101,LT-006,230.79,9.371,1.979,0.915,49.946,1.99,NORMAL
8940,2026-08-01 00:15:39,TR-104,LT-002,197.37,12.417,1.967,0.803,50.027,8.69,WARNING
9376,2026-08-01 00:02:55,TR-103,LT-003,59.23,0.059,0.002,0.473,49.916,39.83,POSSIBLE_BROKEN_LT
1080,2026-08-01 00:17:59,TR-104,LT-001,233.4,4.633,1.033,0.955,50.083,2.91,NORMAL
2227,2026-08-01 00:37:06,TR-101,LT-006,235.68,6.675,1.449,0.921,49.96,2.88,NORMAL
9137,2026-08-01 00:18:56,TR-103,LT-004,185.93,13.145,1.721,0.704,49.986,14.67,WARNING
9532,2026-08-01 00:05:31,TR-103,LT-004,75.42,0.38,0.013,0.455,49.89,33.22,POSSIBLE_BROKEN_LT
2706,2026-08-01 00:45:05,TR-103,LT-006,234.18,6.587,1.501,0.973,49.919,1.27,NORMAL
6825,2026-08-01 01:53:44,TR-103,LT-001,233.0,10.713,2.208,0.885,49.808,1.18,NORMAL
7557,2026-08-01 02:05:56,TR-102,LT-002,235.26,9.433,2.047,0.923,49.94,2.11,NORMAL
1165,2026-08-01 00:19:24,TR-103,LT-001,234.09,9.878,2.142,0.926,49.946,1.47,NORMAL
3262,2026-08-01 00:54:21,TR-101,LT-006,230.18,6.853,1.475,0.935,50.06,2.33,NORMAL
4688,2026-08-01 01:18:07,TR-104,LT-003,226.2,7.72,1.601,0.917,50.133,3.16,NORMAL
1451,2026-08-01 00:24:10,TR-101,LT-006,231.24,7.653,1.662,0.939,49.992,0.83,NORMAL
3863,2026-08-01 01:04:22,TR-102,LT-006,229.97,9.246,2.037,0.958,50.037,2.28,NORMAL
6104,2026-08-01 01:41:43,TR-102,LT-001,231.4,7.153,1.524,0.921,49.948,2.52,NORMAL
9216,2026-08-01 00:00:15,TR-101,LT-005,77.25,0.426,0.011,0.347,49.986,33.82,POSSIBLE_BROKEN_LT
7121,2026-08-01 01:58:40,TR-102,LT-004,228.26,5.94,1.227,0.905,50.023,3.85,NORMAL
6399,2026-08-01 01:46:38,TR-101,LT-003,233.52,8.523,1.849,0.929,50.093,0.44,NORMAL
9589,2026-08-01 00:06:28,TR-102,LT-002,81.86,0.446,0.027,0.726,49.895,29.22,POSSIBLE_BROKEN_LT
6215,2026-08-01 01:43:34,TR-103,LT-001,226.43,9.431,2.035,0.953,49.905,3.3,NORMAL
9646,2026-08-01 00:07:25,TR-104,LT-006,66.41,0.483,0.014,0.441,49.967,34.43,POSSIBLE_BROKEN_LT
5337,2026-08-01 01:28:56,TR-101,LT-004,227.95,7.616,1.623,0.935,49.995,2.94,NORMAL
4057,2026-08-01 01:07:36,TR-104,LT-006,235.85,5.258,1.19,0.96,49.98,3.47,NORMAL
9512,2026-08-01 00:05:11,TR-104,LT-001,69.65,0.583,0.02,0.484,49.941,5.87,POSSIBLE_BROKEN_LT
3000,2026-08-01 00:49:59,TR-102,LT-004,229.38,7.43,1.598,0.938,50.162,1.39,NORMAL
9025,2026-08-01 00:17:04,TR-101,LT-001,171.0,15.004,2.25,0.877,49.976,16.68,WARNING
1232,2026-08-01 00:20:31,TR-104,LT-004,224.52,9.307,2.033,0.973,49.942,1.98,NORMAL
1515,2026-08-01 00:25:14,TR-101,LT-004,229.67,8.415,1.767,0.914,50.054,3.5,NORMAL
2314,2026-08-01 00:38:33,TR-103,LT-002,231.99,9.622,2.115,0.947,49.941,1.72,NORMAL
1452,2026-08-01 00:24:11,TR-101,LT-005,236.81,8.832,2.006,0.959,50.045,2.88,NORMAL
5268,2026-08-01 01:27:47,TR-103,LT-001,227.81,9.536,2.083,0.959,50.115,1.31,NORMAL
6132,2026-08-01 01:42:11,TR-104,LT-002,227.81,9.449,1.955,0.908,50.03,2.25,NORMAL
8532,2026-08-01 00:08:51,TR-103,LT-001,154.36,11.096,1.365,0.797,49.973,15.2,WARNING
6465,2026-08-01 01:47:44,TR-104,LT-005,225.17,11.645,2.597,0.991,50.049,1.94,NORMAL
839,2026-08-01 00:13:58,TR-101,LT-005,233.94,10.84,2.392,0.943,49.991,1.25,NORMAL
9916,2026-08-01 00:11:55,TR-101,LT-004,76.82,0.756,0.022,0.385,50.037,31.78,POSSIBLE_BROKEN_LT
8262,2026-08-01 00:04:21,TR-103,LT-003,191.75,8.189,1.368,0.871,50.073,19.7,WARNING
6415,2026-08-01 01:46:54,TR-103,LT-001,231.46,7.111,1.622,0.985,49.995,1.98,NORMAL
8505,2026-08-01 00:08:24,TR-102,LT-003,183.23,7.422,1.134,0.834,49.853,16.76,WARNING
3568,2026-08-01 00:59:27,TR-102,LT-001,234.3,7.504,1.649,0.938,50.084,2.78,NORMAL
9265,2026-08-01 00:01:04,TR-102,LT-006,62.69,0.231,0.008,0.566,49.992,46.27,POSSIBLE_BROKEN_LT
3088,2026-08-01 00:51:27,TR-102,LT-002,234.88,7.914,1.768,0.951,49.986,2.33,NORMAL
8644,2026-08-01 00:10:43,TR-101,LT-006,168.49,14.293,1.912,0.794,49.962,14.28,WARNING
1715,2026-08-01 00:28:34,TR-102,LT-002,227.86,8.909,1.892,0.932,50.004,1.97,NORMAL
340,2026-08-01 00:05:39,TR-102,LT-002,227.75,7.657,1.6,0.917,50.114,0.44,NORMAL
9564,2026-08-01 00:06:03,TR-103,LT-006,79.31,0.167,0.003,0.236,50.098,27.66,POSSIBLE_BROKEN_LT
5943,2026-08-01 01:39:02,TR-101,LT-001,230.0,2.092,0.447,0.929,49.99,0.15,NORMAL
9870,2026-08-01 00:11:09,TR-101,LT-006,46.02,0.619,0.013,0.444,49.965,12.19,POSSIBLE_BROKEN_LT
8103,2026-08-01 00:01:42,TR-102,LT-002,186.66,11.668,1.672,0.768,50.061,12.28,WARNING
8489,2026-08-01 00:08:08,TR-102,LT-004,191.32,10.825,1.754,0.847,49.927,10.93,WARNING
589,2026-08-01 00:09:48,TR-101,LT-005,233.32,6.601,1.505,0.977,50.005,1.21,NORMAL
3366,2026-08-01 00:56:05,TR-104,LT-002,237.81,9.298,2.075,0.938,49.998,0.61,NORMAL
2671,2026-08-01 00:44:30,TR-103,LT-004,227.21,9.559,2.082,0.958,50.001,1.29,NORMAL
3590,2026-08-01 00:59:49,TR-103,LT-006,228.42,6.064,1.295,0.935,50.126,0.19,NORMAL
35,2026-08-01 00:00:34,TR-103,LT-003,233.29,7.347,1.587,0.926,49.966,2.09,NORMAL
29,2026-08-01 00:00:28,TR-101,LT-002,227.6,4.75,1.061,0.982,49.84,3.1,NORMAL
8554,2026-08-01 00:09:13,TR-101,LT-006,225.0,13.411,2.578,0.854,49.944,6.96,WARNING
8118,2026-08-01 00:01:57,TR-102,LT-001,196.65,10.462,1.706,0.829,49.972,8.07,WARNING
2171,2026-08-01 00:36:10,TR-102,LT-005,233.95,11.54,2.57,0.952,49.969,2.16,NORMAL
8378,2026-08-01 00:06:17,TR-101,LT-004,191.61,7.91,1.382,0.912,49.953,3.76,WARNING
5621,2026-08-01 01:33:40,TR-101,LT-005,228.72,10.876,2.488,1.0,49.937,1.68,NORMAL
890,2026-08-01 00:14:49,TR-102,LT-002,234.43,7.473,1.688,0.964,49.749,0.92,NORMAL
6490,2026-08-01 01:48:09,TR-103,LT-002,235.28,4.097,0.932,0.967,49.879,0.55,NORMAL
3323,2026-08-01 00:55:22,TR-104,LT-004,223.8,8.285,1.839,0.992,50.118,1.44,NORMAL
9397,2026-08-01 00:03:16,TR-101,LT-006,63.41,0.506,0.004,0.122,50.099,35.22,POSSIBLE_BROKEN_LT
3515,2026-08-01 00:58:34,TR-103,LT-005,231.74,7.92,1.757,0.957,49.989,2.18,NORMAL
4421,2026-08-01 01:13:40,TR-102,LT-005,235.48,6.09,1.311,0.914,49.977,2.02,NORMAL
8352,2026-08-01 00:05:51,TR-103,LT-001,157.92,13.084,1.804,0.873,49.982,11.65,WARNING
5362,2026-08-01 01:29:21,TR-101,LT-005,230.46,5.507,1.176,0.926,49.895,2.81,NORMAL
3734,2026-08-01 01:02:13,TR-101,LT-005,230.58,7.615,1.625,0.925,49.824,2.79,NORMAL
9464,2026-08-01 00:04:23,TR-104,LT-001,84.3,0.318,0.004,0.135,49.98,33.15,POSSIBLE_BROKEN_LT
7082,2026-08-01 01:58:01,TR-104,LT-002,234.97,7.861,1.806,0.978,50.028,3.27,NORMAL
1655,2026-08-01 00:27:34,TR-102,LT-005,231.35,8.841,2.001,0.978,50.08,1.86,NORMAL
5033,2026-08-01 01:23:52,TR-104,LT-005,232.92,8.333,1.869,0.963,50.038,2.58,NORMAL
224,2026-08-01 00:03:43,TR-103,LT-001,223.55,8.899,1.899,0.955,50.009,2.51,NORMAL
8626,2026-08-01 00:10:25,TR-103,LT-001,179.12,7.184,1.144,0.889,49.886,10.22,WARNING
6195,2026-08-01 01:43:14,TR-102,LT-005,219.15,5.74,1.165,0.927,49.897,2.35,NORMAL
1591,2026-08-01 00:26:30,TR-104,LT-001,225.71,9.753,2.13,0.968,50.122,2.04,NORMAL
5983,2026-08-01 01:39:42,TR-103,LT-003,237.97,8.805,1.943,0.927,50.054,1.05,NORMAL
3257,2026-08-01 00:54:16,TR-103,LT-004,226.48,2.541,0.539,0.937,50.021,1.36,NORMAL
6681,2026-08-01 01:51:20,TR-103,LT-006,228.74,6.614,1.387,0.917,50.007,0.99,NORMAL
4771,2026-08-01 01:19:30,TR-103,LT-001,230.06,10.596,2.375,0.974,50.012,3.6,NORMAL
2182,2026-08-01 00:36:21,TR-101,LT-002,228.57,8.448,1.875,0.971,49.945,3.01,NORMAL
6804,2026-08-01 01:53:23,TR-102,LT-004,236.69,8.082,1.759,0.92,49.872,1.97,NORMAL
4914,2026-08-01 01:21:53,TR-102,LT-005,230.63,13.685,2.973,0.942,49.777,4.02,NORMAL
6787,2026-08-01 01:53:06,TR-102,LT-002,233.91,8.422,1.84,0.934,50.076,2.68,NORMAL
4790,2026-08-01 01:19:49,TR-104,LT-001,229.32,9.951,2.132,0.935,50.036,0.53,NORMAL
1210,2026-08-01 00:20:09,TR-103,LT-005,237.0,9.773,2.173,0.938,50.024,2.3,NORMAL
422,2026-08-01 00:07:01,TR-102,LT-005,237.02,9.887,2.268,0.968,49.913,2.51,NORMAL
8741,2026-08-01 00:12:20,TR-103,LT-004,187.9,13.83,2.155,0.829,50.147,5.13,WARNING
1707,2026-08-01 00:28:26,TR-103,LT-001,232.69,11.116,2.453,0.948,49.991,0.7,NORMAL
1159,2026-08-01 00:19:18,TR-102,LT-002,233.93,10.796,2.365,0.937,50.042,2.34,NORMAL
2307,2026-08-01 00:38:26,TR-101,LT-006,232.43,8.029,1.721,0.922,49.831,1.52,NORMAL
274,2026-08-01 00:04:33,TR-102,LT-005,230.04,7.223,1.506,0.907,50.048,0.82,NORMAL
172,2026-08-01 00:02:51,TR-102,LT-001,226.74,10.528,2.274,0.953,50.091,3.03,NORMAL
3957,2026-08-01 01:05:56,TR-103,LT-005,229.63,10.77,2.254,0.912,50.007,3.31,NORMAL
6697,2026-08-01 01:51:36,TR-102,LT-004,233.99,8.555,1.817,0.908,49.94,1.67,NORMAL
3189,2026-08-01 00:53:08,TR-102,LT-005,233.57,9.651,2.09,0.927,49.978,3.1,NORMAL
8133,2026-08-01 00:02:12,TR-102,LT-002,201.69,14.298,2.719,0.943,50.044,13.13,WARNING
4809,2026-08-01 01:20:08,TR-104,LT-001,235.71,7.223,1.629,0.957,50.127,1.8,NORMAL
8084,2026-08-01 00:01:23,TR-104,LT-006,164.72,12.225,1.678,0.833,50.14,7.0,WARNING
1565,2026-08-01 00:26:04,TR-104,LT-003,232.95,8.94,1.937,0.93,50.019,3.37,NORMAL
1783,2026-08-01 00:29:42,TR-102,LT-006,223.98,5.78,1.172,0.905,50.104,0.79,NORMAL
844,2026-08-01 00:14:03,TR-102,LT-003,231.53,7.426,1.621,0.943,49.878,3.31,NORMAL
9346,2026-08-01 00:02:25,TR-102,LT-005,55.29,0.398,0.007,0.315,49.919,19.04,POSSIBLE_BROKEN_LT
4462,2026-08-01 01:14:21,TR-103,LT-005,237.4,12.368,2.603,0.887,50.133,1.72,NORMAL
905,2026-08-01 00:15:04,TR-103,LT-004,230.76,7.152,1.53,0.927,50.111,2.15,NORMAL
5912,2026-08-01 01:38:31,TR-103,LT-001,229.65,10.834,2.328,0.936,50.142,1.73,NORMAL
9951,2026-08-01 00:12:30,TR-101,LT-005,94.48,0.183,0.011,0.661,49.983,39.12,POSSIBLE_BROKEN_LT
9298,2026-08-01 00:01:37,TR-101,LT-003,60.36,0.432,0.009,0.338,49.93,22.13,POSSIBLE_BROKEN_LT
1548,2026-08-01 00:25:47,TR-103,LT-006,231.21,9.492,2.071,0.943,50.048,2.05,NORMAL
2081,2026-08-01 00:34:40,TR-104,LT-005,230.0,11.697,2.538,0.943,49.837,1.02,NORMAL
9882,2026-08-01 00:11:21,TR-101,LT-001,83.57,0.259,0.007,0.318,50.104,37.03,POSSIBLE_BROKEN_LT
3986,2026-08-01 01:06:25,TR-101,LT-003,221.67,9.441,1.919,0.917,49.939,4.22,NORMAL
6390,2026-08-01 01:46:29,TR-104,LT-006,233.02,6.747,1.455,0.925,50.126,2.18,NORMAL
7580,2026-08-01 02:06:19,TR-102,LT-003,224.28,6.783,1.445,0.95,50.034,2.02,NORMAL
9246,2026-08-01 00:00:45,TR-103,LT-006,80.09,0.647,0.028,0.534,50.007,36.65,POSSIBLE_BROKEN_LT
6568,2026-08-01 01:49:27,TR-101,LT-005,229.23,8.882,2.036,1.0,50.113,0.63,NORMAL
8207,2026-08-01 00:03:26,TR-104,LT-001,134.36,9.555,1.034,0.806,49.974,18.34,WARNING
3821,2026-08-01 01:03:40,TR-101,LT-002,228.4,6.908,1.447,0.917,49.957,0.7,NORMAL
2647,2026-08-01 00:44:06,TR-103,LT-004,228.52,11.927,2.555,0.937,50.016,1.85,NORMAL
4455,2026-08-01 01:14:14,TR-104,LT-005,235.07,7.151,1.602,0.953,49.907,0.04,NORMAL
7160,2026-08-01 01:59:19,TR-104,LT-002,228.39,8.782,1.872,0.933,49.89,3.56,NORMAL
8222,2026-08-01 00:03:41,TR-102,LT-005,197.97,13.328,2.087,0.791,49.955,16.71,WARNING
8597,2026-08-01 00:09:56,TR-101,LT-001,167.54,7.555,1.014,0.801,50.126,3.82,WARNING
9590,2026-08-01 00:06:29,TR-101,LT-004,87.84,0.495,0.011,0.257,50.147,54.0,POSSIBLE_BROKEN_LT
6072,2026-08-01 01:41:11,TR-103,LT-003,223.97,7.58,1.572,0.926,49.952,1.82,NORMAL
2156,2026-08-01 00:35:55,TR-102,LT-004,227.53,10.111,2.06,0.895,49.962,4.47,NORMAL
6713,2026-08-01 01:51:52,TR-103,LT-005,235.74,11.179,2.524,0.958,49.94,0.35,NORMAL
3716,2026-08-01 01:01:55,TR-102,LT-004,229.37,4.657,1.001,0.937,49.904,3.68,NORMAL
4058,2026-08-01 01:07:37,TR-101,LT-004,231.79,11.19,2.51,0.968,49.894,1.93,NORMAL
5953,2026-08-01 01:39:12,TR-101,LT-003,227.13,11.561,2.468,0.94,50.14,3.13,NORMAL
3103,2026-08-01 00:51:42,TR-101,LT-006,236.6,6.068,1.367,0.952,50.081,1.55,NORMAL
559,2026-08-01 00:09:18,TR-103,LT-005,231.58,7.812,1.739,0.961,49.865,3.21,NORMAL
4611,2026-08-01 01:16:50,TR-103,LT-002,230.27,8.437,1.823,0.938,49.848,1.71,NORMAL
6979,2026-08-01 01:56:18,TR-102,LT-001,236.24,5.791,1.328,0.971,50.009,1.49,NORMAL
1437,2026-08-01 00:23:56,TR-103,LT-003,229.01,8.229,1.884,1.0,50.043,2.87,NORMAL
508,2026-08-01 00:08:27,TR-103,LT-004,226.54,6.324,1.347,0.941,49.984,0.91,NORMAL
1870,2026-08-01 00:31:09,TR-101,LT-001,228.36,7.377,1.592,0.945,50.07,2.78,NORMAL
756,2026-08-01 00:12:35,TR-104,LT-005,240.53,10.539,2.319,0.915,50.019,3.09,NORMAL
5420,2026-08-01 01:30:19,TR-102,LT-003,225.28,8.659,1.721,0.882,49.969,2.74,NORMAL
4051,2026-08-01 01:07:30,TR-103,LT-002,227.05,10.151,2.047,0.888,49.995,3.75,NORMAL
8090,2026-08-01 00:01:29,TR-102,LT-006,167.95,8.065,1.079,0.797,49.949,24.43,WARNING
3837,2026-08-01 01:03:56,TR-103,LT-006,234.95,7.955,1.753,0.938,50.017,2.06,NORMAL
2119,2026-08-01 00:35:18,TR-101,LT-004,219.75,6.494,1.403,0.983,50.161,0.36,NORMAL
6153,2026-08-01 01:42:32,TR-102,LT-004,226.91,10.334,2.178,0.929,49.923,0.53,NORMAL
7809,2026-08-01 02:10:08,TR-104,LT-003,236.56,9.775,2.045,0.884,49.941,0.25,NORMAL
502,2026-08-01 00:08:21,TR-102,LT-005,237.64,7.097,1.625,0.963,50.03,2.17,NORMAL
6260,2026-08-01 01:44:19,TR-104,LT-004,228.67,8.251,1.72,0.912,50.037,2.19,NORMAL
9744,2026-08-01 00:09:03,TR-103,LT-002,79.25,0.476,0.013,0.341,49.895,31.47,POSSIBLE_BROKEN_LT
1540,2026-08-01 00:25:39,TR-101,LT-006,218.51,7.397,1.503,0.93,49.979,2.46,NORMAL
6142,2026-08-01 01:42:21,TR-101,LT-001,229.82,6.867,1.455,0.922,50.047,1.24,NORMAL
1212,2026-08-01 00:20:11,TR-104,LT-002,227.23,6.151,1.312,0.938,49.993,1.58,NORMAL
9123,2026-08-01 00:18:42,TR-104,LT-005,182.8,3.567,0.553,0.848,49.786,11.98,WARNING
673,2026-08-01 00:11:12,TR-102,LT-004,228.63,7.865,1.701,0.946,49.994,1.32,NORMAL
3378,2026-08-01 00:56:17,TR-104,LT-006,226.14,9.952,2.115,0.94,50.072,2.2,NORMAL
8784,2026-08-01 00:13:03,TR-102,LT-003,154.97,10.486,1.283,0.79,50.139,13.31,WARNING
1465,2026-08-01 00:24:24,TR-102,LT-001,227.68,9.074,1.978,0.957,50.131,2.49,NORMAL
1193,2026-08-01 00:19:52,TR-103,LT-003,227.59,9.236,1.998,0.951,49.889,1.94,NORMAL
6985,2026-08-01 01:56:24,TR-103,LT-006,224.98,4.692,1.002,0.949,49.881,1.38,NORMAL
1873,2026-08-01 00:31:12,TR-101,LT-005,228.77,7.36,1.628,0.967,49.812,2.27,NORMAL
3591,2026-08-01 00:59:50,TR-104,LT-003,234.27,9.129,2.013,0.941,50.098,1.23,NORMAL
6727,2026-08-01 01:52:06,TR-102,LT-005,226.77,8.748,1.902,0.959,49.804,2.14,NORMAL
506,2026-08-01 00:08:25,TR-104,LT-002,228.05,7.389,1.635,0.97,50.007,3.33,NORMAL
8119,2026-08-01 00:01:58,TR-104,LT-003,183.71,10.604,1.82,0.934,49.956,14.22,WARNING
507,2026-08-01 00:08:26,TR-104,LT-006,227.63,10.096,2.188,0.952,50.083,1.47,NORMAL
9450,2026-08-01 00:04:09,TR-103,LT-003,72.21,0.373,0.015,0.544,50.047,44.65,POSSIBLE_BROKEN_LT
7132,2026-08-01 01:58:51,TR-101,LT-001,229.26,5.707,1.234,0.943,49.988,2.3,NORMAL
4808,2026-08-01 01:20:07,TR-102,LT-004,232.61,7.358,1.518,0.887,50.059,0.22,NORMAL
7304,2026-08-01 02:01:43,TR-104,LT-006,231.36,7.443,1.605,0.932,50.02,3.45,NORMAL
1774,2026-08-01 00:29:33,TR-102,LT-001,230.78,7.575,1.645,0.941,50.015,1.56,NORMAL
6855,2026-08-01 01:54:14,TR-103,LT-004,230.09,8.874,1.96,0.96,49.884,0.74,NORMAL
4907,2026-08-01 01:21:46,TR-103,LT-005,228.01,7.871,1.697,0.946,50.062,2.83,NORMAL
798,2026-08-01 00:13:17,TR-103,LT-006,232.73,9.795,2.114,0.928,50.002,2.61,NORMAL
8786,2026-08-01 00:13:05,TR-102,LT-006,164.25,12.695,1.611,0.773,50.105,2.48,WARNING
7071,2026-08-01 01:57:50,TR-103,LT-003,234.82,4.812,1.077,0.953,50.128,3.54,NORMAL
2830,2026-08-01 00:47:09,TR-103,LT-003,228.53,6.809,1.474,0.947,50.068,0.45,NORMAL
9320,2026-08-01 00:01:59,TR-103,LT-004,74.3,0.33,0.012,0.483,50.008,39.15,POSSIBLE_BROKEN_LT
8738,2026-08-01 00:12:17,TR-101,LT-006,160.11,11.262,1.372,0.761,50.064,11.75,WARNING
313,2026-08-01 00:05:12,TR-103,LT-004,233.3,8.484,1.762,0.89,50.015,2.76,NORMAL
747,2026-08-01 00:12:26,TR-103,LT-001,230.75,7.801,1.746,0.97,49.944,1.41,NORMAL
3570,2026-08-01 00:59:29,TR-102,LT-003,233.62,6.648,1.469,0.946,49.984,1.95,NORMAL
791,2026-08-01 00:13:10,TR-103,LT-003,231.72,3.771,0.828,0.948,50.087,2.95,NORMAL
2477,2026-08-01 00:41:16,TR-104,LT-002,229.08,6.012,1.318,0.957,50.029,3.91,NORMAL
9326,2026-08-01 00:02:05,TR-102,LT-002,65.79,0.115,0.001,0.147,49.948,26.46,POSSIBLE_BROKEN_LT
2571,2026-08-01 00:42:50,TR-101,LT-001,230.15,4.304,0.918,0.927,50.186,2.52,NORMAL
5287,2026-08-01 01:28:06,TR-104,LT-006,225.13,10.369,2.17,0.929,49.817,1.43,NORMAL
5216,2026-08-01 01:26:55,TR-101,LT-001,232.02,9.034,2.018,0.963,50.029,3.12,NORMAL
2164,2026-08-01 00:36:03,TR-104,LT-001,234.56,7.796,1.619,0.885,50.01,1.05,NORMAL
6578,2026-08-01 01:49:37,TR-101,LT-006,225.97,8.501,1.793,0.934,49.936,3.61,NORMAL
8450,2026-08-01 00:07:29,TR-102,LT-002,166.8,3.29,0.458,0.835,49.968,1.77,WARNING
381,2026-08-01 00:06:20,TR-102,LT-004,226.64,8.204,1.704,0.917,50.151,3.23,NORMAL
8509,2026-08-01 00:08:28,TR-101,LT-004,201.61,10.318,1.687,0.811,49.877,16.25,WARNING
1293,2026-08-01 00:21:32,TR-102,LT-004,229.98,4.866,1.065,0.951,50.086,1.13,NORMAL
1913,2026-08-01 00:31:52,TR-103,LT-005,232.55,6.564,1.426,0.934,50.075,2.99,NORMAL
600,2026-08-01 00:09:59,TR-102,LT-005,231.51,8.691,1.857,0.923,50.086,0.77,NORMAL
3893,2026-08-01 01:04:52,TR-104,LT-003,226.8,6.175,1.291,0.922,50.053,1.56,NORMAL
4142,2026-08-01 01:09:01,TR-103,LT-001,236.55,5.782,1.278,0.934,50.13,2.19,NORMAL
1653,2026-08-01 00:27:32,TR-104,LT-006,230.78,8.386,1.879,0.971,49.877,2.17,NORMAL
5225,2026-08-01 01:27:04,TR-104,LT-004,241.74,10.089,2.236,0.917,50.038,2.65,NORMAL
1894,2026-08-01 00:31:33,TR-104,LT-006,229.56,7.567,1.662,0.957,50.045,2.14,NORMAL
1945,2026-08-01 00:32:24,TR-102,LT-005,232.49,7.614,1.733,0.979,49.922,2.44,NORMAL
3396,2026-08-01 00:56:35,TR-101,LT-003,224.46,6.618,1.327,0.894,49.966,1.8,NORMAL
5480,2026-08-01 01:31:19,TR-102,LT-005,234.4,8.402,1.923,0.977,49.997,3.11,NORMAL
9770,2026-08-01 00:09:29,TR-103,LT-003,83.16,0.7,0.03,0.523,50.052,44.72,POSSIBLE_BROKEN_LT
376,2026-08-01 00:06:15,TR-103,LT-006,226.93,7.588,1.609,0.935,50.025,2.54,NORMAL
1967,2026-08-01 00:32:46,TR-102,LT-001,229.21,7.027,1.464,0.909,50.05,1.17,NORMAL
3958,2026-08-01 01:05:57,TR-102,LT-005,229.04,8.793,1.761,0.875,49.99,2.57,NORMAL
7136,2026-08-01 01:58:55,TR-103,LT-003,232.06,11.561,2.527,0.942,49.9,1.43,NORMAL
7479,2026-08-01 02:04:38,TR-101,LT-001,237.67,11.219,2.473,0.927,50.044,2.2,NORMAL
4506,2026-08-01 01:15:05,TR-102,LT-006,231.52,10.34,2.253,0.941,50.044,2.43,NORMAL
9581,2026-08-01 00:06:20,TR-104,LT-002,63.56,0.599,0.013,0.33,50.113,39.9,POSSIBLE_BROKEN_LT
5289,2026-08-01 01:28:08,TR-103,LT-005,227.58,6.676,1.418,0.933,50.094,1.5,NORMAL
1472,2026-08-01 00:24:31,TR-102,LT-004,227.56,11.152,2.398,0.945,49.935,1.64,NORMAL
3347,2026-08-01 00:55:46,TR-102,LT-001,228.86,7.454,1.651,0.968,50.048,1.69,NORMAL
6254,2026-08-01 01:44:13,TR-104,LT-004,231.21,9.696,2.082,0.929,50.059,3.86,NORMAL
2854,2026-08-01 00:47:33,TR-101,LT-003,230.88,7.227,1.586,0.951,49.94,4.04,NORMAL
8989,2026-08-01 00:16:28,TR-103,LT-004,204.11,13.596,1.987,0.716,49.986,12.98,WARNING
9776,2026-08-01 00:09:35,TR-103,LT-001,81.99,0.446,0.011,0.304,49.914,28.04,POSSIBLE_BROKEN_LT
6460,2026-08-01 01:47:39,TR-104,LT-003,230.5,6.72,1.468,0.948,50.192,1.94,NORMAL
4063,2026-08-01 01:07:42,TR-103,LT-002,226.2,6.792,1.415,0.921,50.138,2.54,NORMAL
5864,2026-08-01 01:37:43,TR-102,LT-004,222.82,8.223,1.672,0.913,49.946,3.13,NORMAL
4307,2026-08-01 01:11:46,TR-104,LT-001,227.48,9.364,1.959,0.92,50.024,3.02,NORMAL
4878,2026-08-01 01:21:17,TR-102,LT-002,231.73,9.635,2.076,0.93,50.149,1.12,NORMAL
7250,2026-08-01 02:00:49,TR-103,LT-005,224.12,6.549,1.343,0.915,50.094,2.89,NORMAL
5274,2026-08-01 01:27:53,TR-103,LT-004,232.8,8.185,1.771,0.929,49.923,1.32,NORMAL
3991,2026-08-01 01:06:30,TR-104,LT-001,223.24,6.955,1.507,0.971,49.918,2.52,NORMAL
1050,2026-08-01 00:17:29,TR-104,LT-004,235.52,9.794,2.192,0.95,49.981,1.86,NORMAL
6176,2026-08-01 01:42:55,TR-104,LT-003,228.95,6.262,1.335,0.931,49.915,1.57,NORMAL
6927,2026-08-01 01:55:26,TR-103,LT-006,230.08,9.055,1.998,0.959,49.997,0.7,NORMAL
7865,2026-08-01 02:11:04,TR-101,LT-001,228.16,7.564,1.609,0.932,49.938,1.33,NORMAL
2036,2026-08-01 00:33:55,TR-101,LT-006,241.04,7.01,1.573,0.931,49.956,4.59,NORMAL
4040,2026-08-01 01:07:19,TR-102,LT-006,227.24,5.859,1.201,0.902,50.025,1.21,NORMAL
6876,2026-08-01 01:54:35,TR-101,LT-006,226.4,7.28,1.6,0.971,49.89,2.69,NORMAL
9355,2026-08-01 00:02:34,TR-102,LT-005,49.75,0.471,0.011,0.454,50.046,43.71,POSSIBLE_BROKEN_LT
1973,2026-08-01 00:32:52,TR-102,LT-005,232.62,9.691,2.143,0.951,50.085,2.12,NORMAL
5073,2026-08-01 01:24:32,TR-104,LT-001,232.44,9.397,2.128,0.974,50.14,3.59,NORMAL
2100,2026-08-01 00:34:59,TR-104,LT-001,233.27,6.834,1.513,0.949,50.048,0.65,NORMAL
1500,2026-08-01 00:24:59,TR-101,LT-005,232.37,11.33,2.504,0.951,50.015,1.99,NORMAL
9613,2026-08-01 00:06:52,TR-104,LT-003,74.14,0.467,0.013,0.372,49.921,26.38,POSSIBLE_BROKEN_LT
653,2026-08-01 00:10:52,TR-104,LT-004,228.92,9.126,1.974,0.945,49.999,1.17,NORMAL
171,2026-08-01 00:02:50,TR-104,LT-006,226.44,6.913,1.429,0.913,50.03,0.51,NORMAL
4086,2026-08-01 01:08:05,TR-104,LT-005,229.1,11.117,2.355,0.925,50.016,3.23,NORMAL
243,2026-08-01 00:04:02,TR-103,LT-003,232.02,7.652,1.663,0.937,49.99,3.51,NORMAL
5711,2026-08-01 01:35:10,TR-103,LT-006,230.35,6.755,1.553,0.998,50.021,1.07,NORMAL
6973,2026-08-01 01:56:12,TR-101,LT-005,237.65,10.588,2.367,0.941,49.968,3.42,NORMAL
2757,2026-08-01 00:45:56,TR-101,LT-005,230.78,7.71,1.722,0.968,49.985,1.7,NORMAL
6885,2026-08-01 01:54:44,TR-101,LT-006,230.72,9.199,1.981,0.934,49.95,4.2,NORMAL
5447,2026-08-01 01:30:46,TR-104,LT-006,224.6,9.402,2.062,0.976,49.954,2.55,NORMAL
2077,2026-08-01 00:34:36,TR-101,LT-005,232.46,6.686,1.43,0.92,49.985,0.61,NORMAL
4104,2026-08-01 01:08:23,TR-104,LT-002,233.54,10.225,2.294,0.961,50.038,1.77,NORMAL
9560,2026-08-01 00:05:59,TR-104,LT-006,55.81,0.518,0.015,0.504,50.136,30.36,POSSIBLE_BROKEN_LT
7572,2026-08-01 02:06:11,TR-102,LT-006,230.12,11.602,2.485,0.931,50.053,1.83,NORMAL
9467,2026-08-01 00:04:26,TR-101,LT-006,65.43,0.281,0.007,0.385,50.114,32.28,POSSIBLE_BROKEN_LT
4895,2026-08-01 01:21:34,TR-103,LT-002,225.74,7.303,1.552,0.942,49.999,0.16,NORMAL
6693,2026-08-01 01:51:32,TR-104,LT-005,229.05,5.858,1.282,0.956,50.082,1.07,NORMAL
8055,2026-08-01 00:00:54,TR-104,LT-006,221.55,12.183,2.561,0.949,49.944,10.56,WARNING
5390,2026-08-01 01:29:49,TR-104,LT-006,221.29,6.739,1.429,0.958,50.077,3.73,NORMAL
9374,2026-08-01 00:02:53,TR-102,LT-002,77.76,0.241,0.011,0.597,50.024,54.51,POSSIBLE_BROKEN_LT
8022,2026-08-01 00:00:21,TR-103,LT-003,155.22,5.874,0.718,0.788,50.033,12.9,WARNING
8605,2026-08-01 00:10:04,TR-104,LT-003,156.71,10.115,1.247,0.787,49.967,5.23,WARNING
4481,2026-08-01 01:14:40,TR-103,LT-005,225.22,7.526,1.55,0.914,49.947,1.66,NORMAL
8327,2026-08-01 00:05:26,TR-102,LT-006,190.35,12.783,2.348,0.965,49.935,10.64,WARNING
4079,2026-08-01 01:07:58,TR-104,LT-005,228.45,11.353,2.422,0.934,50.012,1.94,NORMAL
641,2026-08-01 00:10:40,TR-102,LT-004,228.66,11.234,2.42,0.942,50.082,1.24,NORMAL
1271,2026-08-01 00:21:10,TR-101,LT-003,234.37,10.991,2.344,0.91,50.065,1.78,NORMAL
2779,2026-08-01 00:46:18,TR-104,LT-005,229.75,8.78,1.885,0.934,49.947,3.07,NORMAL
9498,2026-08-01 00:04:57,TR-104,LT-005,76.08,0.369,0.012,0.419,50.035,33.56,POSSIBLE_BROKEN_LT
3862,2026-08-01 01:04:21,TR-102,LT-001,226.84,5.969,1.321,0.975,49.962,0.49,NORMAL
3481,2026-08-01 00:58:00,TR-104,LT-003,228.79,8.03,1.643,0.894,50.099,2.82,NORMAL
1535,2026-08-01 00:25:34,TR-102,LT-005,228.14,9.64,2.008,0.913,50.124,2.3,NORMAL
326,2026-08-01 00:05:25,TR-104,LT-002,225.14,11.326,2.446,0.959,49.938,0.95,NORMAL
2339,2026-08-01 00:38:58,TR-101,LT-005,230.03,6.945,1.588,0.994,49.951,2.48,NORMAL
3981,2026-08-01 01:06:20,TR-103,LT-001,235.45,5.341,1.212,0.964,50.064,0.76,NORMAL
6878,2026-08-01 01:54:37,TR-102,LT-006,227.07,8.183,1.719,0.925,49.997,1.4,NORMAL
4055,2026-08-01 01:07:34,TR-102,LT-002,225.92,7.663,1.652,0.954,50.035,2.82,NORMAL
2238,2026-08-01 00:37:17,TR-101,LT-005,226.18,7.63,1.698,0.984,50.163,1.44,NORMAL
7107,2026-08-01 01:58:26,TR-101,LT-002,222.26,7.574,1.6,0.95,50.043,1.65,NORMAL
9669,2026-08-01 00:07:48,TR-104,LT-006,64.42,0.666,0.024,0.57,49.899,39.93,POSSIBLE_BROKEN_LT
4746,2026-08-01 01:19:05,TR-101,LT-001,228.86,7.97,1.657,0.908,49.979,3.05,NORMAL
865,2026-08-01 00:14:24,TR-104,LT-001,227.55,8.943,1.882,0.925,49.993,2.6,NORMAL
6204,2026-08-01 01:43:23,TR-103,LT-004,237.47,8.331,1.866,0.943,50.1,1.38,NORMAL
5509,2026-08-01 01:31:48,TR-103,LT-004,229.09,5.754,1.273,0.965,50.044,2.7,NORMAL
7430,2026-08-01 02:03:49,TR-102,LT-004,223.77,10.377,2.223,0.957,50.092,3.7,NORMAL
372,2026-08-01 00:06:11,TR-104,LT-001,231.99,6.168,1.351,0.944,49.977,2.31,NORMAL
6297,2026-08-01 01:44:56,TR-103,LT-004,226.28,7.306,1.525,0.922,50.088,2.25,NORMAL
5552,2026-08-01 01:32:31,TR-104,LT-003,231.63,8.339,1.764,0.913,49.949,2.12,NORMAL
5724,2026-08-01 01:35:23,TR-104,LT-004,227.58,12.624,2.723,0.948,50.044,2.09,NORMAL
5900,2026-08-01 01:38:19,TR-103,LT-006,234.37,5.864,1.286,0.936,50.042,1.77,NORMAL
9288,2026-08-01 00:01:27,TR-103,LT-001,93.01,0.074,0.003,0.404,49.982,33.35,POSSIBLE_BROKEN_LT
7872,2026-08-01 02:11:11,TR-103,LT-001,237.61,8.823,2.068,0.987,49.969,2.31,NORMAL
2365,2026-08-01 00:39:24,TR-104,LT-004,227.48,6.11,1.31,0.943,49.966,1.48,NORMAL
3214,2026-08-01 00:53:33,TR-102,LT-004,236.09,9.155,2.055,0.951,49.872,1.83,NORMAL
912,2026-08-01 00:15:11,TR-104,LT-006,230.88,6.359,1.349,0.919,49.998,1.64,NORMAL
9048,2026-08-01 00:17:27,TR-104,LT-005,184.88,10.417,1.54,0.8,49.987,13.05,WARNING
9791,2026-08-01 00:09:50,TR-102,LT-001,67.84,0.374,0.008,0.329,50.227,34.51,POSSIBLE_BROKEN_LT
7290,2026-08-01 02:01:29,TR-101,LT-004,229.94,9.127,2.029,0.967,50.053,1.89,NORMAL
9959,2026-08-01 00:12:38,TR-101,LT-001,87.46,0.317,0.02,0.717,49.911,44.69,POSSIBLE_BROKEN_LT
6537,2026-08-01 01:48:56,TR-102,LT-006,226.2,8.492,1.74,0.906,50.092,0.59,NORMAL
9193,2026-08-01 00:19:52,TR-103,LT-001,161.56,10.828,1.514,0.866,50.0,13.13,WARNING
1424,2026-08-01 00:23:43,TR-102,LT-003,226.64,8.23,1.762,0.945,49.963,0.93,NORMAL
9808,2026-08-01 00:10:07,TR-104,LT-001,75.51,0.194,0.009,0.586,49.834,20.23,POSSIBLE_BROKEN_LT
480,2026-08-01 00:07:59,TR-104,LT-005,234.48,5.305,1.199,0.964,49.932,0.94,NORMAL
663,2026-08-01 00:11:02,TR-102,LT-004,229.87,9.593,2.086,0.946,50.019,0.97,NORMAL
4477,2026-08-01 01:14:36,TR-103,LT-006,228.16,7.558,1.648,0.956,50.013,2.8,NORMAL
8983,2026-08-01 00:16:22,TR-103,LT-004,190.8,10.495,1.592,0.795,49.971,11.15,WARNING
8078,2026-08-01 00:01:17,TR-102,LT-005,206.41,12.572,2.117,0.816,49.875,10.31,WARNING
2989,2026-08-01 00:49:48,TR-103,LT-005,225.48,9.25,2.012,0.965,50.087,1.83,NORMAL
1120,2026-08-01 00:18:39,TR-101,LT-005,234.2,10.755,2.402,0.954,49.926,2.08,NORMAL
2777,2026-08-01 00:46:16,TR-101,LT-004,228.98,4.856,1.027,0.923,50.081,2.17,NORMAL
9836,2026-08-01 00:10:35,TR-103,LT-005,80.73,0.169,0.007,0.479,49.992,44.46,POSSIBLE_BROKEN_LT
5004,2026-08-01 01:23:23,TR-103,LT-002,228.68,6.16,1.306,0.927,49.958,0.92,NORMAL
6650,2026-08-01 01:50:49,TR-102,LT-005,230.8,7.938,1.785,0.974,49.987,1.09,NORMAL
7255,2026-08-01 02:00:54,TR-102,LT-001,232.88,6.786,1.505,0.953,50.034,0.79,NORMAL
4428,2026-08-01 01:13:47,TR-103,LT-003,226.62,8.17,1.733,0.936,50.102,3.24,NORMAL
7432,2026-08-01 02:03:51,TR-102,LT-001,224.31,9.173,1.982,0.963,49.986,2.71,NORMAL
3982,2026-08-01 01:06:21,TR-102,LT-002,236.56,7.431,1.675,0.953,50.095,2.52,NORMAL
6352,2026-08-01 01:45:51,TR-104,LT-006,225.85,9.763,2.081,0.944,49.969,3.28,NORMAL
2894,2026-08-01 00:48:13,TR-103,LT-005,230.86,9.049,2.077,0.994,49.999,3.88,NORMAL
2670,2026-08-01 00:44:29,TR-104,LT-002,232.5,6.798,1.464,0.926,49.817,4.48,NORMAL
3978,2026-08-01 01:06:17,TR-101,LT-006,235.79,5.178,1.116,0.914,50.05,1.23,NORMAL
5260,2026-08-01 01:27:39,TR-101,LT-001,238.09,9.079,1.977,0.915,50.06,2.1,NORMAL
280,2026-08-01 00:04:39,TR-101,LT-005,228.46,10.271,2.28,0.972,49.91,1.4,NORMAL
6731,2026-08-01 01:52:10,TR-101,LT-004,236.73,3.234,0.746,0.975,50.056,2.96,NORMAL
6105,2026-08-01 01:41:44,TR-101,LT-001,226.42,6.525,1.383,0.936,49.995,2.18,NORMAL
7021,2026-08-01 01:57:00,TR-102,LT-006,238.19,9.368,2.068,0.927,49.913,0.95,NORMAL
1695,2026-08-01 00:28:14,TR-102,LT-002,230.51,7.538,1.664,0.958,50.012,1.35,NORMAL
8913,2026-08-01 00:15:12,TR-103,LT-005,191.95,9.972,1.56,0.815,49.986,11.23,WARNING
3480,2026-08-01 00:57:59,TR-102,LT-004,235.55,5.548,1.229,0.941,50.155,1.71,NORMAL
4417,2026-08-01 01:13:36,TR-104,LT-006,231.05,6.921,1.524,0.953,49.994,2.34,NORMAL
7593,2026-08-01 02:06:32,TR-101,LT-005,226.98,6.67,1.401,0.925,49.98,0.21,NORMAL
6283,2026-08-01 01:44:42,TR-103,LT-006,233.68,8.317,1.78,0.916,50.023,2.8,NORMAL
5604,2026-08-01 01:33:23,TR-101,LT-004,233.88,10.695,2.323,0.929,49.808,1.57,NORMAL
8620,2026-08-01 00:10:19,TR-101,LT-006,194.4,9.163,1.482,0.832,50.043,12.48,WARNING
7781,2026-08-01 02:09:40,TR-103,LT-002,228.46,7.107,1.518,0.935,49.989,3.04,NORMAL
4297,2026-08-01 01:11:36,TR-102,LT-001,225.78,7.311,1.598,0.968,50.134,2.52,NORMAL
4594,2026-08-01 01:16:33,TR-104,LT-006,221.31,13.939,2.948,0.956,49.957,1.18,NORMAL
4845,2026-08-01 01:20:44,TR-103,LT-006,234.67,12.314,2.832,0.98,49.945,2.64,NORMAL
2210,2026-08-01 00:36:49,TR-102,LT-004,230.0,6.623,1.488,0.977,50.009,2.6,NORMAL
7606,2026-08-01 02:06:45,TR-102,LT-004,227.07,7.745,1.696,0.964,50.013,0.08,NORMAL
5502,2026-08-01 01:31:41,TR-101,LT-006,232.13,8.473,1.901,0.967,50.01,1.9,NORMAL
185,2026-08-01 00:03:04,TR-101,LT-005,229.11,8.108,1.763,0.949,50.075,2.28,NORMAL
4801,2026-08-01 01:20:00,TR-104,LT-006,232.03,11.19,2.359,0.909,50.031,0.79,NORMAL
4846,2026-08-01 01:20:45,TR-103,LT-001,232.12,8.073,1.799,0.96,50.046,0.61,NORMAL
2351,2026-08-01 00:39:10,TR-103,LT-005,234.24,8.282,1.812,0.934,50.127,2.73,NORMAL
554,2026-08-01 00:09:13,TR-103,LT-002,231.02,8.015,1.747,0.943,49.963,1.95,NORMAL
1398,2026-08-01 00:23:17,TR-103,LT-002,226.11,7.05,1.469,0.922,49.868,2.63,NORMAL
1385,2026-08-01 00:23:04,TR-102,LT-003,232.97,6.554,1.373,0.9,50.104,2.61,NORMAL
9183,2026-08-01 00:19:42,TR-102,LT-003,158.62,11.665,1.709,0.924,50.009,12.71,WARNING
9818,2026-08-01 00:10:17,TR-103,LT-001,72.53,0.135,0.006,0.623,49.888,57.32,POSSIBLE_BROKEN_LT
298,2026-08-01 00:04:57,TR-104,LT-004,231.23,8.755,1.866,0.922,49.988,1.72,NORMAL
444,2026-08-01 00:07:23,TR-104,LT-004,229.64,5.377,1.183,0.958,50.014,1.61,NORMAL
7339,2026-08-01 02:02:18,TR-104,LT-002,230.07,7.279,1.529,0.913,50.11,0.95,NORMAL
2078,2026-08-01 00:34:37,TR-103,LT-002,234.82,5.843,1.317,0.96,50.122,3.79,NORMAL
7816,2026-08-01 02:10:15,TR-104,LT-002,230.61,9.25,2.132,1.0,50.068,2.33,NORMAL
2230,2026-08-01 00:37:09,TR-102,LT-005,234.03,6.361,1.426,0.958,49.879,1.13,NORMAL
2843,2026-08-01 00:47:22,TR-103,LT-001,235.91,6.341,1.461,0.976,50.04,0.88,NORMAL
2538,2026-08-01 00:42:17,TR-102,LT-006,233.67,5.656,1.276,0.966,50.036,2.12,NORMAL
8146,2026-08-01 00:02:25,TR-101,LT-001,177.89,4.98,0.681,0.769,50.019,22.29,WARNING
9537,2026-08-01 00:05:36,TR-102,LT-004,64.73,0.463,0.021,0.705,49.936,54.11,POSSIBLE_BROKEN_LT
6444,2026-08-01 01:47:23,TR-102,LT-004,233.61,10.426,2.279,0.936,50.041,2.68,NORMAL
3368,2026-08-01 00:56:07,TR-101,LT-003,230.71,11.437,2.494,0.945,50.106,1.69,NORMAL
4487,2026-08-01 01:14:46,TR-101,LT-006,231.68,8.586,1.857,0.934,49.917,0.64,NORMAL
2579,2026-08-01 00:42:58,TR-104,LT-003,231.12,8.777,1.976,0.974,49.858,3.74,NORMAL
1132,2026-08-01 00:18:51,TR-104,LT-004,231.69,12.027,2.744,0.985,49.9,2.17,NORMAL
4819,2026-08-01 01:20:18,TR-102,LT-002,232.51,5.743,1.312,0.983,49.88,1.82,NORMAL
321,2026-08-01 00:05:20,TR-101,LT-006,230.39,3.98,0.883,0.963,49.948,0.92,NORMAL
1372,2026-08-01 00:22:51,TR-101,LT-006,236.85,7.9,1.802,0.963,49.974,1.76,NORMAL
4043,2026-08-01 01:07:22,TR-103,LT-006,223.54,7.804,1.523,0.873,49.885,0.56,NORMAL
9126,2026-08-01 00:18:45,TR-103,LT-002,175.47,7.828,1.043,0.759,49.866,15.67,WARNING
5146,2026-08-01 01:25:45,TR-104,LT-004,230.49,8.861,1.871,0.916,49.924,3.68,NORMAL
908,2026-08-01 00:15:07,TR-103,LT-006,232.99,4.925,1.081,0.942,50.001,1.6,NORMAL
9427,2026-08-01 00:03:46,TR-101,LT-004,73.79,0.504,0.023,0.61,49.963,30.84,POSSIBLE_BROKEN_LT
3951,2026-08-01 01:05:50,TR-103,LT-005,232.06,10.548,2.222,0.908,50.014,1.71,NORMAL
6146,2026-08-01 01:42:25,TR-101,LT-006,229.12,4.137,0.864,0.912,50.037,0.41,NORMAL
8887,2026-08-01 00:14:46,TR-103,LT-005,199.22,8.156,1.314,0.809,49.807,9.46,WARNING
6696,2026-08-01 01:51:35,TR-101,LT-002,225.68,4.027,0.909,1.0,49.972,3.64,NORMAL
4978,2026-08-01 01:22:57,TR-103,LT-005,230.46,5.702,1.244,0.947,49.91,2.77,NORMAL
6093,2026-08-01 01:41:32,TR-103,LT-005,229.35,5.018,1.057,0.918,50.092,3.03,NORMAL
8409,2026-08-01 00:06:48,TR-103,LT-004,175.64,15.461,2.38,0.877,50.048,9.6,WARNING
927,2026-08-01 00:15:26,TR-101,LT-003,227.76,5.297,1.111,0.921,50.061,2.02,NORMAL
6144,2026-08-01 01:42:23,TR-102,LT-002,232.73,7.91,1.782,0.968,49.943,0.87,NORMAL
16,2026-08-01 00:00:15,TR-103,LT-004,227.75,10.69,2.297,0.944,50.05,3.24,NORMAL
144,2026-08-01 00:02:23,TR-104,LT-005,230.74,7.07,1.522,0.933,50.037,3.17,NORMAL
2364,2026-08-01 00:39:23,TR-101,LT-005,234.45,5.515,1.293,1.0,49.938,2.35,NORMAL
130,2026-08-01 00:02:09,TR-102,LT-002,227.99,8.562,1.906,0.977,50.116,2.57,NORMAL
1162,2026-08-01 00:19:21,TR-102,LT-005,239.16,7.796,1.844,0.989,50.061,0.34,NORMAL
7552,2026-08-01 02:05:51,TR-102,LT-004,237.67,8.622,2.025,0.988,50.084,1.26,NORMAL
6130,2026-08-01 01:42:09,TR-104,LT-005,224.18,4.041,0.84,0.927,50.035,1.72,NORMAL
4666,2026-08-01 01:17:45,TR-104,LT-002,229.37,6.729,1.507,0.976,49.911,2.28,NORMAL
5661,2026-08-01 01:34:20,TR-102,LT-004,229.78,10.89,2.29,0.915,49.979,2.31,NORMAL
6461,2026-08-01 01:47:40,TR-104,LT-001,228.48,5.73,1.278,0.976,50.196,4.04,NORMAL
1877,2026-08-01 00:31:16,TR-102,LT-004,227.75,11.792,2.504,0.932,50.088,2.18,NORMAL
2489,2026-08-01 00:41:28,TR-103,LT-003,230.1,6.029,1.3,0.937,50.076,0.83,NORMAL
5328,2026-08-01 01:28:47,TR-101,LT-004,230.87,10.558,2.214,0.908,49.995,3.12,NORMAL
9362,2026-08-01 00:02:41,TR-103,LT-005,68.5,0.278,0.014,0.733,49.987,30.87,POSSIBLE_BROKEN_LT
1183,2026-08-01 00:19:42,TR-103,LT-005,233.67,7.568,1.685,0.953,49.933,1.07,NORMAL
6136,2026-08-01 01:42:15,TR-103,LT-003,225.41,9.128,1.901,0.924,49.938,2.78,NORMAL
6378,2026-08-01 01:46:17,TR-104,LT-002,230.26,11.895,2.527,0.923,49.976,2.12,NORMAL
1171,2026-08-01 00:19:30,TR-102,LT-003,233.04,5.803,1.243,0.919,50.091,2.29,NORMAL
2183,2026-08-01 00:36:22,TR-101,LT-005,229.28,9.474,2.014,0.927,50.116,2.5,NORMAL
3372,2026-08-01 00:56:11,TR-104,LT-006,225.22,4.408,0.938,0.944,49.953,2.85,NORMAL
8041,2026-08-01 00:00:40,TR-103,LT-002,184.22,7.521,1.07,0.772,50.106,16.26,WARNING
1860,2026-08-01 00:30:59,TR-102,LT-006,231.04,12.108,2.668,0.954,50.111,0.99,NORMAL
4861,2026-08-01 01:21:00,TR-102,LT-002,228.1,11.28,2.417,0.939,50.057,2.43,NORMAL
9256,2026-08-01 00:00:55,TR-103,LT-004,65.07,0.823,0.019,0.357,50.078,56.69,POSSIBLE_BROKEN_LT
8346,2026-08-01 00:05:45,TR-101,LT-001,197.15,12.442,2.093,0.853,50.103,23.47,WARNING
7348,2026-08-01 02:02:27,TR-104,LT-004,224.85,9.848,2.045,0.924,49.984,1.93,NORMAL
4865,2026-08-01 01:21:04,TR-103,LT-005,229.7,7.619,1.612,0.921,50.08,1.19,NORMAL
9887,2026-08-01 00:11:26,TR-104,LT-006,72.17,0.295,0.013,0.619,49.978,30.23,POSSIBLE_BROKEN_LT
6389,2026-08-01 01:46:28,TR-103,LT-003,233.37,8.206,1.833,0.957,49.873,1.1,NORMAL
3122,2026-08-01 00:52:01,TR-102,LT-005,227.55,8.109,1.715,0.93,49.949,2.52,NORMAL
388,2026-08-01 00:06:27,TR-104,LT-004,237.5,8.741,1.959,0.944,49.972,3.12,NORMAL
7786,2026-08-01 02:09:45,TR-103,LT-003,230.24,7.427,1.532,0.896,49.849,0.93,NORMAL
1033,2026-08-01 00:17:12,TR-104,LT-002,231.6,8.978,1.954,0.94,50.114,2.72,NORMAL
7853,2026-08-01 02:10:52,TR-104,LT-004,231.44,5.78,1.273,0.952,50.051,0.49,NORMAL
5419,2026-08-01 01:30:18,TR-102,LT-003,227.72,8.328,1.858,0.98,49.915,2.32,NORMAL
932,2026-08-01 00:15:31,TR-101,LT-002,237.52,8.354,1.9,0.957,49.985,2.61,NORMAL
4020,2026-08-01 01:06:59,TR-101,LT-004,229.65,8.425,1.907,0.986,50.044,3.64,NORMAL
692,2026-08-01 00:11:31,TR-103,LT-004,234.64,8.403,1.865,0.946,50.028,1.75,NORMAL
5299,2026-08-01 01:28:18,TR-103,LT-001,232.79,5.837,1.359,1.0,49.948,2.47,NORMAL
6659,2026-08-01 01:50:58,TR-102,LT-006,229.55,8.905,1.936,0.947,50.047,3.97,NORMAL
830,2026-08-01 00:13:49,TR-101,LT-004,228.87,5.51,1.189,0.943,50.014,2.0,NORMAL
3499,2026-08-01 00:58:18,TR-101,LT-001,229.27,7.518,1.659,0.963,50.104,0.15,NORMAL
2082,2026-08-01 00:34:41,TR-101,LT-001,232.4,5.385,1.12,0.895,50.027,0.07,NORMAL
9441,2026-08-01 00:04:00,TR-101,LT-006,107.31,0.295,0.021,0.653,50.01,21.93,POSSIBLE_BROKEN_LT
45,2026-08-01 00:00:44,TR-104,LT-005,224.09,9.906,2.089,0.941,50.099,2.73,NORMAL
3940,2026-08-01 01:05:39,TR-103,LT-003,226.91,11.318,2.43,0.946,50.007,1.78,NORMAL
5258,2026-08-01 01:27:37,TR-102,LT-001,227.05,8.756,1.891,0.951,49.894,2.58,NORMAL
8438,2026-08-01 00:07:17,TR-103,LT-002,211.36,5.413,1.0,0.874,50.0,11.8,WARNING
4320,2026-08-01 01:11:59,TR-101,LT-001,228.65,7.509,1.677,0.977,50.161,3.55,NORMAL
2966,2026-08-01 00:49:25,TR-102,LT-001,228.96,7.66,1.682,0.959,49.956,1.52,NORMAL
3970,2026-08-01 01:06:09,TR-102,LT-002,235.16,2.585,0.566,0.932,50.028,1.98,NORMAL
1188,2026-08-01 00:19:47,TR-104,LT-005,229.1,8.783,1.856,0.923,50.079,2.6,NORMAL
285,2026-08-01 00:04:44,TR-101,LT-001,238.53,5.992,1.342,0.939,50.069,0.55,NORMAL
8874,2026-08-01 00:14:33,TR-101,LT-004,171.01,13.337,1.598,0.701,50.043,6.44,WARNING
4160,2026-08-01 01:09:19,TR-101,LT-001,230.34,8.341,1.801,0.937,49.921,3.49,NORMAL
3093,2026-08-01 00:51:32,TR-104,LT-003,229.62,7.876,1.726,0.954,50.067,2.62,NORMAL
4557,2026-08-01 01:15:56,TR-104,LT-001,225.98,8.016,1.678,0.926,49.928,0.54,NORMAL
4585,2026-08-01 01:16:24,TR-104,LT-003,229.25,6.602,1.373,0.907,49.874,2.32,NORMAL
4324,2026-08-01 01:12:03,TR-102,LT-005,225.69,7.173,1.475,0.911,49.981,2.08,NORMAL
5505,2026-08-01 01:31:44,TR-104,LT-005,228.07,9.436,2.02,0.939,49.866,3.6,NORMAL
7075,2026-08-01 01:57:54,TR-104,LT-001,232.93,8.61,1.762,0.879,50.094,0.47,NORMAL
3365,2026-08-01 00:56:04,TR-101,LT-006,227.16,7.547,1.605,0.936,49.86,2.7,NORMAL
8026,2026-08-01 00:00:25,TR-103,LT-001,203.51,7.236,1.201,0.816,49.977,13.03,WARNING
3196,2026-08-01 00:53:15,TR-102,LT-001,222.48,9.699,2.074,0.961,50.069,1.2,NORMAL
8811,2026-08-01 00:13:30,TR-101,LT-005,193.49,12.113,2.02,0.862,50.065,8.0,WARNING
970,2026-08-01 00:16:09,TR-103,LT-003,224.28,10.986,2.35,0.954,50.012,2.7,NORMAL
3735,2026-08-01 01:02:14,TR-102,LT-004,233.17,6.454,1.459,0.97,49.985,1.41,NORMAL
926,2026-08-01 00:15:25,TR-103,LT-001,223.91,9.286,1.946,0.936,50.011,2.15,NORMAL
9497,2026-08-01 00:04:56,TR-104,LT-005,48.98,0.499,0.018,0.73,50.086,22.87,POSSIBLE_BROKEN_LT
6452,2026-08-01 01:47:31,TR-104,LT-003,233.88,8.3,1.894,0.976,49.874,3.33,NORMAL
8798,2026-08-01 00:13:17,TR-102,LT-001,188.27,14.286,2.016,0.749,49.983,14.93,WARNING
2852,2026-08-01 00:47:31,TR-103,LT-001,233.33,9.386,2.19,1.0,49.989,2.69,NORMAL
5181,2026-08-01 01:26:20,TR-102,LT-003,230.87,8.491,1.902,0.97,49.965,2.51,NORMAL
6724,2026-08-01 01:52:03,TR-102,LT-002,220.03,4.398,0.877,0.906,49.99,2.51,NORMAL
9323,2026-08-01 00:02:02,TR-103,LT-004,91.29,0.401,0.018,0.489,50.064,41.58,POSSIBLE_BROKEN_LT
7811,2026-08-01 02:10:10,TR-101,LT-006,232.31,4.406,0.917,0.896,50.037,1.33,NORMAL
4472,2026-08-01 01:14:31,TR-103,LT-004,235.14,5.907,1.294,0.932,49.999,3.38,NORMAL
5169,2026-08-01 01:26:08,TR-102,LT-002,226.94,6.832,1.503,0.97,50.0,2.1,NORMAL
4349,2026-08-01 01:12:28,TR-103,LT-004,226.24,6.687,1.41,0.932,50.064,3.65,NORMAL
7904,2026-08-01 02:11:43,TR-102,LT-002,225.3,9.343,1.954,0.928,50.04,2.75,NORMAL
3627,2026-08-01 01:00:26,TR-104,LT-005,226.66,6.523,1.331,0.9,49.996,1.86,NORMAL
1790,2026-08-01 00:29:49,TR-103,LT-002,235.36,6.798,1.437,0.898,49.939,2.37,NORMAL
8294,2026-08-01 00:04:53,TR-104,LT-006,215.92,8.949,1.46,0.756,49.926,14.64,WARNING
2060,2026-08-01 00:34:19,TR-103,LT-001,230.77,5.121,1.115,0.943,49.968,1.35,NORMAL
4014,2026-08-01 01:06:53,TR-103,LT-005,230.79,9.694,2.044,0.914,49.856,0.17,NORMAL
1903,2026-08-01 00:31:42,TR-101,LT-002,234.69,5.765,1.237,0.914,50.001,1.35,NORMAL
5574,2026-08-01 01:32:53,TR-101,LT-005,228.5,6.098,1.319,0.946,50.131,3.26,NORMAL
6926,2026-08-01 01:55:25,TR-104,LT-001,224.71,7.432,1.534,0.918,50.138,3.22,NORMAL
76,2026-08-01 00:01:15,TR-102,LT-003,233.29,8.308,1.86,0.96,49.885,2.42,NORMAL
2346,2026-08-01 00:39:05,TR-101,LT-002,234.39,6.653,1.484,0.952,49.915,1.36,NORMAL
5485,2026-08-01 01:31:24,TR-101,LT-005,220.46,6.678,1.409,0.957,49.836,1.93,NORMAL
431,2026-08-01 00:07:10,TR-104,LT-005,225.27,6.467,1.387,0.952,49.906,2.55,NORMAL
4587,2026-08-01 01:16:26,TR-104,LT-006,234.09,10.84,2.252,0.888,50.029,3.26,NORMAL
8100,2026-08-01 00:01:39,TR-104,LT-003,175.62,10.619,1.627,0.872,49.949,14.31,WARNING
8458,2026-08-01 00:07:37,TR-103,LT-003,212.99,9.881,1.723,0.819,49.965,12.23,WARNING
8157,2026-08-01 00:02:36,TR-102,LT-005,178.68,15.392,2.334,0.849,49.914,11.88,WARNING
7894,2026-08-01 02:11:33,TR-101,LT-003,225.95,5.425,1.138,0.929,50.021,2.2,NORMAL
1554,2026-08-01 00:25:53,TR-104,LT-002,226.69,7.547,1.68,0.982,50.044,2.45,NORMAL
241,2026-08-01 00:04:00,TR-103,LT-005,226.83,8.426,1.893,0.99,49.981,0.78,NORMAL
784,2026-08-01 00:13:03,TR-101,LT-001,232.44,5.671,1.259,0.956,50.115,2.06,NORMAL
3067,2026-08-01 00:51:06,TR-101,LT-004,237.02,7.404,1.609,0.917,50.072,3.63,NORMAL
978,2026-08-01 00:16:17,TR-101,LT-001,220.3,7.898,1.632,0.938,49.925,2.65,NORMAL
2942,2026-08-01 00:49:01,TR-102,LT-004,228.13,5.904,1.252,0.929,50.104,1.53,NORMAL
5378,2026-08-01 01:29:37,TR-102,LT-004,221.0,7.027,1.448,0.932,49.904,1.65,NORMAL
4731,2026-08-01 01:18:50,TR-101,LT-002,225.24,4.484,0.929,0.92,49.968,1.65,NORMAL
1621,2026-08-01 00:27:00,TR-104,LT-001,230.45,8.725,1.854,0.922,50.016,3.12,NORMAL
2147,2026-08-01 00:35:46,TR-103,LT-001,223.6,5.661,1.208,0.954,50.089,2.49,NORMAL
1802,2026-08-01 00:30:01,TR-101,LT-001,229.76,9.006,1.948,0.941,49.928,2.76,NORMAL
2096,2026-08-01 00:34:55,TR-104,LT-006,229.7,11.198,2.51,0.976,49.886,3.11,NORMAL
6075,2026-08-01 01:41:14,TR-104,LT-001,236.83,12.525,2.823,0.952,50.12,2.69,NORMAL
5246,2026-08-01 01:27:25,TR-103,LT-005,229.95,6.404,1.368,0.929,50.106,1.67,NORMAL
1358,2026-08-01 00:22:37,TR-102,LT-001,231.57,9.495,2.027,0.922,50.11,1.43,NORMAL
8064,2026-08-01 00:01:03,TR-104,LT-005,173.85,4.854,0.736,0.872,49.95,4.94,WARNING
6051,2026-08-01 01:40:50,TR-104,LT-002,235.51,8.573,1.961,0.971,50.178,1.23,NORMAL
8369,2026-08-01 00:06:08,TR-103,LT-005,223.22,14.678,3.207,0.979,50.026,13.93,WARNING
6018,2026-08-01 01:40:17,TR-102,LT-003,230.78,8.902,1.823,0.887,49.92,2.69,NORMAL
9932,2026-08-01 00:12:11,TR-102,LT-002,84.92,0.189,0.007,0.434,49.998,45.2,POSSIBLE_BROKEN_LT
8770,2026-08-01 00:12:49,TR-101,LT-003,144.62,17.09,1.785,0.722,50.083,9.27,WARNING
7504,2026-08-01 02:05:03,TR-103,LT-006,230.4,10.602,2.275,0.931,50.075,1.51,NORMAL
1610,2026-08-01 00:26:49,TR-101,LT-001,228.99,8.998,1.948,0.946,49.823,2.41,NORMAL
3097,2026-08-01 00:51:36,TR-103,LT-006,234.17,5.386,1.228,0.974,50.121,4.2,NORMAL
9772,2026-08-01 00:09:31,TR-102,LT-006,77.74,0.221,0.007,0.407,49.996,24.14,POSSIBLE_BROKEN_LT
2416,2026-08-01 00:40:15,TR-103,LT-003,231.09,7.611,1.613,0.917,50.088,2.3,NORMAL
2018,2026-08-01 00:33:37,TR-101,LT-002,221.98,8.917,1.769,0.894,50.072,3.51,NORMAL
6019,2026-08-01 01:40:18,TR-101,LT-001,229.41,7.167,1.485,0.903,50.068,2.6,NORMAL
4126,2026-08-01 01:08:45,TR-104,LT-006,225.62,6.784,1.493,0.975,49.955,1.41,NORMAL
9803,2026-08-01 00:10:02,TR-103,LT-005,98.96,0.409,0.014,0.354,50.065,36.15,POSSIBLE_BROKEN_LT
3247,2026-08-01 00:54:06,TR-102,LT-004,231.77,8.429,1.793,0.918,50.06,1.59,NORMAL
125,2026-08-01 00:02:04,TR-101,LT-004,232.35,7.333,1.637,0.961,49.957,3.35,NORMAL
6426,2026-08-01 01:47:05,TR-102,LT-001,232.04,12.006,2.592,0.93,50.009,0.75,NORMAL
5309,2026-08-01 01:28:28,TR-103,LT-004,226.96,10.989,2.343,0.939,50.054,2.33,NORMAL
7464,2026-08-01 02:04:23,TR-104,LT-006,225.39,9.17,2.013,0.974,49.998,4.06,NORMAL
9158,2026-08-01 00:19:17,TR-103,LT-004,189.8,8.282,1.355,0.862,50.115,14.45,WARNING
3342,2026-08-01 00:55:41,TR-101,LT-004,229.03,6.969,1.448,0.907,50.035,2.72,NORMAL
599,2026-08-01 00:09:58,TR-101,LT-006,228.22,5.863,1.254,0.938,50.098,2.68,NORMAL
2124,2026-08-01 00:35:23,TR-101,LT-006,228.95,4.785,1.052,0.96,50.026,3.57,NORMAL
9499,2026-08-01 00:04:58,TR-102,LT-006,67.62,0.121,0.001,0.142,50.137,35.9,POSSIBLE_BROKEN_LT
7686,2026-08-01 02:08:05,TR-101,LT-006,233.61,8.486,1.97,0.994,49.975,2.23,NORMAL
7050,2026-08-01 01:57:29,TR-102,LT-005,225.39,8.788,1.809,0.914,49.974,2.58,NORMAL
9662,2026-08-01 00:07:41,TR-104,LT-002,86.72,0.299,0.014,0.528,50.043,39.63,POSSIBLE_BROKEN_LT
2198,2026-08-01 00:36:37,TR-102,LT-001,230.08,10.061,2.163,0.934,49.883,1.75,NORMAL
4052,2026-08-01 01:07:31,TR-103,LT-002,230.73,10.221,2.195,0.931,49.978,2.95,NORMAL
6055,2026-08-01 01:40:54,TR-103,LT-004,231.36,7.844,1.738,0.958,50.158,2.69,NORMAL
3363,2026-08-01 00:56:02,TR-101,LT-006,222.82,6.277,1.343,0.96,50.121,2.89,NORMAL
6852,2026-08-01 01:54:11,TR-101,LT-005,226.98,4.6,1.009,0.966,50.127,2.08,NORMAL
726,2026-08-01 00:12:05,TR-103,LT-005,229.26,7.245,1.561,0.94,50.128,1.85,NORMAL
4935,2026-08-01 01:22:14,TR-102,LT-006,228.16,10.267,2.193,0.936,50.048,2.39,NORMAL
979,2026-08-01 00:16:18,TR-101,LT-002,223.66,9.251,1.921,0.929,49.958,1.69,NORMAL
809,2026-08-01 00:13:28,TR-102,LT-006,235.02,8.974,2.035,0.965,49.959,3.31,NORMAL
9604,2026-08-01 00:06:43,TR-104,LT-002,72.36,0.552,0.011,0.287,49.923,8.92,POSSIBLE_BROKEN_LT
1476,2026-08-01 00:24:35,TR-103,LT-001,232.59,8.063,1.875,1.0,49.945,2.43,NORMAL
5936,2026-08-01 01:38:55,TR-101,LT-001,231.77,7.203,1.61,0.965,50.104,2.36,NORMAL
9037,2026-08-01 00:17:16,TR-104,LT-006,203.63,17.589,3.163,0.883,50.087,9.72,WARNING
7336,2026-08-01 02:02:15,TR-104,LT-006,231.21,5.694,1.213,0.921,50.024,1.14,NORMAL
3963,2026-08-01 01:06:02,TR-103,LT-002,230.2,5.595,1.118,0.868,49.989,2.79,NORMAL
6423,2026-08-01 01:47:02,TR-102,LT-001,235.21,7.477,1.731,0.984,50.029,3.45,NORMAL
4906,2026-08-01 01:21:45,TR-103,LT-002,233.71,4.461,0.963,0.924,50.104,0.9,NORMAL
1236,2026-08-01 00:20:35,TR-103,LT-005,236.56,5.375,1.176,0.925,50.073,2.17,NORMAL
1226,2026-08-01 00:20:25,TR-104,LT-006,229.48,8.362,1.844,0.961,49.945,2.12,NORMAL
8050,2026-08-01 00:00:49,TR-102,LT-002,158.54,10.623,1.624,0.964,50.113,13.37,WARNING
9279,2026-08-01 00:01:18,TR-103,LT-003,54.54,0.646,0.01,0.297,50.022,35.07,POSSIBLE_BROKEN_LT
8672,2026-08-01 00:11:11,TR-101,LT-005,191.09,9.411,1.677,0.932,50.014,9.8,WARNING
5230,2026-08-01 01:27:09,TR-104,LT-006,233.83,9.251,2.01,0.929,50.154,2.82,NORMAL
6951,2026-08-01 01:55:50,TR-104,LT-003,224.67,11.736,2.469,0.936,50.195,1.09,NORMAL
3218,2026-08-01 00:53:37,TR-103,LT-003,227.9,7.746,1.558,0.883,50.052,2.2,NORMAL
288,2026-08-01 00:04:47,TR-104,LT-006,232.35,5.952,1.282,0.927,50.02,0.02,NORMAL
5024,2026-08-01 01:23:43,TR-101,LT-006,223.6,12.688,2.724,0.96,49.999,0.8,NORMAL
2967,2026-08-01 00:49:26,TR-102,LT-006,231.41,9.27,2.059,0.96,50.015,3.86,NORMAL
3165,2026-08-01 00:52:44,TR-101,LT-006,225.38,12.538,2.499,0.884,50.078,1.66,NORMAL
6004,2026-08-01 01:40:03,TR-104,LT-002,227.81,9.619,2.063,0.942,50.097,2.15,NORMAL
8888,2026-08-01 00:14:47,TR-103,LT-001,175.98,12.261,2.116,0.981,50.003,22.44,WARNING
1658,2026-08-01 00:27:37,TR-102,LT-002,235.27,4.316,0.98,0.965,49.973,4.09,NORMAL
1976,2026-08-01 00:32:55,TR-102,LT-003,228.45,6.916,1.49,0.943,49.996,0.89,NORMAL
2398,2026-08-01 00:39:57,TR-103,LT-002,225.98,10.997,2.368,0.953,50.005,2.75,NORMAL
453,2026-08-01 00:07:32,TR-101,LT-004,226.06,6.229,1.329,0.944,49.877,2.78,NORMAL
8031,2026-08-01 00:00:30,TR-104,LT-001,159.09,10.897,1.339,0.773,50.057,14.07,WARNING
4697,2026-08-01 01:18:16,TR-102,LT-004,232.04,10.847,2.237,0.889,49.993,2.06,NORMAL
3682,2026-08-01 01:01:21,TR-102,LT-004,228.43,7.427,1.573,0.927,49.997,0.98,NORMAL
423,2026-08-01 00:07:02,TR-101,LT-005,229.0,6.803,1.406,0.902,49.961,2.63,NORMAL
9726,2026-08-01 00:08:45,TR-104,LT-003,47.98,0.491,0.009,0.362,49.972,32.74,POSSIBLE_BROKEN_LT
658,2026-08-01 00:10:57,TR-104,LT-003,229.9,11.296,2.468,0.95,49.966,2.69,NORMAL
3302,2026-08-01 00:55:01,TR-101,LT-002,226.25,8.071,1.762,0.965,50.156,3.28,NORMAL
6395,2026-08-01 01:46:34,TR-103,LT-001,226.39,8.592,1.86,0.956,49.96,2.24,NORMAL
2846,2026-08-01 00:47:25,TR-104,LT-003,225.61,7.586,1.62,0.947,50.101,2.19,NORMAL
8292,2026-08-01 00:04:51,TR-104,LT-006,201.21,8.33,1.373,0.819,49.904,10.6,WARNING
7498,2026-08-01 02:04:57,TR-102,LT-004,238.5,8.734,1.967,0.944,49.906,2.95,NORMAL
1002,2026-08-01 00:16:41,TR-103,LT-006,233.7,10.147,2.24,0.945,49.946,2.01,NORMAL
4199,2026-08-01 01:09:58,TR-103,LT-002,217.97,6.303,1.211,0.881,49.997,1.27,NORMAL
2419,2026-08-01 00:40:18,TR-103,LT-005,231.56,9.71,2.248,1.0,49.873,2.66,NORMAL
7483,2026-08-01 02:04:42,TR-102,LT-004,227.76,5.199,1.148,0.97,50.079,3.42,NORMAL
5707,2026-08-01 01:35:06,TR-101,LT-003,233.89,5.054,1.142,0.966,49.976,2.81,NORMAL
3848,2026-08-01 01:04:07,TR-101,LT-003,228.15,5.38,1.207,0.984,49.978,2.64,NORMAL
962,2026-08-01 00:16:01,TR-103,LT-001,235.32,7.721,1.728,0.951,49.764,1.64,NORMAL
1581,2026-08-01 00:26:20,TR-102,LT-005,230.8,10.933,2.46,0.975,49.979,1.49,NORMAL
5008,2026-08-01 01:23:27,TR-101,LT-001,231.95,7.3,1.553,0.917,50.024,1.54,NORMAL
2207,2026-08-01 00:36:46,TR-104,LT-004,235.94,11.032,2.451,0.942,49.957,1.69,NORMAL
6313,2026-08-01 01:45:12,TR-103,LT-003,225.04,7.259,1.488,0.911,50.067,1.48,NORMAL
9563,2026-08-01 00:06:02,TR-104,LT-001,81.19,0.058,0.003,0.537,49.892,37.16,POSSIBLE_BROKEN_LT
4232,2026-08-01 01:10:31,TR-102,LT-002,235.42,9.087,1.941,0.908,50.091,1.27,NORMAL
758,2026-08-01 00:12:37,TR-102,LT-005,230.74,8.588,1.879,0.948,50.044,2.35,NORMAL
2285,2026-08-01 00:38:04,TR-103,LT-005,228.14,8.243,1.85,0.984,50.041,2.18,NORMAL
6664,2026-08-01 01:51:03,TR-101,LT-004,219.17,6.24,1.294,0.946,49.97,2.54,NORMAL
4756,2026-08-01 01:19:15,TR-102,LT-003,231.18,7.202,1.589,0.954,50.002,2.58,NORMAL
8212,2026-08-01 00:03:31,TR-103,LT-002,200.07,12.21,2.098,0.859,49.956,7.92,WARNING
808,2026-08-01 00:13:27,TR-101,LT-002,228.09,7.941,1.762,0.973,50.064,2.95,NORMAL
6576,2026-08-01 01:49:35,TR-103,LT-004,234.62,8.365,1.943,0.99,49.967,2.03,NORMAL
7720,2026-08-01 02:08:39,TR-101,LT-002,225.06,9.517,1.981,0.925,49.902,1.89,NORMAL
1957,2026-08-01 00:32:36,TR-102,LT-002,221.46,8.784,1.896,0.975,49.932,3.82,NORMAL
2446,2026-08-01 00:40:45,TR-103,LT-001,231.05,8.395,1.881,0.97,49.905,0.91,NORMAL
5876,2026-08-01 01:37:55,TR-101,LT-001,226.08,7.515,1.677,0.987,50.026,2.37,NORMAL
8164,2026-08-01 00:02:43,TR-103,LT-003,206.43,9.91,1.978,0.967,49.948,15.39,WARNING
6139,2026-08-01 01:42:18,TR-104,LT-005,230.18,3.216,0.699,0.944,49.991,0.44,NORMAL
2403,2026-08-01 00:40:02,TR-102,LT-006,227.81,10.397,2.151,0.908,50.003,3.53,NORMAL
1074,2026-08-01 00:17:53,TR-101,LT-005,224.87,10.98,2.297,0.93,49.893,1.76,NORMAL
6558,2026-08-01 01:49:17,TR-102,LT-002,234.45,10.632,2.355,0.945,50.011,2.35,NORMAL
4241,2026-08-01 01:10:40,TR-102,LT-006,222.63,5.827,1.166,0.899,50.102,1.85,NORMAL
8510,2026-08-01 00:08:29,TR-104,LT-006,189.99,8.035,1.16,0.76,50.015,10.89,WARNING
2092,2026-08-01 00:34:51,TR-104,LT-001,231.2,5.722,1.221,0.923,49.966,1.74,NORMAL
4528,2026-08-01 01:15:27,TR-104,LT-001,233.06,10.666,2.444,0.983,49.914,3.4,NORMAL
7203,2026-08-01 02:00:02,TR-102,LT-006,233.25,5.42,1.201,0.95,50.038,2.14,NORMAL
6796,2026-08-01 01:53:15,TR-101,LT-001,235.6,8.362,1.947,0.988,49.981,1.78,NORMAL
7238,2026-08-01 02:00:37,TR-104,LT-005,231.11,8.321,1.765,0.918,49.936,2.35,NORMAL
7423,2026-08-01 02:03:42,TR-102,LT-003,225.46,10.788,2.24,0.921,50.086,1.42,NORMAL
6850,2026-08-01 01:54:09,TR-101,LT-004,226.03,8.094,1.75,0.957,50.041,1.7,NORMAL
6837,2026-08-01 01:53:56,TR-103,LT-005,233.71,8.531,1.908,0.957,50.111,1.64,NORMAL
1004,2026-08-01 00:16:43,TR-104,LT-003,227.41,4.115,0.879,0.939,50.07,2.0,NORMAL
9100,2026-08-01 00:18:19,TR-101,LT-002,162.32,10.408,1.594,0.944,49.963,17.03,WARNING
6563,2026-08-01 01:49:22,TR-103,LT-003,229.23,10.985,2.385,0.947,50.024,2.07,NORMAL
5615,2026-08-01 01:33:34,TR-103,LT-001,227.96,12.971,2.755,0.932,49.999,2.93,NORMAL
4652,2026-08-01 01:17:31,TR-102,LT-004,232.51,5.268,1.199,0.979,49.979,1.69,NORMAL
5314,2026-08-01 01:28:33,TR-101,LT-002,230.75,5.784,1.231,0.923,50.074,2.03,NORMAL
1486,2026-08-01 00:24:45,TR-102,LT-003,233.73,10.59,2.285,0.923,49.908,3.13,NORMAL
7608,2026-08-01 02:06:47,TR-103,LT-005,227.45,9.727,2.126,0.961,49.949,3.1,NORMAL
1412,2026-08-01 00:23:31,TR-101,LT-002,232.22,6.185,1.306,0.909,50.16,2.5,NORMAL
9304,2026-08-01 00:01:43,TR-102,LT-005,69.54,0.073,0.001,0.288,50.064,28.36,POSSIBLE_BROKEN_LT
710,2026-08-01 00:11:49,TR-102,LT-006,236.79,6.252,1.424,0.962,50.137,2.13,NORMAL
9807,2026-08-01 00:10:06,TR-103,LT-001,58.85,0.576,0.016,0.465,49.991,41.6,POSSIBLE_BROKEN_LT
8043,2026-08-01 00:00:42,TR-102,LT-005,178.47,12.875,1.898,0.826,49.895,12.81,WARNING
7212,2026-08-01 02:00:11,TR-102,LT-004,228.49,7.058,1.508,0.935,50.072,2.83,NORMAL
3077,2026-08-01 00:51:16,TR-101,LT-005,233.1,6.894,1.56,0.971,49.916,0.54,NORMAL
8315,2026-08-01 00:05:14,TR-103,LT-006,164.66,9.554,1.36,0.864,49.956,17.38,WARNING
4102,2026-08-01 01:08:21,TR-104,LT-006,226.88,6.163,1.287,0.92,50.124,2.09,NORMAL
5115,2026-08-01 01:25:14,TR-101,LT-006,229.46,13.359,2.808,0.916,50.025,1.16,NORMAL
2723,2026-08-01 00:45:22,TR-103,LT-003,225.76,8.052,1.681,0.925,49.958,1.55,NORMAL
9360,2026-08-01 00:02:39,TR-101,LT-002,64.3,0.355,0.009,0.407,50.05,40.29,POSSIBLE_BROKEN_LT
1269,2026-08-01 00:21:08,TR-103,LT-004,227.06,11.574,2.523,0.96,49.995,2.67,NORMAL
2463,2026-08-01 00:41:02,TR-104,LT-006,231.93,6.627,1.425,0.927,50.098,1.39,NORMAL
5465,2026-08-01 01:31:04,TR-103,LT-002,222.13,8.521,1.772,0.936,49.895,1.74,NORMAL
269,2026-08-01 00:04:28,TR-102,LT-006,228.24,6.499,1.383,0.933,49.926,2.54,NORMAL
3581,2026-08-01 00:59:40,TR-102,LT-005,238.5,7.739,1.692,0.917,50.071,3.47,NORMAL
5350,2026-08-01 01:29:09,TR-101,LT-006,230.14,6.849,1.431,0.908,50.099,0.89,NORMAL
7291,2026-08-01 02:01:30,TR-101,LT-002,218.18,6.54,1.406,0.985,50.133,1.56,NORMAL
5158,2026-08-01 01:25:57,TR-104,LT-004,241.67,11.772,2.637,0.927,50.095,3.01,NORMAL
6602,2026-08-01 01:50:01,TR-104,LT-002,230.23,11.776,2.578,0.951,50.056,2.67,NORMAL
2822,2026-08-01 00:47:01,TR-104,LT-001,233.38,7.872,1.701,0.926,50.054,0.88,NORMAL
5808,2026-08-01 01:36:47,TR-102,LT-002,228.56,6.156,1.343,0.954,49.858,1.63,NORMAL
590,2026-08-01 00:09:49,TR-104,LT-005,226.58,7.581,1.693,0.985,50.073,1.71,NORMAL
5956,2026-08-01 01:39:15,TR-102,LT-004,233.43,8.506,1.805,0.909,50.051,1.11,NORMAL
5255,2026-08-01 01:27:34,TR-102,LT-006,226.73,7.564,1.545,0.901,50.055,2.52,NORMAL
6662,2026-08-01 01:51:01,TR-103,LT-001,227.48,10.419,2.091,0.882,50.038,0.21,NORMAL
7657,2026-08-01 02:07:36,TR-103,LT-006,236.08,5.191,1.137,0.928,50.011,2.1,NORMAL
8726,2026-08-01 00:12:05,TR-104,LT-001,142.84,3.733,0.421,0.789,49.901,11.7,WARNING
6897,2026-08-01 01:54:56,TR-104,LT-005,227.12,9.444,2.06,0.96,50.025,3.44,NORMAL
7595,2026-08-01 02:06:34,TR-101,LT-006,235.79,8.359,1.858,0.942,50.051,3.04,NORMAL
2029,2026-08-01 00:33:48,TR-101,LT-003,230.84,4.591,0.99,0.934,49.912,2.75,NORMAL
6819,2026-08-01 01:53:38,TR-103,LT-003,229.99,8.485,1.94,0.994,49.957,2.02,NORMAL
678,2026-08-01 00:11:17,TR-103,LT-005,237.01,8.891,1.955,0.928,50.024,2.05,NORMAL
5764,2026-08-01 01:36:03,TR-103,LT-004,224.38,7.505,1.522,0.904,49.903,2.65,NORMAL
1233,2026-08-01 00:20:32,TR-102,LT-005,229.65,8.138,1.704,0.912,50.006,1.27,NORMAL
5297,2026-08-01 01:28:16,TR-102,LT-002,230.32,9.134,1.947,0.926,49.918,0.37,NORMAL
7104,2026-08-01 01:58:23,TR-103,LT-001,228.81,4.966,1.112,0.979,50.075,0.39,NORMAL
5035,2026-08-01 01:23:54,TR-104,LT-003,232.86,12.14,2.748,0.972,49.953,2.9,NORMAL
5453,2026-08-01 01:30:52,TR-103,LT-001,236.82,5.751,1.298,0.953,50.052,2.78,NORMAL
2433,2026-08-01 00:40:32,TR-102,LT-004,229.91,8.631,1.953,0.984,50.086,2.77,NORMAL
6320,2026-08-01 01:45:19,TR-104,LT-002,229.58,10.776,2.309,0.933,49.821,2.84,NORMAL
6120,2026-08-01 01:41:59,TR-103,LT-004,228.62,6.26,1.312,0.917,49.942,1.93,NORMAL
9159,2026-08-01 00:19:18,TR-104,LT-005,143.62,7.483,0.953,0.887,50.053,20.0,WARNING
9954,2026-08-01 00:12:33,TR-104,LT-001,80.47,0.511,0.028,0.691,49.921,37.48,POSSIBLE_BROKEN_LT
897,2026-08-01 00:14:56,TR-101,LT-001,229.33,9.061,2.001,0.963,49.997,2.19,NORMAL
1612,2026-08-01 00:26:51,TR-103,LT-001,223.75,9.271,1.908,0.92,49.963,1.0,NORMAL
6475,2026-08-01 01:47:54,TR-101,LT-002,222.68,6.286,1.297,0.927,49.969,1.59,NORMAL
7662,2026-08-01 02:07:41,TR-104,LT-001,230.57,6.683,1.439,0.934,50.062,2.52,NORMAL
7461,2026-08-01 02:04:20,TR-101,LT-004,227.58,4.903,1.024,0.918,50.027,3.64,NORMAL
3807,2026-08-01 01:03:26,TR-103,LT-003,230.14,5.156,1.124,0.947,50.179,2.3,NORMAL
8274,2026-08-01 00:04:33,TR-103,LT-005,173.36,8.364,1.208,0.833,50.001,6.53,WARNING
9452,2026-08-01 00:04:11,TR-104,LT-001,60.41,0.791,0.024,0.503,49.9,47.73,POSSIBLE_BROKEN_LT
4702,2026-08-01 01:18:21,TR-104,LT-001,224.22,9.011,1.836,0.909,49.974,3.13,NORMAL
3962,2026-08-01 01:06:01,TR-104,LT-003,237.56,8.075,1.771,0.923,50.133,1.45,NORMAL
5418,2026-08-01 01:30:17,TR-102,LT-001,222.1,5.887,1.28,0.979,50.135,2.05,NORMAL
891,2026-08-01 00:14:50,TR-104,LT-006,233.28,7.395,1.637,0.949,50.122,1.29,NORMAL
5000,2026-08-01 01:23:19,TR-101,LT-002,226.61,5.538,1.109,0.884,50.025,0.75,NORMAL
7507,2026-08-01 02:05:06,TR-101,LT-006,230.82,8.555,1.842,0.933,49.93,3.24,NORMAL
7882,2026-08-01 02:11:21,TR-102,LT-006,229.04,6.889,1.559,0.988,49.963,1.04,NORMAL
5096,2026-08-01 01:24:55,TR-103,LT-005,228.62,9.274,2.024,0.955,49.994,1.62,NORMAL
6933,2026-08-01 01:55:32,TR-104,LT-004,230.99,7.829,1.744,0.964,50.08,0.06,NORMAL
9618,2026-08-01 00:06:57,TR-101,LT-005,87.13,0.241,0.013,0.631,50.114,29.71,POSSIBLE_BROKEN_LT
2800,2026-08-01 00:46:39,TR-101,LT-001,231.2,10.446,2.351,0.974,49.935,2.2,NORMAL
585,2026-08-01 00:09:44,TR-102,LT-006,230.73,7.468,1.567,0.91,49.968,2.25,NORMAL
3269,2026-08-01 00:54:28,TR-101,LT-004,230.93,10.189,2.185,0.928,49.986,2.36,NORMAL
3933,2026-08-01 01:05:32,TR-101,LT-005,233.55,7.201,1.559,0.927,50.031,2.65,NORMAL
1261,2026-08-01 00:21:00,TR-104,LT-001,232.23,4.149,0.889,0.923,49.942,0.54,NORMAL
6206,2026-08-01 01:43:25,TR-103,LT-001,236.33,7.438,1.634,0.929,49.921,2.71,NORMAL
311,2026-08-01 00:05:10,TR-103,LT-004,229.13,6.195,1.341,0.945,49.992,1.81,NORMAL
7790,2026-08-01 02:09:49,TR-101,LT-003,234.51,5.693,1.258,0.942,50.074,1.71,NORMAL
6459,2026-08-01 01:47:38,TR-101,LT-002,227.21,8.893,1.86,0.921,50.065,1.07,NORMAL
6207,2026-08-01 01:43:26,TR-101,LT-002,228.4,5.657,1.238,0.958,50.014,2.44,NORMAL
5883,2026-08-01 01:38:02,TR-104,LT-004,232.69,9.528,2.132,0.962,50.087,3.29,NORMAL
4669,2026-08-01 01:17:48,TR-102,LT-004,226.58,9.004,1.848,0.906,50.02,2.58,NORMAL
4299,2026-08-01 01:11:38,TR-101,LT-005,226.06,6.443,1.374,0.943,49.868,1.66,NORMAL
3784,2026-08-01 01:03:03,TR-101,LT-004,225.31,7.118,1.477,0.921,50.109,2.51,NORMAL
1009,2026-08-01 00:16:48,TR-104,LT-004,234.2,8.61,1.863,0.924,49.885,1.4,NORMAL
8355,2026-08-01 00:05:54,TR-103,LT-001,210.73,9.775,1.733,0.841,50.092,17.82,WARNING
2186,2026-08-01 00:36:25,TR-101,LT-001,236.13,13.828,3.019,0.924,50.024,1.89,NORMAL
3624,2026-08-01 01:00:23,TR-101,LT-003,230.19,6.058,1.341,0.961,49.959,1.35,NORMAL
7040,2026-08-01 01:57:19,TR-104,LT-005,226.87,8.032,1.693,0.929,50.046,2.8,NORMAL
4923,2026-08-01 01:22:02,TR-104,LT-001,232.35,6.961,1.483,0.917,49.995,1.05,NORMAL
9674,2026-08-01 00:07:53,TR-102,LT-001,35.4,0.497,0.013,0.741,50.142,50.66,POSSIBLE_BROKEN_LT
7951,2026-08-01 02:12:30,TR-104,LT-005,224.34,8.519,1.707,0.893,49.82,0.59,NORMAL
6126,2026-08-01 01:42:05,TR-103,LT-005,226.89,7.487,1.623,0.956,50.077,2.43,NORMAL
4757,2026-08-01 01:19:16,TR-102,LT-002,224.01,8.844,1.85,0.934,49.93,0.67,NORMAL
5075,2026-08-01 01:24:34,TR-101,LT-005,230.8,8.014,1.812,0.98,50.133,0.86,NORMAL
91,2026-08-01 00:01:30,TR-101,LT-006,230.39,5.899,1.282,0.944,50.08,0.22,NORMAL
5975,2026-08-01 01:39:34,TR-102,LT-001,231.79,8.523,1.938,0.981,49.975,0.12,NORMAL
6419,2026-08-01 01:46:58,TR-103,LT-002,231.97,9.941,2.234,0.969,49.943,1.67,NORMAL
8641,2026-08-01 00:10:40,TR-102,LT-002,186.49,9.927,1.528,0.826,49.926,17.3,WARNING
8691,2026-08-01 00:11:30,TR-104,LT-005,172.81,14.032,2.285,0.942,49.918,12.56,WARNING
2118,2026-08-01 00:35:17,TR-104,LT-002,226.02,8.868,1.906,0.951,49.97,0.07,NORMAL
2938,2026-08-01 00:48:57,TR-104,LT-001,229.08,7.203,1.586,0.961,50.134,2.4,NORMAL
6843,2026-08-01 01:54:02,TR-104,LT-004,237.48,10.767,2.506,0.98,49.967,1.83,NORMAL
984,2026-08-01 00:16:23,TR-104,LT-001,229.81,9.653,2.026,0.913,49.971,1.33,NORMAL
7261,2026-08-01 02:01:00,TR-101,LT-002,237.93,6.546,1.539,0.988,49.988,1.39,NORMAL
9986,2026-08-01 00:13:05,TR-104,LT-003,70.57,0.471,0.014,0.431,49.989,22.2,POSSIBLE_BROKEN_LT
2926,2026-08-01 00:48:45,TR-103,LT-003,231.01,5.827,1.218,0.905,49.97,0.74,NORMAL
6062,2026-08-01 01:41:01,TR-104,LT-001,232.89,6.557,1.468,0.962,50.042,2.9,NORMAL
3215,2026-08-01 00:53:34,TR-104,LT-004,232.94,9.013,2.001,0.953,49.982,2.08,NORMAL
6448,2026-08-01 01:47:27,TR-102,LT-002,228.15,6.254,1.347,0.944,49.91,1.1,NORMAL
6780,2026-08-01 01:52:59,TR-104,LT-003,229.34,7.02,1.575,0.979,50.049,1.0,NORMAL
7039,2026-08-01 01:57:18,TR-104,LT-004,220.86,5.737,1.163,0.918,50.111,2.35,NORMAL
5664,2026-08-01 01:34:23,TR-101,LT-005,224.09,3.613,0.764,0.944,49.83,2.16,NORMAL
628,2026-08-01 00:10:27,TR-104,LT-004,229.5,9.922,2.113,0.928,50.036,2.37,NORMAL
8009,2026-08-01 00:00:08,TR-104,LT-004,149.69,11.271,1.375,0.815,49.967,19.51,WARNING
5126,2026-08-01 01:25:25,TR-102,LT-006,227.27,3.059,0.676,0.973,49.927,1.65,NORMAL
4766,2026-08-01 01:19:25,TR-104,LT-003,231.0,9.239,1.998,0.936,49.93,1.61,NORMAL
8144,2026-08-01 00:02:23,TR-104,LT-002,162.98,5.923,0.743,0.77,49.911,13.68,WARNING
9595,2026-08-01 00:06:34,TR-101,LT-005,67.52,0.132,0.003,0.382,50.043,26.2,POSSIBLE_BROKEN_LT
1270,2026-08-01 00:21:09,TR-102,LT-004,234.94,7.132,1.584,0.945,50.091,1.39,NORMAL
129,2026-08-01 00:02:08,TR-103,LT-006,230.4,7.636,1.717,0.976,49.889,3.51,NORMAL
6113,2026-08-01 01:41:52,TR-102,LT-001,231.92,7.528,1.653,0.947,50.114,1.63,NORMAL
1712,2026-08-01 00:28:31,TR-104,LT-003,229.52,9.356,2.055,0.957,49.994,1.14,NORMAL
7863,2026-08-01 02:11:02,TR-103,LT-005,224.33,7.099,1.492,0.937,49.971,2.78,NORMAL
4236,2026-08-01 01:10:35,TR-101,LT-006,225.28,6.897,1.462,0.941,50.056,1.23,NORMAL
5193,2026-08-01 01:26:32,TR-103,LT-003,232.22,6.964,1.578,0.976,49.878,2.13,NORMAL
2399,2026-08-01 00:39:58,TR-101,LT-003,230.83,7.457,1.588,0.922,50.001,2.26,NORMAL
5435,2026-08-01 01:30:34,TR-102,LT-001,232.75,5.467,1.137,0.893,50.139,0.37,NORMAL
6058,2026-08-01 01:40:57,TR-103,LT-003,234.1,6.548,1.392,0.908,49.929,1.34,NORMAL
9319,2026-08-01 00:01:58,TR-104,LT-006,106.93,0.173,0.009,0.465,50.059,21.98,POSSIBLE_BROKEN_LT
1187,2026-08-01 00:19:46,TR-102,LT-005,226.07,4.582,0.975,0.941,49.853,1.07,NORMAL
6014,2026-08-01 01:40:13,TR-102,LT-004,234.38,5.893,1.331,0.963,49.828,1.6,NORMAL
9794,2026-08-01 00:09:53,TR-102,LT-006,71.42,0.212,0.001,0.059,49.97,34.05,POSSIBLE_BROKEN_LT
6015,2026-08-01 01:40:14,TR-102,LT-003,231.92,7.318,1.575,0.928,49.99,1.09,NORMAL
1978,2026-08-01 00:32:57,TR-104,LT-006,233.79,6.198,1.319,0.91,50.013,0.31,NORMAL
9888,2026-08-01 00:11:27,TR-104,LT-003,88.52,0.329,0.016,0.551,49.999,53.42,POSSIBLE_BROKEN_LT
4248,2026-08-01 01:10:47,TR-104,LT-001,238.78,6.674,1.533,0.962,49.942,0.16,NORMAL
7673,2026-08-01 02:07:52,TR-101,LT-006,231.34,6.218,1.368,0.951,50.067,1.96,NORMAL
916,2026-08-01 00:15:15,TR-101,LT-004,231.12,8.867,1.903,0.928,50.15,1.29,NORMAL
1306,2026-08-01 00:21:45,TR-102,LT-004,226.41,9.875,2.149,0.961,49.988,1.68,NORMAL
5456,2026-08-01 01:30:55,TR-102,LT-005,235.6,8.302,1.765,0.902,50.01,3.68,NORMAL
3050,2026-08-01 00:50:49,TR-102,LT-006,234.79,12.342,2.766,0.954,50.109,1.13,NORMAL
9522,2026-08-01 00:05:21,TR-102,LT-002,76.07,0.292,0.004,0.183,50.023,20.36,POSSIBLE_BROKEN_LT
1274,2026-08-01 00:21:13,TR-103,LT-001,228.73,10.066,2.198,0.955,50.112,2.54,NORMAL
8056,2026-08-01 00:00:55,TR-101,LT-001,189.55,12.47,1.995,0.844,50.085,16.86,WARNING
2797,2026-08-01 00:46:36,TR-101,LT-003,232.29,4.192,0.895,0.919,50.045,1.94,NORMAL
1399,2026-08-01 00:23:18,TR-104,LT-006,234.8,6.934,1.489,0.914,50.028,2.84,NORMAL
3359,2026-08-01 00:55:58,TR-104,LT-003,231.83,6.638,1.419,0.922,49.934,0.73,NORMAL
184,2026-08-01 00:03:03,TR-102,LT-005,231.93,8.28,1.769,0.921,50.013,3.41,NORMAL
6868,2026-08-01 01:54:27,TR-102,LT-004,226.78,11.076,2.374,0.945,50.044,2.46,NORMAL
5696,2026-08-01 01:34:55,TR-104,LT-001,232.1,8.592,1.776,0.891,50.043,2.53,NORMAL
8836,2026-08-01 00:13:55,TR-102,LT-002,191.39,9.831,1.592,0.846,49.911,12.94,WARNING
9627,2026-08-01 00:07:06,TR-101,LT-005,78.19,0.424,0.023,0.686,50.094,42.0,POSSIBLE_BROKEN_LT
6171,2026-08-01 01:42:50,TR-103,LT-003,226.46,5.41,1.114,0.909,49.879,1.88,NORMAL
6988,2026-08-01 01:56:27,TR-101,LT-003,238.36,10.073,2.247,0.936,50.013,3.17,NORMAL
4568,2026-08-01 01:16:07,TR-102,LT-004,225.08,7.3,1.545,0.94,50.028,0.42,NORMAL
8956,2026-08-01 00:15:55,TR-104,LT-003,216.61,12.042,2.092,0.802,49.891,10.08,WARNING
2657,2026-08-01 00:44:16,TR-102,LT-006,225.63,10.868,2.238,0.913,50.027,3.09,NORMAL
8310,2026-08-01 00:05:09,TR-104,LT-006,174.58,15.596,2.356,0.865,49.95,18.53,WARNING
6858,2026-08-01 01:54:17,TR-102,LT-004,228.83,7.807,1.682,0.941,50.039,1.9,NORMAL
1962,2026-08-01 00:32:41,TR-101,LT-001,231.14,6.431,1.374,0.924,49.96,1.27,NORMAL
6384,2026-08-01 01:46:23,TR-104,LT-006,229.49,9.079,1.863,0.894,49.909,1.52,NORMAL
8854,2026-08-01 00:14:13,TR-104,LT-006,199.79,6.83,1.199,0.879,49.997,20.52,WARNING
9974,2026-08-01 00:12:53,TR-102,LT-001,46.08,0.396,0.007,0.366,50.071,20.17,POSSIBLE_BROKEN_LT
1252,2026-08-01 00:20:51,TR-102,LT-001,233.33,11.354,2.481,0.937,50.099,2.3,NORMAL
3177,2026-08-01 00:52:56,TR-104,LT-005,224.13,8.524,1.827,0.956,49.923,2.76,NORMAL
7761,2026-08-01 02:09:20,TR-103,LT-004,235.26,9.474,2.024,0.908,49.963,2.27,NORMAL
5014,2026-08-01 01:23:33,TR-104,LT-006,229.05,11.853,2.586,0.953,49.993,1.69,NORMAL
9706,2026-08-01 00:08:25,TR-101,LT-002,92.45,0.667,0.015,0.235,49.953,21.75,POSSIBLE_BROKEN_LT
6540,2026-08-01 01:48:59,TR-103,LT-004,225.91,5.472,1.188,0.961,49.921,2.14,NORMAL
3290,2026-08-01 00:54:49,TR-104,LT-001,228.85,11.898,2.6,0.955,49.984,3.4,NORMAL
6449,2026-08-01 01:47:28,TR-102,LT-006,220.99,8.33,1.709,0.928,50.211,1.6,NORMAL
8727,2026-08-01 00:12:06,TR-104,LT-005,190.38,7.167,1.076,0.788,50.057,13.72,WARNING
7612,2026-08-01 02:06:51,TR-102,LT-004,215.25,7.991,1.572,0.914,50.102,1.91,NORMAL
6276,2026-08-01 01:44:35,TR-104,LT-005,230.34,9.023,1.964,0.945,49.991,1.79,NORMAL
6888,2026-08-01 01:54:47,TR-101,LT-004,237.22,5.769,1.26,0.921,49.882,4.4,NORMAL
1052,2026-08-01 00:17:31,TR-101,LT-002,231.58,5.743,1.21,0.91,50.053,2.32,NORMAL
4070,2026-08-01 01:07:49,TR-103,LT-002,234.22,10.966,2.358,0.918,50.216,0.8,NORMAL
6023,2026-08-01 01:40:22,TR-104,LT-001,239.97,6.224,1.344,0.9,49.895,1.69,NORMAL
5553,2026-08-01 01:32:32,TR-102,LT-003,229.31,6.951,1.491,0.935,50.007,2.85,NORMAL
273,2026-08-01 00:04:32,TR-101,LT-001,234.65,6.936,1.481,0.91,50.094,4.47,NORMAL
2043,2026-08-01 00:34:02,TR-102,LT-005,227.9,7.482,1.546,0.907,49.903,3.21,NORMAL
4764,2026-08-01 01:19:23,TR-103,LT-001,231.54,8.153,1.789,0.947,50.002,1.54,NORMAL
8998,2026-08-01 00:16:37,TR-104,LT-004,185.57,16.161,2.685,0.895,50.079,14.72,WARNING
5205,2026-08-01 01:26:44,TR-104,LT-006,239.53,9.494,2.098,0.922,49.989,1.69,NORMAL
9510,2026-08-01 00:05:09,TR-102,LT-005,102.34,0.106,0.006,0.561,50.033,19.96,POSSIBLE_BROKEN_LT
1087,2026-08-01 00:18:06,TR-103,LT-004,234.12,12.071,2.652,0.939,50.064,1.7,NORMAL
8374,2026-08-01 00:06:13,TR-104,LT-005,198.29,8.816,1.613,0.923,49.994,16.33,WARNING
7733,2026-08-01 02:08:52,TR-101,LT-002,228.38,9.251,1.996,0.945,49.908,1.82,NORMAL
7516,2026-08-01 02:05:15,TR-103,LT-004,231.87,11.768,2.578,0.945,49.917,1.81,NORMAL
6679,2026-08-01 01:51:18,TR-103,LT-002,227.39,10.341,2.151,0.915,49.977,1.74,NORMAL
4323,2026-08-01 01:12:02,TR-101,LT-004,234.88,4.041,0.883,0.931,49.918,1.66,NORMAL
6947,2026-08-01 01:55:46,TR-103,LT-005,222.65,8.164,1.703,0.937,50.015,1.04,NORMAL
7748,2026-08-01 02:09:07,TR-103,LT-005,231.17,9.876,2.231,0.977,50.093,0.03,NORMAL
6773,2026-08-01 01:52:52,TR-101,LT-001,221.13,9.751,2.058,0.955,50.152,3.17,NORMAL
5519,2026-08-01 01:31:58,TR-103,LT-006,225.04,13.381,2.835,0.942,49.967,1.1,NORMAL
5118,2026-08-01 01:25:17,TR-102,LT-003,227.64,7.877,1.793,1.0,49.93,0.81,NORMAL
6180,2026-08-01 01:42:59,TR-104,LT-003,233.51,7.023,1.526,0.931,50.017,1.75,NORMAL
4710,2026-08-01 01:18:29,TR-103,LT-005,229.85,9.567,2.049,0.932,50.085,3.71,NORMAL
8122,2026-08-01 00:02:01,TR-103,LT-002,184.01,8.167,1.239,0.824,50.033,16.68,WARNING
5970,2026-08-01 01:39:29,TR-102,LT-004,227.63,5.979,1.269,0.932,50.043,2.67,NORMAL
6785,2026-08-01 01:53:04,TR-102,LT-005,232.74,9.091,2.071,0.979,49.941,2.89,NORMAL
3479,2026-08-01 00:57:58,TR-101,LT-006,234.61,5.443,1.192,0.934,50.086,2.4,NORMAL
8415,2026-08-01 00:06:54,TR-102,LT-002,176.66,10.499,1.496,0.806,50.011,19.6,WARNING
3925,2026-08-01 01:05:24,TR-104,LT-005,228.95,7.006,1.548,0.965,50.009,2.95,NORMAL
1749,2026-08-01 00:29:08,TR-103,LT-005,230.76,6.636,1.494,0.976,50.16,2.86,NORMAL
733,2026-08-01 00:12:12,TR-102,LT-004,231.63,8.586,1.802,0.906,50.023,1.05,NORMAL
2554,2026-08-01 00:42:33,TR-102,LT-006,231.56,5.076,1.126,0.958,49.955,2.17,NORMAL
5459,2026-08-01 01:30:58,TR-102,LT-002,225.85,9.501,1.989,0.927,50.095,0.89,NORMAL
5874,2026-08-01 01:37:53,TR-102,LT-004,226.36,7.585,1.621,0.944,49.938,3.1,NORMAL
2663,2026-08-01 00:44:22,TR-102,LT-003,232.39,9.899,2.122,0.922,50.023,1.88,NORMAL
9399,2026-08-01 00:03:18,TR-103,LT-006,57.15,0.382,0.011,0.485,50.087,47.24,POSSIBLE_BROKEN_LT
6456,2026-08-01 01:47:35,TR-103,LT-001,225.98,3.607,0.811,0.995,50.135,0.92,NORMAL
3114,2026-08-01 00:51:53,TR-103,LT-002,225.16,7.234,1.538,0.944,50.012,4.05,NORMAL
3304,2026-08-01 00:55:03,TR-104,LT-005,225.9,3.649,0.77,0.935,50.042,2.86,NORMAL
1345,2026-08-01 00:22:24,TR-102,LT-003,233.8,8.062,1.757,0.932,50.027,3.86,NORMAL
1691,2026-08-01 00:28:10,TR-104,LT-005,232.35,8.969,2.014,0.966,49.988,2.38,NORMAL
7181,2026-08-01 01:59:40,TR-104,LT-006,231.26,7.201,1.547,0.929,50.031,2.56,NORMAL
6500,2026-08-01 01:48:19,TR-101,LT-002,228.57,9.352,2.028,0.949,49.979,2.24,NORMAL
3309,2026-08-01 00:55:08,TR-104,LT-004,237.04,7.018,1.623,0.976,50.016,2.09,NORMAL
1505,2026-08-01 00:25:04,TR-102,LT-002,229.32,11.696,2.486,0.927,50.077,2.19,NORMAL
1807,2026-08-01 00:30:06,TR-103,LT-001,231.07,8.315,1.801,0.937,49.862,2.8,NORMAL
8470,2026-08-01 00:07:49,TR-104,LT-003,215.57,11.133,2.2,0.917,50.049,12.56,WARNING
5370,2026-08-01 01:29:29,TR-103,LT-004,236.36,7.688,1.798,0.989,50.149,0.75,NORMAL
3792,2026-08-01 01:03:11,TR-103,LT-002,228.35,11.01,2.331,0.927,50.032,2.46,NORMAL
9521,2026-08-01 00:05:20,TR-101,LT-006,80.55,0.37,0.011,0.378,49.974,20.31,POSSIBLE_BROKEN_LT
7330,2026-08-01 02:02:09,TR-104,LT-001,228.11,9.567,2.112,0.968,50.084,2.11,NORMAL
5910,2026-08-01 01:38:29,TR-101,LT-005,226.39,10.645,2.34,0.971,49.984,1.35,NORMAL
6826,2026-08-01 01:53:45,TR-102,LT-006,227.61,8.905,1.905,0.94,49.994,1.89,NORMAL
7264,2026-08-01 02:01:03,TR-104,LT-006,235.44,6.151,1.374,0.949,49.923,2.07,NORMAL
1849,2026-08-01 00:30:48,TR-104,LT-005,233.88,6.344,1.404,0.947,50.0,2.65,NORMAL
4513,2026-08-01 01:15:12,TR-103,LT-001,227.64,7.292,1.599,0.964,49.917,1.99,NORMAL
2432,2026-08-01 00:40:31,TR-104,LT-006,225.92,10.055,2.189,0.964,50.185,0.35,NORMAL
4661,2026-08-01 01:17:40,TR-104,LT-006,235.93,7.2,1.647,0.969,49.901,2.68,NORMAL
8886,2026-08-01 00:14:45,TR-104,LT-002,170.23,5.934,0.834,0.826,50.036,19.85,WARNING
5585,2026-08-01 01:33:04,TR-103,LT-006,234.67,9.44,2.089,0.943,49.97,2.51,NORMAL
143,2026-08-01 00:02:22,TR-102,LT-001,223.57,5.107,1.048,0.918,49.925,2.78,NORMAL
8761,2026-08-01 00:12:40,TR-101,LT-005,183.12,8.978,1.481,0.901,49.978,6.28,WARNING
9212,2026-08-01 00:00:11,TR-104,LT-006,74.01,0.527,0.019,0.482,50.022,22.21,POSSIBLE_BROKEN_LT
5265,2026-08-01 01:27:44,TR-102,LT-002,234.76,10.314,2.232,0.922,49.95,3.61,NORMAL
3410,2026-08-01 00:56:49,TR-102,LT-006,238.19,11.06,2.374,0.901,49.887,1.38,NORMAL
1118,2026-08-01 00:18:37,TR-103,LT-002,229.77,9.458,2.077,0.955,50.02,2.51,NORMAL
1757,2026-08-01 00:29:16,TR-104,LT-006,229.45,9.547,2.069,0.944,50.097,0.2,NORMAL
498,2026-08-01 00:08:17,TR-101,LT-004,229.24,10.418,2.288,0.958,49.971,3.21,NORMAL
8032,2026-08-01 00:00:31,TR-104,LT-001,183.82,13.534,2.149,0.864,50.064,11.94,WARNING
871,2026-08-01 00:14:30,TR-103,LT-004,229.29,10.116,2.124,0.916,49.89,0.83,NORMAL
3358,2026-08-01 00:55:57,TR-103,LT-001,221.49,9.256,1.905,0.929,50.017,0.1,NORMAL
913,2026-08-01 00:15:12,TR-103,LT-006,231.0,7.554,1.58,0.905,49.983,1.78,NORMAL
722,2026-08-01 00:12:01,TR-101,LT-006,223.16,8.384,1.683,0.9,50.113,1.81,NORMAL
2806,2026-08-01 00:46:45,TR-102,LT-004,222.9,6.678,1.351,0.908,50.078,1.78,NORMAL
9944,2026-08-01 00:12:23,TR-101,LT-004,52.32,0.249,0.007,0.566,49.982,29.08,POSSIBLE_BROKEN_LT
887,2026-08-01 00:14:46,TR-101,LT-005,232.34,8.678,1.799,0.892,50.026,1.91,NORMAL
9593,2026-08-01 00:06:32,TR-103,LT-002,48.04,0.573,0.01,0.355,50.016,36.72,POSSIBLE_BROKEN_LT
6588,2026-08-01 01:49:47,TR-103,LT-003,228.96,7.048,1.58,0.979,50.02,1.16,NORMAL
8101,2026-08-01 00:01:40,TR-101,LT-004,178.48,11.028,1.521,0.773,50.042,10.13,WARNING
1521,2026-08-01 00:25:20,TR-101,LT-005,234.88,10.059,2.228,0.943,49.879,0.31,NORMAL
8690,2026-08-01 00:11:29,TR-103,LT-002,192.86,4.902,0.877,0.927,49.875,8.72,WARNING
2747,2026-08-01 00:45:46,TR-102,LT-001,230.97,7.637,1.671,0.947,49.954,0.8,NORMAL
6701,2026-08-01 01:51:40,TR-103,LT-001,234.76,7.287,1.641,0.959,49.971,2.89,NORMAL
5776,2026-08-01 01:36:15,TR-104,LT-005,224.79,6.732,1.404,0.927,50.047,2.61,NORMAL
315,2026-08-01 00:05:14,TR-101,LT-001,235.22,9.728,2.161,0.944,50.062,2.52,NORMAL
1800,2026-08-01 00:29:59,TR-103,LT-005,230.09,5.634,1.196,0.922,49.888,0.86,NORMAL
328,2026-08-01 00:05:27,TR-104,LT-003,233.17,7.513,1.638,0.935,49.989,1.84,NORMAL
5643,2026-08-01 01:34:02,TR-104,LT-004,218.67,4.973,1.028,0.946,49.944,1.6,NORMAL
4205,2026-08-01 01:10:04,TR-101,LT-001,230.44,10.962,2.417,0.957,50.068,3.05,NORMAL
3130,2026-08-01 00:52:09,TR-104,LT-001,228.35,9.952,2.145,0.944,50.039,1.84,NORMAL
6861,2026-08-01 01:54:20,TR-103,LT-002,226.7,6.831,1.472,0.951,49.971,1.94,NORMAL
9906,2026-08-01 00:11:45,TR-102,LT-005,43.91,0.463,0.004,0.187,50.026,42.91,POSSIBLE_BROKEN_LT
3969,2026-08-01 01:06:08,TR-103,LT-004,238.06,8.77,2.031,0.973,50.029,2.71,NORMAL
5744,2026-08-01 01:35:43,TR-103,LT-001,224.14,5.515,1.152,0.932,49.915,2.09,NORMAL
6227,2026-08-01 01:43:46,TR-101,LT-002,224.3,11.609,2.471,0.949,50.036,2.28,NORMAL
1974,2026-08-01 00:32:53,TR-101,LT-001,230.78,9.208,2.077,0.977,50.08,2.2,NORMAL
337,2026-08-01 00:05:36,TR-103,LT-006,226.7,6.059,1.3,0.946,50.063,2.36,NORMAL
2765,2026-08-01 00:46:04,TR-103,LT-005,231.01,11.113,2.474,0.964,50.118,2.22,NORMAL
7661,2026-08-01 02:07:40,TR-102,LT-003,235.49,9.72,2.142,0.936,50.086,1.78,NORMAL
276,2026-08-01 00:04:35,TR-103,LT-006,231.85,8.756,1.888,0.93,49.915,2.02,NORMAL
2986,2026-08-01 00:49:45,TR-102,LT-001,226.16,8.39,1.716,0.904,49.966,0.33,NORMAL
5647,2026-08-01 01:34:06,TR-102,LT-006,227.57,8.044,1.828,0.999,49.958,1.45,NORMAL
5850,2026-08-01 01:37:29,TR-103,LT-004,227.74,10.274,2.185,0.934,49.922,3.61,NORMAL
3478,2026-08-01 00:57:57,TR-104,LT-001,221.58,8.215,1.69,0.929,50.08,1.03,NORMAL
7559,2026-08-01 02:05:58,TR-101,LT-006,226.53,1.384,0.293,0.934,50.097,1.74,NORMAL
3559,2026-08-01 00:59:18,TR-101,LT-002,229.55,8.237,1.66,0.878,50.117,3.43,NORMAL
2810,2026-08-01 00:46:49,TR-103,LT-006,227.8,9.016,1.932,0.941,49.847,2.23,NORMAL
9114,2026-08-01 00:18:33,TR-101,LT-002,217.54,12.918,2.502,0.89,50.046,10.61,WARNING
4862,2026-08-01 01:21:01,TR-102,LT-003,226.7,6.993,1.494,0.942,50.055,2.6,NORMAL
6587,2026-08-01 01:49:46,TR-103,LT-001,235.72,10.345,2.264,0.928,50.024,4.01,NORMAL
3417,2026-08-01 00:56:56,TR-101,LT-001,233.36,7.931,1.706,0.922,50.0,2.18,NORMAL
308,2026-08-01 00:05:07,TR-102,LT-001,227.63,11.823,2.427,0.902,50.021,1.66,NORMAL
3909,2026-08-01 01:05:08,TR-101,LT-002,232.34,6.621,1.459,0.948,50.251,1.46,NORMAL
349,2026-08-01 00:05:48,TR-101,LT-001,227.13,9.168,1.958,0.94,50.163,1.36,NORMAL
827,2026-08-01 00:13:46,TR-101,LT-006,236.32,5.837,1.255,0.91,50.155,0.98,NORMAL
9502,2026-08-01 00:05:01,TR-103,LT-006,69.0,0.423,0.009,0.303,49.984,35.34,POSSIBLE_BROKEN_LT
4483,2026-08-01 01:14:42,TR-104,LT-003,226.62,6.159,1.297,0.929,50.017,2.58,NORMAL
6577,2026-08-01 01:49:36,TR-103,LT-005,227.57,7.575,1.584,0.919,50.024,0.39,NORMAL
3683,2026-08-01 01:01:22,TR-101,LT-004,230.71,11.904,2.533,0.922,49.97,2.2,NORMAL
5877,2026-08-01 01:37:56,TR-103,LT-004,223.53,3.372,0.737,0.978,49.934,3.34,NORMAL
8388,2026-08-01 00:06:27,TR-101,LT-003,163.36,9.037,1.241,0.84,49.948,8.21,WARNING
2054,2026-08-01 00:34:13,TR-103,LT-006,228.79,5.808,1.263,0.951,49.993,1.17,NORMAL
72,2026-08-01 00:01:11,TR-101,LT-002,236.15,9.349,1.999,0.905,50.025,3.6,NORMAL
5508,2026-08-01 01:31:47,TR-103,LT-005,219.87,7.679,1.612,0.955,50.045,3.31,NORMAL
8515,2026-08-01 00:08:34,TR-104,LT-004,183.6,11.65,1.662,0.777,49.956,6.09,WARNING
7511,2026-08-01 02:05:10,TR-102,LT-003,236.98,10.006,2.219,0.936,49.944,3.71,NORMAL
8152,2026-08-01 00:02:31,TR-101,LT-001,186.64,8.912,1.432,0.861,50.016,8.62,WARNING
1667,2026-08-01 00:27:46,TR-101,LT-002,226.0,7.773,1.704,0.97,50.063,1.69,NORMAL
7862,2026-08-01 02:11:01,TR-102,LT-005,230.59,10.976,2.436,0.963,50.038,0.68,NORMAL
9160,2026-08-01 00:19:19,TR-104,LT-003,189.76,12.155,1.856,0.805,49.961,10.72,WARNING
5689,2026-08-01 01:34:48,TR-103,LT-002,224.93,6.662,1.383,0.923,50.066,0.49,NORMAL
1446,2026-08-01 00:24:05,TR-102,LT-005,227.39,4.521,0.998,0.971,50.185,2.85,NORMAL
5228,2026-08-01 01:27:07,TR-101,LT-002,231.66,5.377,1.172,0.941,49.937,0.36,NORMAL
6983,2026-08-01 01:56:22,TR-103,LT-003,228.89,5.137,1.08,0.918,50.01,2.0,NORMAL
1696,2026-08-01 00:28:15,TR-102,LT-001,237.76,6.406,1.404,0.922,50.034,2.29,NORMAL
2893,2026-08-01 00:48:12,TR-103,LT-001,233.07,7.94,1.696,0.916,50.09,0.01,NORMAL
1575,2026-08-01 00:26:14,TR-104,LT-006,231.87,8.81,1.969,0.964,50.133,1.76,NORMAL
3204,2026-08-01 00:53:23,TR-103,LT-004,235.12,7.758,1.72,0.943,50.061,0.07,NORMAL
4406,2026-08-01 01:13:25,TR-104,LT-002,233.39,8.208,1.746,0.912,49.887,0.99,NORMAL
1631,2026-08-01 00:27:10,TR-103,LT-006,231.94,12.009,2.548,0.915,50.122,3.35,NORMAL
8381,2026-08-01 00:06:20,TR-102,LT-006,205.52,11.509,2.04,0.862,49.999,5.33,WARNING
1882,2026-08-01 00:31:21,TR-104,LT-003,236.46,7.515,1.674,0.942,49.953,2.52,NORMAL
8822,2026-08-01 00:13:41,TR-101,LT-002,162.1,10.497,1.4,0.823,50.011,17.74,WARNING
6464,2026-08-01 01:47:43,TR-104,LT-005,232.4,7.748,1.629,0.905,50.029,2.84,NORMAL
849,2026-08-01 00:14:08,TR-103,LT-001,227.45,7.001,1.516,0.952,49.934,3.33,NORMAL
9924,2026-08-01 00:12:03,TR-102,LT-006,103.67,0.351,0.021,0.576,49.948,24.75,POSSIBLE_BROKEN_LT
6189,2026-08-01 01:43:08,TR-104,LT-006,229.91,4.09,0.907,0.965,50.046,0.47,NORMAL
5870,2026-08-01 01:37:49,TR-101,LT-002,228.45,9.348,2.012,0.942,50.063,1.7,NORMAL
2878,2026-08-01 00:47:57,TR-103,LT-001,227.33,9.967,2.066,0.912,50.105,1.87,NORMAL
187,2026-08-01 00:03:06,TR-102,LT-001,231.89,9.115,1.977,0.935,50.073,2.93,NORMAL
3780,2026-08-01 01:02:59,TR-101,LT-004,229.66,6.315,1.367,0.942,49.961,2.44,NORMAL
1831,2026-08-01 00:30:30,TR-101,LT-005,232.83,5.962,1.257,0.905,49.972,0.1,NORMAL
8326,2026-08-01 00:05:25,TR-101,LT-003,202.53,10.176,1.842,0.894,49.973,11.79,WARNING
9242,2026-08-01 00:00:41,TR-102,LT-004,75.61,0.487,0.009,0.244,50.191,60.08,POSSIBLE_BROKEN_LT
6379,2026-08-01 01:46:18,TR-103,LT-005,233.63,8.535,1.856,0.931,49.937,1.71,NORMAL
1235,2026-08-01 00:20:34,TR-103,LT-003,226.79,10.354,2.273,0.968,49.907,2.15,NORMAL
6965,2026-08-01 01:56:04,TR-102,LT-004,230.78,8.197,1.779,0.94,50.015,2.23,NORMAL
3916,2026-08-01 01:05:15,TR-101,LT-003,229.63,8.519,1.837,0.939,49.971,1.84,NORMAL
447,2026-08-01 00:07:26,TR-103,LT-006,231.47,9.331,2.059,0.953,49.838,0.83,NORMAL
845,2026-08-01 00:14:04,TR-101,LT-005,230.67,8.87,1.94,0.948,50.147,0.0,NORMAL
8063,2026-08-01 00:01:02,TR-102,LT-004,164.1,9.646,1.099,0.694,50.138,16.93,WARNING
5403,2026-08-01 01:30:02,TR-104,LT-006,232.14,7.897,1.73,0.944,49.989,1.6,NORMAL
2441,2026-08-01 00:40:40,TR-104,LT-002,237.0,7.363,1.53,0.877,49.98,1.83,NORMAL
3104,2026-08-01 00:51:43,TR-104,LT-003,234.28,8.473,1.921,0.968,50.004,3.1,NORMAL
8586,2026-08-01 00:09:45,TR-104,LT-001,212.77,16.837,3.008,0.84,49.986,9.89,WARNING
6792,2026-08-01 01:53:11,TR-104,LT-001,228.18,7.706,1.636,0.93,50.064,2.95,NORMAL
5651,2026-08-01 01:34:10,TR-102,LT-001,229.3,8.755,1.848,0.92,49.906,2.31,NORMAL
1295,2026-08-01 00:21:34,TR-103,LT-005,230.33,11.906,2.564,0.935,49.997,1.8,NORMAL
5080,2026-08-01 01:24:39,TR-102,LT-003,235.91,9.069,1.961,0.916,50.016,2.44,NORMAL
9017,2026-08-01 00:16:56,TR-102,LT-006,186.5,9.387,1.484,0.848,49.95,2.68,WARNING
5068,2026-08-01 01:24:27,TR-104,LT-003,236.43,9.062,1.993,0.93,49.984,1.41,NORMAL
3443,2026-08-01 00:57:22,TR-104,LT-002,230.56,6.912,1.528,0.959,50.105,2.71,NORMAL
8452,2026-08-01 00:07:31,TR-101,LT-001,200.42,9.382,1.572,0.836,50.046,21.8,WARNING
7274,2026-08-01 02:01:13,TR-104,LT-001,229.1,9.833,2.046,0.908,49.935,1.55,NORMAL
6106,2026-08-01 01:41:45,TR-101,LT-006,234.25,12.555,2.647,0.9,50.003,2.62,NORMAL
777,2026-08-01 00:12:56,TR-101,LT-005,227.09,7.313,1.582,0.953,50.079,2.45,NORMAL
9717,2026-08-01 00:08:36,TR-102,LT-005,86.19,0.51,0.026,0.58,49.877,35.02,POSSIBLE_BROKEN_LT
2154,2026-08-01 00:35:53,TR-102,LT-006,230.92,5.184,1.13,0.944,50.08,2.08,NORMAL
4921,2026-08-01 01:22:00,TR-104,LT-004,236.65,5.729,1.301,0.959,50.1,1.06,NORMAL
5361,2026-08-01 01:29:20,TR-101,LT-006,229.81,7.651,1.571,0.894,49.924,3.0,NORMAL
9736,2026-08-01 00:08:55,TR-101,LT-004,65.72,0.393,0.018,0.695,49.955,58.95,POSSIBLE_BROKEN_LT
5958,2026-08-01 01:39:17,TR-101,LT-001,232.41,9.649,2.038,0.909,49.952,1.93,NORMAL
8412,2026-08-01 00:06:51,TR-104,LT-005,175.14,10.934,1.544,0.806,50.078,19.23,WARNING
8433,2026-08-01 00:07:12,TR-102,LT-006,187.68,11.634,1.848,0.846,49.95,7.87,WARNING
3184,2026-08-01 00:53:03,TR-102,LT-001,228.68,7.219,1.608,0.974,50.088,0.38,NORMAL
6793,2026-08-01 01:53:12,TR-104,LT-002,233.56,8.038,1.714,0.913,50.075,1.92,NORMAL
3200,2026-08-01 00:53:19,TR-101,LT-004,231.75,7.915,1.758,0.958,50.029,1.75,NORMAL
9370,2026-08-01 00:02:49,TR-102,LT-003,87.65,0.583,0.022,0.438,49.859,19.38,POSSIBLE_BROKEN_LT
1290,2026-08-01 00:21:29,TR-104,LT-005,221.39,9.783,1.966,0.908,50.071,0.74,NORMAL
4582,2026-08-01 01:16:21,TR-102,LT-006,226.06,7.217,1.491,0.914,50.166,0.31,NORMAL
6193,2026-08-01 01:43:12,TR-102,LT-004,227.3,7.355,1.584,0.948,50.007,1.53,NORMAL
8936,2026-08-01 00:15:35,TR-101,LT-001,202.24,10.698,1.74,0.804,50.088,8.79,WARNING
7150,2026-08-01 01:59:09,TR-103,LT-002,227.05,7.183,1.589,0.974,49.949,0.44,NORMAL
9847,2026-08-01 00:10:46,TR-104,LT-005,91.1,0.208,0.005,0.27,49.965,43.07,POSSIBLE_BROKEN_LT
4107,2026-08-01 01:08:26,TR-101,LT-003,228.82,7.719,1.665,0.943,50.041,2.64,NORMAL
4127,2026-08-01 01:08:46,TR-104,LT-003,226.48,7.729,1.75,1.0,49.846,2.35,NORMAL
8301,2026-08-01 00:05:00,TR-103,LT-002,141.45,12.807,1.332,0.735,49.824,14.9,WARNING
3967,2026-08-01 01:06:06,TR-103,LT-002,231.24,8.156,1.803,0.956,50.06,0.43,NORMAL
1880,2026-08-01 00:31:19,TR-101,LT-005,226.78,11.425,2.372,0.915,50.005,3.31,NORMAL
8497,2026-08-01 00:08:16,TR-101,LT-005,191.25,7.906,1.209,0.8,50.045,11.58,WARNING
9300,2026-08-01 00:01:39,TR-104,LT-006,77.29,0.146,0.009,0.821,49.846,25.07,POSSIBLE_BROKEN_LT
6349,2026-08-01 01:45:48,TR-102,LT-005,225.32,10.114,2.152,0.944,50.021,2.1,NORMAL
3588,2026-08-01 00:59:47,TR-102,LT-003,226.33,6.114,1.274,0.921,49.969,1.99,NORMAL
7373,2026-08-01 02:02:52,TR-104,LT-006,228.43,8.342,1.823,0.957,49.898,1.69,NORMAL
3866,2026-08-01 01:04:25,TR-104,LT-004,227.09,5.742,1.249,0.958,49.915,2.46,NORMAL
8488,2026-08-01 00:08:07,TR-102,LT-005,178.44,10.974,1.684,0.86,50.072,7.38,WARNING
4132,2026-08-01 01:08:51,TR-103,LT-002,230.01,8.626,1.953,0.984,50.109,1.25,NORMAL
1037,2026-08-01 00:17:16,TR-104,LT-003,225.1,8.066,1.718,0.946,50.162,0.28,NORMAL
637,2026-08-01 00:10:36,TR-101,LT-004,233.29,10.549,2.435,0.99,50.003,2.09,NORMAL
6154,2026-08-01 01:42:33,TR-102,LT-006,226.52,7.019,1.53,0.962,49.934,3.32,NORMAL
4135,2026-08-01 01:08:54,TR-101,LT-002,229.56,7.234,1.574,0.948,50.191,1.22,NORMAL
5339,2026-08-01 01:28:58,TR-103,LT-004,228.61,6.438,1.401,0.952,50.127,1.79,NORMAL
1084,2026-08-01 00:18:03,TR-104,LT-005,238.31,8.605,1.996,0.974,49.937,2.45,NORMAL
862,2026-08-01 00:14:21,TR-104,LT-003,223.94,8.271,1.783,0.962,50.031,2.27,NORMAL
904,2026-08-01 00:15:03,TR-102,LT-006,235.11,8.321,1.838,0.939,49.987,2.3,NORMAL
192,2026-08-01 00:03:11,TR-102,LT-004,233.43,7.18,1.512,0.902,50.034,3.6,NORMAL
110,2026-08-01 00:01:49,TR-103,LT-004,229.7,8.83,1.907,0.94,49.879,3.12,NORMAL
4456,2026-08-01 01:14:15,TR-104,LT-003,231.15,6.995,1.582,0.978,49.991,2.18,NORMAL
1943,2026-08-01 00:32:22,TR-101,LT-003,231.08,12.044,2.582,0.928,50.007,1.26,NORMAL
5857,2026-08-01 01:37:36,TR-101,LT-004,221.11,6.022,1.215,0.912,49.953,1.8,NORMAL
4332,2026-08-01 01:12:11,TR-104,LT-005,225.39,8.286,1.695,0.907,49.972,1.32,NORMAL
8542,2026-08-01 00:09:01,TR-102,LT-006,171.76,11.146,1.402,0.732,49.993,10.96,WARNING
2041,2026-08-01 00:34:00,TR-104,LT-001,227.22,8.247,1.795,0.958,50.165,2.19,NORMAL
7332,2026-08-01 02:02:11,TR-103,LT-002,232.9,6.385,1.384,0.931,49.879,1.47,NORMAL
7318,2026-08-01 02:01:57,TR-101,LT-006,234.97,7.507,1.643,0.931,49.942,2.89,NORMAL
7780,2026-08-01 02:09:39,TR-104,LT-004,226.24,9.516,2.044,0.949,50.134,1.66,NORMAL
4660,2026-08-01 01:17:39,TR-102,LT-003,226.79,9.233,2.079,0.993,49.918,1.48,NORMAL
7314,2026-08-01 02:01:53,TR-102,LT-002,222.21,5.752,1.159,0.907,50.036,3.01,NORMAL
2776,2026-08-01 00:46:15,TR-104,LT-002,228.86,8.433,1.837,0.952,50.029,1.85,NORMAL
4146,2026-08-01 01:09:05,TR-101,LT-003,219.48,9.402,2.014,0.976,50.006,1.79,NORMAL
2324,2026-08-01 00:38:43,TR-101,LT-003,236.7,7.449,1.611,0.914,50.058,3.12,NORMAL
763,2026-08-01 00:12:42,TR-102,LT-002,240.24,5.625,1.262,0.934,49.962,2.07,NORMAL
2618,2026-08-01 00:43:37,TR-101,LT-001,230.33,7.475,1.633,0.949,49.999,3.18,NORMAL
2412,2026-08-01 00:40:11,TR-101,LT-001,236.15,8.356,1.884,0.955,50.017,4.01,NORMAL
1095,2026-08-01 00:18:14,TR-104,LT-005,232.93,10.433,2.293,0.944,50.06,1.5,NORMAL
6174,2026-08-01 01:42:53,TR-102,LT-004,224.72,11.802,2.493,0.94,50.008,2.48,NORMAL
7049,2026-08-01 01:57:28,TR-101,LT-005,224.91,10.08,2.138,0.943,50.056,2.88,NORMAL
9273,2026-08-01 00:01:12,TR-102,LT-004,92.17,0.306,0.015,0.526,49.884,27.14,POSSIBLE_BROKEN_LT
3136,2026-08-01 00:52:15,TR-103,LT-002,231.77,5.314,1.102,0.895,50.041,2.74,NORMAL
7788,2026-08-01 02:09:47,TR-104,LT-001,227.45,9.102,2.001,0.967,50.016,2.94,NORMAL
5041,2026-08-01 01:24:00,TR-101,LT-006,232.0,6.207,1.351,0.938,50.173,2.95,NORMAL
3806,2026-08-01 01:03:25,TR-101,LT-004,232.05,6.876,1.487,0.932,50.101,0.4,NORMAL
885,2026-08-01 00:14:44,TR-102,LT-002,232.73,11.476,2.522,0.944,50.126,1.59,NORMAL
2655,2026-08-01 00:44:14,TR-104,LT-004,227.37,6.299,1.325,0.925,49.976,1.2,NORMAL
5922,2026-08-01 01:38:41,TR-103,LT-002,230.65,8.647,1.908,0.957,49.858,0.98,NORMAL
6188,2026-08-01 01:43:07,TR-101,LT-006,234.67,7.644,1.603,0.893,50.013,1.84,NORMAL
8086,2026-08-01 00:01:25,TR-102,LT-004,174.34,11.128,1.645,0.848,49.889,8.08,WARNING
6743,2026-08-01 01:52:22,TR-103,LT-005,223.73,8.966,1.931,0.962,50.048,2.81,NORMAL
7627,2026-08-01 02:07:06,TR-103,LT-001,234.41,7.387,1.639,0.946,49.959,3.27,NORMAL
5681,2026-08-01 01:34:40,TR-102,LT-004,226.2,4.61,0.93,0.892,50.021,3.99,NORMAL
7008,2026-08-01 01:56:47,TR-103,LT-003,235.41,7.075,1.549,0.93,49.96,1.93,NORMAL
9687,2026-08-01 00:08:06,TR-103,LT-006,53.99,0.136,0.002,0.316,49.949,36.38,POSSIBLE_BROKEN_LT
2203,2026-08-01 00:36:42,TR-104,LT-002,232.88,8.978,1.976,0.945,49.968,0.47,NORMAL
6108,2026-08-01 01:41:47,TR-103,LT-005,226.56,8.935,1.826,0.902,50.011,1.86,NORMAL
6418,2026-08-01 01:46:57,TR-102,LT-004,235.9,10.28,2.302,0.949,49.948,1.74,NORMAL
1263,2026-08-01 00:21:02,TR-103,LT-006,232.16,9.222,2.017,0.942,50.059,3.64,NORMAL
8380,2026-08-01 00:06:19,TR-101,LT-001,225.0,12.973,2.534,0.868,50.004,17.63,WARNING
976,2026-08-01 00:16:15,TR-102,LT-003,222.44,6.173,1.308,0.952,50.09,2.31,NORMAL
5832,2026-08-01 01:37:11,TR-101,LT-005,229.52,8.549,1.871,0.953,50.017,1.95,NORMAL
4926,2026-08-01 01:22:05,TR-103,LT-005,228.0,7.923,1.69,0.936,50.103,2.99,NORMAL
942,2026-08-01 00:15:41,TR-104,LT-003,233.49,11.684,2.554,0.936,49.965,2.57,NORMAL
4724,2026-08-01 01:18:43,TR-102,LT-003,228.79,7.897,1.669,0.924,49.95,1.51,NORMAL
2388,2026-08-01 00:39:47,TR-104,LT-005,226.3,7.176,1.521,0.937,49.889,2.81,NORMAL
9729,2026-08-01 00:08:48,TR-102,LT-001,37.9,0.581,0.008,0.383,49.987,30.24,POSSIBLE_BROKEN_LT
5022,2026-08-01 01:23:41,TR-101,LT-003,227.06,10.026,1.995,0.876,49.946,1.49,NORMAL
4392,2026-08-01 01:13:11,TR-101,LT-006,233.28,12.404,2.606,0.901,50.116,2.35,NORMAL
5149,2026-08-01 01:25:48,TR-101,LT-006,232.99,6.842,1.559,0.978,50.099,2.66,NORMAL
3222,2026-08-01 00:53:41,TR-102,LT-003,233.03,7.461,1.642,0.944,49.851,2.93,NORMAL
3883,2026-08-01 01:04:42,TR-102,LT-004,222.62,7.337,1.591,0.974,49.904,2.27,NORMAL
9439,2026-08-01 00:03:58,TR-101,LT-005,100.67,0.509,0.021,0.411,50.059,49.23,POSSIBLE_BROKEN_LT
6625,2026-08-01 01:50:24,TR-102,LT-005,227.38,4.271,0.888,0.914,49.992,2.83,NORMAL
5919,2026-08-01 01:38:38,TR-101,LT-006,232.58,9.55,2.137,0.962,49.919,0.41,NORMAL
2790,2026-08-01 00:46:29,TR-103,LT-005,230.73,7.09,1.501,0.918,49.994,2.98,NORMAL
945,2026-08-01 00:15:44,TR-102,LT-004,237.39,6.024,1.383,0.967,49.927,2.26,NORMAL
8909,2026-08-01 00:15:08,TR-101,LT-001,185.42,6.848,0.983,0.774,50.138,13.92,WARNING
1858,2026-08-01 00:30:57,TR-104,LT-002,229.0,7.23,1.579,0.954,49.957,2.79,NORMAL
9081,2026-08-01 00:18:00,TR-102,LT-005,159.11,8.589,1.249,0.914,49.988,14.15,WARNING
4109,2026-08-01 01:08:28,TR-103,LT-003,229.2,8.222,1.83,0.971,49.934,2.55,NORMAL
8514,2026-08-01 00:08:33,TR-101,LT-005,182.23,6.262,1.021,0.895,50.05,16.76,WARNING
3256,2026-08-01 00:54:15,TR-103,LT-002,230.59,9.241,1.956,0.918,50.025,0.78,NORMAL
2691,2026-08-01 00:44:50,TR-102,LT-003,225.93,6.979,1.451,0.92,49.88,2.48,NORMAL
9513,2026-08-01 00:05:12,TR-104,LT-004,79.74,0.792,0.017,0.266,50.005,22.5,POSSIBLE_BROKEN_LT
6962,2026-08-01 01:56:01,TR-102,LT-003,230.93,7.746,1.676,0.937,50.006,1.38,NORMAL
1320,2026-08-01 00:21:59,TR-104,LT-004,229.25,5.804,1.184,0.89,50.054,2.05,NORMAL
8883,2026-08-01 00:14:42,TR-102,LT-003,176.11,8.119,1.148,0.803,50.11,14.18,WARNING
9881,2026-08-01 00:11:20,TR-101,LT-005,91.98,0.257,0.003,0.128,49.939,20.44,POSSIBLE_BROKEN_LT
5163,2026-08-01 01:26:02,TR-104,LT-001,229.63,8.371,1.893,0.985,49.872,1.18,NORMAL
5830,2026-08-01 01:37:09,TR-103,LT-006,235.45,5.363,1.195,0.946,50.064,1.5,NORMAL
7954,2026-08-01 02:12:33,TR-101,LT-001,224.44,10.359,2.058,0.885,49.894,1.33,NORMAL
5959,2026-08-01 01:39:18,TR-103,LT-005,228.22,11.107,2.323,0.917,49.965,1.18,NORMAL
9272,2026-08-01 00:01:11,TR-104,LT-005,113.65,0.185,0.008,0.399,49.953,41.56,POSSIBLE_BROKEN_LT
3476,2026-08-01 00:57:55,TR-103,LT-003,224.86,10.848,2.29,0.939,50.105,0.64,NORMAL
3506,2026-08-01 00:58:25,TR-103,LT-003,224.51,8.249,1.722,0.93,49.976,2.61,NORMAL
4750,2026-08-01 01:19:09,TR-102,LT-002,230.39,7.144,1.591,0.967,49.97,2.12,NORMAL
2478,2026-08-01 00:41:17,TR-102,LT-006,235.81,10.306,2.318,0.954,49.92,3.2,NORMAL
9491,2026-08-01 00:04:50,TR-103,LT-001,79.82,0.638,0.02,0.384,49.938,43.32,POSSIBLE_BROKEN_LT
6616,2026-08-01 01:50:15,TR-103,LT-002,229.99,10.953,2.421,0.961,49.966,0.79,NORMAL
7414,2026-08-01 02:03:33,TR-103,LT-005,231.6,8.391,1.766,0.908,49.933,3.04,NORMAL
7587,2026-08-01 02:06:26,TR-103,LT-006,225.84,7.386,1.577,0.945,49.989,1.18,NORMAL
5345,2026-08-01 01:29:04,TR-101,LT-001,228.68,8.264,1.751,0.927,49.87,1.26,NORMAL
9864,2026-08-01 00:11:03,TR-101,LT-004,96.41,0.405,0.023,0.589,50.135,32.26,POSSIBLE_BROKEN_LT
7112,2026-08-01 01:58:31,TR-102,LT-005,230.65,8.384,1.914,0.99,49.905,2.69,NORMAL
1875,2026-08-01 00:31:14,TR-104,LT-005,235.24,8.638,1.782,0.877,49.865,0.89,NORMAL
8517,2026-08-01 00:08:36,TR-102,LT-004,189.29,12.742,1.99,0.825,49.915,14.47,WARNING
5271,2026-08-01 01:27:50,TR-103,LT-002,235.16,7.053,1.594,0.961,49.94,1.21,NORMAL
5097,2026-08-01 01:24:56,TR-101,LT-005,233.56,11.117,2.399,0.924,49.972,1.17,NORMAL
2905,2026-08-01 00:48:24,TR-103,LT-006,223.93,7.835,1.616,0.921,49.884,2.77,NORMAL
571,2026-08-01 00:09:30,TR-104,LT-001,230.07,6.559,1.432,0.949,50.145,3.19,NORMAL
1449,2026-08-01 00:24:08,TR-102,LT-003,234.95,7.237,1.591,0.936,50.028,0.44,NORMAL
5965,2026-08-01 01:39:24,TR-103,LT-001,235.47,8.357,1.899,0.965,49.982,2.58,NORMAL
6243,2026-08-01 01:44:02,TR-104,LT-003,235.33,4.508,0.955,0.9,50.071,1.57,NORMAL
6348,2026-08-01 01:45:47,TR-104,LT-005,235.09,4.349,0.955,0.934,49.937,4.61,NORMAL
7875,2026-08-01 02:11:14,TR-102,LT-005,241.3,9.915,2.152,0.9,50.029,1.41,NORMAL
9817,2026-08-01 00:10:16,TR-103,LT-003,78.56,0.072,0.003,0.567,50.092,47.22,POSSIBLE_BROKEN_LT
3227,2026-08-01 00:53:46,TR-103,LT-003,226.61,13.43,2.847,0.935,50.023,2.91,NORMAL
9745,2026-08-01 00:09:04,TR-101,LT-005,76.17,0.527,0.024,0.587,49.87,16.55,POSSIBLE_BROKEN_LT
3979,2026-08-01 01:06:18,TR-104,LT-006,232.27,8.713,1.939,0.958,49.834,2.14,NORMAL
4384,2026-08-01 01:13:03,TR-104,LT-002,230.79,7.278,1.611,0.959,50.067,4.05,NORMAL
7857,2026-08-01 02:10:56,TR-101,LT-002,225.18,6.866,1.454,0.941,49.958,2.15,NORMAL
3540,2026-08-01 00:58:59,TR-102,LT-002,229.36,10.74,2.422,0.983,49.934,3.92,NORMAL
5683,2026-08-01 01:34:42,TR-104,LT-001,225.97,6.607,1.421,0.952,49.833,2.11,NORMAL
2828,2026-08-01 00:47:07,TR-102,LT-001,229.75,8.562,1.837,0.934,50.001,3.15,NORMAL
7659,2026-08-01 02:07:38,TR-103,LT-002,233.04,8.101,1.811,0.959,50.103,2.69,NORMAL
4997,2026-08-01 01:23:16,TR-104,LT-005,232.85,7.844,1.783,0.977,49.926,1.69,NORMAL
1339,2026-08-01 00:22:18,TR-104,LT-002,228.45,8.066,1.77,0.961,50.013,2.51,NORMAL
3263,2026-08-01 00:54:22,TR-103,LT-002,226.38,7.904,1.669,0.933,50.003,0.96,NORMAL
6387,2026-08-01 01:46:26,TR-103,LT-006,229.9,6.303,1.298,0.896,49.935,2.77,NORMAL
7952,2026-08-01 02:12:31,TR-104,LT-003,233.91,8.038,1.772,0.942,50.216,3.17,NORMAL
651,2026-08-01 00:10:50,TR-104,LT-005,237.4,5.823,1.338,0.968,50.044,1.84,NORMAL
2903,2026-08-01 00:48:22,TR-102,LT-003,227.72,4.971,1.08,0.954,50.026,1.07,NORMAL
2259,2026-08-01 00:37:38,TR-101,LT-001,219.58,7.129,1.508,0.964,50.061,1.39,NORMAL
7403,2026-08-01 02:03:22,TR-103,LT-005,229.56,5.328,1.163,0.951,49.883,1.08,NORMAL
3522,2026-08-01 00:58:41,TR-102,LT-004,220.03,2.183,0.45,0.936,49.923,2.35,NORMAL
2731,2026-08-01 00:45:30,TR-104,LT-002,234.92,4.859,1.108,0.97,50.119,2.26,NORMAL
5497,2026-08-01 01:31:36,TR-103,LT-004,229.49,5.141,1.147,0.972,50.009,4.07,NORMAL
4479,2026-08-01 01:14:38,TR-104,LT-003,224.42,9.068,1.81,0.89,49.949,3.43,NORMAL
1597,2026-08-01 00:26:36,TR-102,LT-006,232.48,6.054,1.302,0.925,50.018,0.41,NORMAL
7067,2026-08-01 01:57:46,TR-103,LT-001,228.46,9.329,2.015,0.945,50.001,1.92,NORMAL
2585,2026-08-01 00:43:04,TR-104,LT-002,234.39,6.316,1.441,0.973,50.009,2.53,NORMAL
5442,2026-08-01 01:30:41,TR-102,LT-006,227.47,7.874,1.678,0.937,49.965,1.32,NORMAL
3197,2026-08-01 00:53:16,TR-102,LT-003,232.85,4.174,0.936,0.962,50.108,0.09,NORMAL
8524,2026-08-01 00:08:43,TR-102,LT-003,209.1,7.537,1.331,0.845,50.057,13.98,WARNING
7683,2026-08-01 02:08:02,TR-103,LT-001,229.14,9.363,1.937,0.903,50.082,1.95,NORMAL
5377,2026-08-01 01:29:36,TR-101,LT-006,240.29,7.14,1.564,0.912,50.039,3.09,NORMAL
1259,2026-08-01 00:20:58,TR-101,LT-002,227.18,13.537,2.941,0.956,49.972,2.84,NORMAL
5278,2026-08-01 01:27:57,TR-101,LT-004,224.95,7.517,1.607,0.951,50.14,2.58,NORMAL
992,2026-08-01 00:16:31,TR-101,LT-004,221.83,9.784,2.109,0.972,49.994,1.19,NORMAL
3505,2026-08-01 00:58:24,TR-103,LT-003,227.99,11.726,2.437,0.911,49.971,1.62,NORMAL
114,2026-08-01 00:01:53,TR-103,LT-001,239.85,5.462,1.228,0.937,50.134,1.98,NORMAL
920,2026-08-01 00:15:19,TR-104,LT-001,230.78,9.652,2.111,0.948,50.071,2.15,NORMAL
2510,2026-08-01 00:41:49,TR-101,LT-003,224.71,5.738,1.199,0.93,50.003,4.81,NORMAL
9405,2026-08-01 00:03:24,TR-101,LT-004,54.24,0.01,0.0,0.478,49.96,34.87,POSSIBLE_BROKEN_LT
166,2026-08-01 00:02:45,TR-101,LT-002,231.65,13.986,2.82,0.87,49.95,1.8,NORMAL
5264,2026-08-01 01:27:43,TR-104,LT-004,231.67,8.334,1.76,0.912,49.998,1.04,NORMAL
4604,2026-08-01 01:16:43,TR-102,LT-005,235.25,7.306,1.631,0.949,50.184,2.13,NORMAL
950,2026-08-01 00:15:49,TR-101,LT-001,230.97,9.12,1.983,0.941,50.106,2.48,NORMAL
4595,2026-08-01 01:16:34,TR-103,LT-002,229.97,10.935,2.364,0.94,49.861,1.22,NORMAL
5728,2026-08-01 01:35:27,TR-104,LT-004,229.08,8.78,1.929,0.959,49.894,1.53,NORMAL
3771,2026-08-01 01:02:50,TR-102,LT-005,234.01,4.149,0.884,0.911,50.099,2.77,NORMAL
2507,2026-08-01 00:41:46,TR-102,LT-005,241.8,7.217,1.647,0.944,50.0,2.94,NORMAL
5108,2026-08-01 01:25:07,TR-102,LT-006,230.18,9.637,2.017,0.909,49.993,2.0,NORMAL
2851,2026-08-01 00:47:30,TR-103,LT-001,227.81,6.271,1.384,0.969,50.027,2.77,NORMAL
6486,2026-08-01 01:48:05,TR-101,LT-004,239.99,6.632,1.456,0.915,50.072,2.77,NORMAL
5363,2026-08-01 01:29:22,TR-102,LT-005,230.25,6.347,1.369,0.937,50.072,1.32,NORMAL
7443,2026-08-01 02:04:02,TR-101,LT-004,230.36,11.079,2.459,0.963,49.881,1.67,NORMAL
4447,2026-08-01 01:14:06,TR-101,LT-003,226.49,6.416,1.316,0.906,50.088,2.09,NORMAL
4461,2026-08-01 01:14:20,TR-103,LT-006,234.75,4.926,1.093,0.945,49.897,1.54,NORMAL
9514,2026-08-01 00:05:13,TR-101,LT-003,98.63,0.455,0.033,0.736,49.971,25.37,POSSIBLE_BROKEN_LT
2506,2026-08-01 00:41:45,TR-102,LT-006,226.7,9.528,1.955,0.905,49.742,2.28,NORMAL
1115,2026-08-01 00:18:34,TR-102,LT-002,230.6,8.029,1.744,0.942,50.038,3.04,NORMAL
8398,2026-08-01 00:06:37,TR-104,LT-001,173.12,5.278,0.837,0.916,49.929,15.27,WARNING
299,2026-08-01 00:04:58,TR-101,LT-003,233.25,7.626,1.601,0.9,49.939,2.44,NORMAL
1676,2026-08-01 00:27:55,TR-102,LT-005,228.71,10.969,2.32,0.925,50.075,3.84,NORMAL
3348,2026-08-01 00:55:47,TR-101,LT-005,236.36,10.689,2.308,0.914,50.057,3.04,NORMAL
2736,2026-08-01 00:45:35,TR-101,LT-001,227.88,1.535,0.323,0.922,49.859,1.77,NORMAL
7820,2026-08-01 02:10:19,TR-102,LT-005,230.94,9.486,2.03,0.927,50.041,1.98,NORMAL
4989,2026-08-01 01:23:08,TR-101,LT-002,230.77,7.075,1.515,0.928,49.97,2.04,NORMAL
9895,2026-08-01 00:11:34,TR-104,LT-006,106.83,0.702,0.036,0.48,49.994,6.22,POSSIBLE_BROKEN_LT
5818,2026-08-01 01:36:57,TR-102,LT-004,230.7,6.422,1.408,0.95,49.979,3.79,NORMAL
4326,2026-08-01 01:12:05,TR-102,LT-005,234.15,8.549,1.909,0.954,50.087,2.03,NORMAL
6720,2026-08-01 01:51:59,TR-101,LT-002,233.44,9.057,2.011,0.951,50.06,1.32,NORMAL
8787,2026-08-01 00:13:06,TR-102,LT-003,182.83,3.998,0.56,0.766,49.911,12.96,WARNING
4551,2026-08-01 01:15:50,TR-102,LT-001,235.57,9.016,1.993,0.938,50.007,1.66,NORMAL
8573,2026-08-01 00:09:32,TR-103,LT-001,168.33,10.337,1.473,0.846,49.881,12.67,WARNING
7848,2026-08-01 02:10:47,TR-104,LT-004,230.28,11.139,2.358,0.919,50.027,1.71,NORMAL
2104,2026-08-01 00:35:03,TR-103,LT-001,234.5,6.653,1.443,0.925,50.022,2.92,NORMAL
5814,2026-08-01 01:36:53,TR-102,LT-001,226.63,7.466,1.615,0.955,49.99,1.7,NORMAL
9105,2026-08-01 00:18:24,TR-102,LT-002,172.31,12.359,1.731,0.813,49.933,19.22,WARNING
7454,2026-08-01 02:04:13,TR-104,LT-006,234.09,9.67,2.122,0.938,50.02,1.21,NORMAL
1838,2026-08-01 00:30:37,TR-102,LT-001,230.43,10.337,2.256,0.947,49.958,4.96,NORMAL
7903,2026-08-01 02:11:42,TR-104,LT-006,231.56,10.174,2.264,0.961,49.976,1.15,NORMAL
8319,2026-08-01 00:05:18,TR-103,LT-005,179.09,8.201,1.197,0.815,49.852,12.42,WARNING
8724,2026-08-01 00:12:03,TR-103,LT-001,196.98,8.169,1.443,0.897,49.924,17.03,WARNING
608,2026-08-01 00:10:07,TR-102,LT-003,225.02,11.505,2.471,0.955,50.014,2.06,NORMAL
8375,2026-08-01 00:06:14,TR-102,LT-006,186.04,6.86,1.009,0.79,49.999,9.97,WARNING
1094,2026-08-01 00:18:13,TR-101,LT-002,230.21,10.562,2.247,0.924,49.911,2.05,NORMAL
6388,2026-08-01 01:46:27,TR-101,LT-004,224.31,6.833,1.413,0.922,50.041,1.7,NORMAL
6506,2026-08-01 01:48:25,TR-103,LT-001,228.97,7.356,1.637,0.972,50.102,1.68,NORMAL
8965,2026-08-01 00:16:04,TR-102,LT-001,190.3,12.837,1.982,0.811,50.112,16.47,WARNING
4488,2026-08-01 01:14:47,TR-103,LT-002,227.69,10.707,2.249,0.922,49.835,2.49,NORMAL
161,2026-08-01 00:02:40,TR-102,LT-005,226.1,7.717,1.625,0.931,49.997,2.18,NORMAL
204,2026-08-01 00:03:23,TR-103,LT-002,234.22,6.397,1.498,1.0,50.022,1.6,NORMAL
7041,2026-08-01 01:57:20,TR-103,LT-004,233.07,7.191,1.563,0.933,50.016,0.82,NORMAL
5894,2026-08-01 01:38:13,TR-103,LT-006,223.92,7.838,1.62,0.923,49.969,3.98,NORMAL
4934,2026-08-01 01:22:13,TR-103,LT-003,234.49,7.982,1.822,0.973,50.06,2.95,NORMAL
2935,2026-08-01 00:48:54,TR-102,LT-002,233.5,8.496,1.846,0.93,50.005,4.55,NORMAL
7323,2026-08-01 02:02:02,TR-103,LT-006,228.18,13.296,2.91,0.959,49.989,1.86,NORMAL
2436,2026-08-01 00:40:35,TR-103,LT-005,228.52,8.359,1.756,0.919,49.919,0.89,NORMAL
1231,2026-08-01 00:20:30,TR-103,LT-004,227.77,7.894,1.737,0.966,50.085,3.13,NORMAL
8676,2026-08-01 00:11:15,TR-103,LT-006,189.08,10.061,1.572,0.826,49.937,13.9,WARNING
3047,2026-08-01 00:50:46,TR-102,LT-005,234.64,10.911,2.434,0.951,49.968,0.44,NORMAL
9655,2026-08-01 00:07:34,TR-104,LT-005,62.04,0.51,0.019,0.602,50.164,34.53,POSSIBLE_BROKEN_LT
8420,2026-08-01 00:06:59,TR-102,LT-002,187.89,8.099,1.326,0.871,49.992,20.77,WARNING
7667,2026-08-01 02:07:46,TR-102,LT-002,225.88,9.388,2.013,0.949,50.086,2.84,NORMAL
6408,2026-08-01 01:46:47,TR-101,LT-006,231.23,5.439,1.16,0.922,49.936,0.51,NORMAL
4252,2026-08-01 01:10:51,TR-102,LT-006,230.84,5.406,1.209,0.969,50.027,3.79,NORMAL
5578,2026-08-01 01:32:57,TR-102,LT-004,230.77,8.994,1.971,0.95,49.976,2.77,NORMAL
3294,2026-08-01 00:54:53,TR-103,LT-004,231.35,11.668,2.549,0.944,50.09,2.87,NORMAL
4035,2026-08-01 01:07:14,TR-101,LT-002,226.76,10.611,2.306,0.958,49.928,1.81,NORMAL
8113,2026-08-01 00:01:52,TR-104,LT-001,184.14,9.104,1.447,0.863,50.132,15.01,WARNING
4291,2026-08-01 01:11:30,TR-103,LT-001,232.03,7.077,1.504,0.916,50.156,0.95,NORMAL
4335,2026-08-01 01:12:14,TR-102,LT-004,231.89,3.288,0.727,0.954,50.036,1.37,NORMAL
5932,2026-08-01 01:38:51,TR-103,LT-002,226.82,4.419,0.997,0.995,49.802,1.57,NORMAL
3878,2026-08-01 01:04:37,TR-103,LT-006,230.97,7.389,1.639,0.96,50.105,1.86,NORMAL
5429,2026-08-01 01:30:28,TR-103,LT-001,226.92,7.178,1.549,0.951,50.102,0.67,NORMAL
4754,2026-08-01 01:19:13,TR-104,LT-001,228.37,8.44,1.777,0.922,50.066,0.82,NORMAL
4887,2026-08-01 01:21:26,TR-102,LT-001,226.91,8.738,1.872,0.944,49.928,0.93,NORMAL
858,2026-08-01 00:14:17,TR-101,LT-003,231.89,8.265,1.828,0.954,49.96,2.14,NORMAL
8234,2026-08-01 00:03:53,TR-101,LT-003,175.28,11.627,1.709,0.839,50.211,11.96,WARNING
8376,2026-08-01 00:06:15,TR-102,LT-005,153.67,6.379,0.846,0.863,50.028,14.05,WARNING
2562,2026-08-01 00:42:41,TR-102,LT-005,230.34,9.223,1.936,0.911,49.998,2.51,NORMAL
3802,2026-08-01 01:03:21,TR-101,LT-003,223.6,8.068,1.727,0.957,50.022,2.21,NORMAL
2641,2026-08-01 00:44:00,TR-103,LT-001,237.24,8.547,1.943,0.958,49.977,2.9,NORMAL
9664,2026-08-01 00:07:43,TR-103,LT-005,43.03,0.604,0.016,0.619,49.946,18.72,POSSIBLE_BROKEN_LT
4491,2026-08-01 01:14:50,TR-102,LT-001,231.58,9.401,2.09,0.96,50.058,3.83,NORMAL
2348,2026-08-01 00:39:07,TR-104,LT-001,226.55,10.797,2.407,0.984,50.023,2.03,NORMAL
650,2026-08-01 00:10:49,TR-101,LT-002,232.78,5.75,1.265,0.945,49.919,0.85,NORMAL
2782,2026-08-01 00:46:21,TR-103,LT-002,227.4,4.738,1.002,0.93,49.928,3.19,NORMAL
5653,2026-08-01 01:34:12,TR-101,LT-004,229.48,10.686,2.316,0.945,49.97,2.09,NORMAL
8544,2026-08-01 00:09:03,TR-102,LT-003,191.04,14.768,2.761,0.979,50.039,8.06,WARNING
8678,2026-08-01 00:11:17,TR-102,LT-006,177.02,7.337,1.045,0.805,50.063,12.13,WARNING
6434,2026-08-01 01:47:13,TR-102,LT-004,224.64,8.488,1.719,0.901,49.961,1.84,NORMAL
616,2026-08-01 00:10:15,TR-101,LT-001,230.52,6.044,1.251,0.898,50.17,0.7,NORMAL
8449,2026-08-01 00:07:28,TR-102,LT-006,179.29,8.13,1.258,0.863,49.99,6.22,WARNING
2576,2026-08-01 00:42:55,TR-102,LT-002,225.55,8.866,1.876,0.938,50.044,2.76,NORMAL
54,2026-08-01 00:00:53,TR-101,LT-004,232.45,7.022,1.515,0.928,50.114,2.51,NORMAL
3341,2026-08-01 00:55:40,TR-103,LT-002,232.82,7.843,1.702,0.932,50.127,2.16,NORMAL
7038,2026-08-01 01:57:17,TR-102,LT-001,226.27,5.329,1.128,0.936,50.006,1.19,NORMAL
1706,2026-08-01 00:28:25,TR-102,LT-001,229.03,6.382,1.4,0.958,50.138,0.78,NORMAL
9061,2026-08-01 00:17:40,TR-103,LT-002,186.95,15.624,2.278,0.78,49.944,13.26,WARNING
9353,2026-08-01 00:02:32,TR-101,LT-002,105.57,0.392,0.016,0.38,50.195,19.78,POSSIBLE_BROKEN_LT
1494,2026-08-01 00:24:53,TR-102,LT-003,230.74,8.785,1.855,0.915,49.948,1.17,NORMAL
9964,2026-08-01 00:12:43,TR-101,LT-005,95.12,0.471,0.017,0.372,49.96,37.38,POSSIBLE_BROKEN_LT
5633,2026-08-01 01:33:52,TR-104,LT-005,230.61,10.327,2.174,0.913,49.856,0.83,NORMAL
804,2026-08-01 00:13:23,TR-104,LT-006,228.15,9.27,1.953,0.923,50.078,2.6,NORMAL
4954,2026-08-01 01:22:33,TR-102,LT-001,233.88,5.551,1.247,0.96,49.938,0.81,NORMAL
6934,2026-08-01 01:55:33,TR-102,LT-003,229.96,11.883,2.528,0.925,49.938,0.9,NORMAL
7105,2026-08-01 01:58:24,TR-101,LT-004,232.53,9.202,1.963,0.917,50.085,0.46,NORMAL
991,2026-08-01 00:16:30,TR-104,LT-006,230.83,11.202,2.524,0.976,49.986,1.67,NORMAL
2775,2026-08-01 00:46:14,TR-103,LT-006,228.04,11.988,2.496,0.913,49.895,2.06,NORMAL
7471,2026-08-01 02:04:30,TR-103,LT-002,233.79,9.103,2.052,0.964,49.947,3.63,NORMAL
6420,2026-08-01 01:46:59,TR-104,LT-004,229.08,5.453,1.218,0.975,49.981,2.02,NORMAL
3514,2026-08-01 00:58:33,TR-103,LT-002,223.01,5.211,1.045,0.9,50.063,4.03,NORMAL
5479,2026-08-01 01:31:18,TR-101,LT-001,228.07,8.699,1.895,0.955,50.054,2.31,NORMAL
8401,2026-08-01 00:06:40,TR-103,LT-005,192.78,13.715,2.191,0.829,49.926,10.99,WARNING
220,2026-08-01 00:03:39,TR-102,LT-003,230.33,5.335,1.17,0.953,50.104,2.34,NORMAL
6970,2026-08-01 01:56:09,TR-101,LT-006,233.31,9.291,2.065,0.952,50.078,1.23,NORMAL
1289,2026-08-01 00:21:28,TR-104,LT-003,225.59,8.04,1.69,0.932,50.115,2.84,NORMAL
3164,2026-08-01 00:52:43,TR-102,LT-003,227.22,12.719,2.668,0.923,49.996,2.61,NORMAL
4679,2026-08-01 01:17:58,TR-104,LT-005,233.45,10.077,2.23,0.948,50.1,1.57,NORMAL
2619,2026-08-01 00:43:38,TR-101,LT-001,231.83,10.563,2.206,0.901,50.039,1.75,NORMAL
3613,2026-08-01 01:00:12,TR-102,LT-006,229.28,8.955,1.934,0.942,49.942,0.58,NORMAL
44,2026-08-01 00:00:43,TR-101,LT-002,228.8,9.892,2.113,0.933,49.843,1.8,NORMAL
8095,2026-08-01 00:01:34,TR-102,LT-004,186.56,8.962,1.363,0.815,49.919,9.48,WARNING
8373,2026-08-01 00:06:12,TR-102,LT-004,190.79,7.964,1.236,0.813,50.055,13.1,WARNING
3793,2026-08-01 01:03:12,TR-104,LT-004,231.03,11.151,2.488,0.966,50.06,2.54,NORMAL
3572,2026-08-01 00:59:31,TR-103,LT-002,235.25,7.494,1.638,0.929,49.863,3.5,NORMAL
9981,2026-08-01 00:13:00,TR-104,LT-006,78.05,0.498,0.018,0.466,50.118,23.01,POSSIBLE_BROKEN_LT
1504,2026-08-01 00:25:03,TR-101,LT-004,229.99,5.95,1.318,0.963,50.022,2.92,NORMAL
5557,2026-08-01 01:32:36,TR-103,LT-001,230.3,4.458,0.977,0.952,50.024,2.62,NORMAL
9831,2026-08-01 00:10:30,TR-103,LT-001,73.51,0.575,0.016,0.386,49.955,36.34,POSSIBLE_BROKEN_LT
3440,2026-08-01 00:57:19,TR-101,LT-003,231.17,8.036,1.67,0.899,50.032,2.25,NORMAL
1893,2026-08-01 00:31:32,TR-102,LT-005,228.25,7.274,1.551,0.934,49.915,0.09,NORMAL
9324,2026-08-01 00:02:03,TR-101,LT-006,125.15,0.09,0.008,0.715,50.05,44.98,POSSIBLE_BROKEN_LT
5256,2026-08-01 01:27:35,TR-102,LT-003,225.46,7.532,1.584,0.933,49.895,3.13,NORMAL
1956,2026-08-01 00:32:35,TR-103,LT-002,235.5,9.394,2.102,0.95,49.969,1.69,NORMAL
5168,2026-08-01 01:26:07,TR-104,LT-004,229.4,4.585,1.02,0.97,50.056,2.27,NORMAL
4815,2026-08-01 01:20:14,TR-101,LT-003,231.23,9.108,2.032,0.965,50.048,1.03,NORMAL
6265,2026-08-01 01:44:24,TR-101,LT-005,227.6,8.668,1.802,0.914,50.106,3.56,NORMAL
1506,2026-08-01 00:25:05,TR-103,LT-001,228.19,9.981,2.215,0.972,50.061,0.38,NORMAL
671,2026-08-01 00:11:10,TR-103,LT-004,234.98,10.242,2.161,0.898,49.969,1.18,NORMAL
8908,2026-08-01 00:15:07,TR-101,LT-005,184.18,9.617,1.356,0.766,49.976,16.59,WARNING
7056,2026-08-01 01:57:35,TR-102,LT-002,223.1,5.526,1.156,0.937,49.894,3.58,NORMAL
898,2026-08-01 00:14:57,TR-104,LT-003,230.59,8.609,1.929,0.972,50.117,2.94,NORMAL
6179,2026-08-01 01:42:58,TR-104,LT-005,236.37,4.787,1.062,0.939,49.851,1.31,NORMAL
2667,2026-08-01 00:44:26,TR-101,LT-002,233.39,9.704,2.111,0.932,49.997,0.7,NORMAL
3194,2026-08-01 00:53:13,TR-104,LT-006,227.53,6.768,1.463,0.95,49.951,0.56,NORMAL
2891,2026-08-01 00:48:10,TR-104,LT-003,230.57,8.166,1.767,0.939,49.933,1.95,NORMAL
7774,2026-08-01 02:09:33,TR-103,LT-002,231.78,9.172,2.015,0.948,49.996,3.0,NORMAL
2622,2026-08-01 00:43:41,TR-101,LT-002,233.16,8.896,1.948,0.939,50.022,1.99,NORMAL
6009,2026-08-01 01:40:08,TR-102,LT-006,234.56,6.381,1.421,0.949,50.058,2.08,NORMAL
5957,2026-08-01 01:39:16,TR-104,LT-001,229.51,5.141,1.128,0.956,50.019,3.43,NORMAL
3,2026-08-01 00:00:02,TR-104,LT-004,232.59,7.655,1.633,0.917,49.913,3.43,NORMAL
2371,2026-08-01 00:39:30,TR-103,LT-004,229.38,6.451,1.345,0.909,50.032,2.28,NORMAL
7915,2026-08-01 02:11:54,TR-102,LT-003,228.65,8.402,1.772,0.923,50.06,2.74,NORMAL
1770,2026-08-01 00:29:29,TR-101,LT-003,232.21,4.452,0.982,0.95,49.967,3.09,NORMAL
8507,2026-08-01 00:08:26,TR-103,LT-001,191.1,9.547,1.38,0.756,49.922,16.85,WARNING
6026,2026-08-01 01:40:25,TR-103,LT-003,230.47,11.235,2.411,0.931,49.948,2.23,NORMAL
532,2026-08-01 00:08:51,TR-104,LT-006,223.35,5.115,1.11,0.972,50.072,2.81,NORMAL
8725,2026-08-01 00:12:04,TR-102,LT-003,188.91,9.848,1.689,0.908,50.048,13.41,WARNING
8650,2026-08-01 00:10:49,TR-104,LT-006,192.21,8.761,1.474,0.875,49.951,13.26,WARNING
7874,2026-08-01 02:11:13,TR-101,LT-002,226.39,8.4,1.835,0.965,49.946,4.62,NORMAL
8891,2026-08-01 00:14:50,TR-102,LT-001,203.88,11.065,1.818,0.806,49.988,15.57,WARNING
3121,2026-08-01 00:52:00,TR-102,LT-001,228.07,8.827,1.971,0.979,50.036,2.44,NORMAL
9023,2026-08-01 00:17:02,TR-103,LT-004,175.62,5.931,0.864,0.83,49.98,17.14,WARNING
732,2026-08-01 00:12:11,TR-101,LT-005,226.09,7.738,1.635,0.935,50.06,1.81,NORMAL
3407,2026-08-01 00:56:46,TR-101,LT-006,232.73,6.459,1.408,0.936,49.941,1.58,NORMAL
2340,2026-08-01 00:38:59,TR-102,LT-001,227.36,5.745,1.216,0.931,50.015,0.72,NORMAL
5968,2026-08-01 01:39:27,TR-102,LT-001,234.9,9.472,2.065,0.928,49.876,0.89,NORMAL
6581,2026-08-01 01:49:40,TR-101,LT-005,228.85,7.871,1.664,0.924,49.919,1.58,NORMAL
2566,2026-08-01 00:42:45,TR-102,LT-004,228.37,5.117,1.087,0.93,49.899,2.02,NORMAL
7727,2026-08-01 02:08:46,TR-103,LT-001,224.86,10.742,2.228,0.922,49.981,2.01,NORMAL
7821,2026-08-01 02:10:20,TR-104,LT-003,232.4,7.726,1.713,0.954,49.884,0.92,NORMAL
6714,2026-08-01 01:51:53,TR-103,LT-003,231.14,10.771,2.391,0.96,49.925,1.79,NORMAL
6996,2026-08-01 01:56:35,TR-102,LT-006,228.81,6.181,1.285,0.909,50.035,3.0,NORMAL
6943,2026-08-01 01:55:42,TR-102,LT-006,235.2,6.503,1.483,0.97,49.953,1.4,NORMAL
7795,2026-08-01 02:09:54,TR-101,LT-002,230.3,7.392,1.583,0.93,50.047,0.11,NORMAL
8976,2026-08-01 00:16:15,TR-101,LT-005,161.93,12.192,1.59,0.805,49.777,18.69,WARNING
1256,2026-08-01 00:20:55,TR-102,LT-001,225.16,7.049,1.518,0.957,50.062,3.02,NORMAL
2105,2026-08-01 00:35:04,TR-101,LT-005,225.24,6.284,1.364,0.964,50.006,2.18,NORMAL
6735,2026-08-01 01:52:14,TR-103,LT-002,232.46,8.095,1.76,0.935,49.938,1.91,NORMAL
9779,2026-08-01 00:09:38,TR-103,LT-001,74.58,0.378,0.017,0.586,49.932,66.96,POSSIBLE_BROKEN_LT
6225,2026-08-01 01:43:44,TR-102,LT-004,232.08,5.721,1.285,0.968,49.926,1.53,NORMAL
9151,2026-08-01 00:19:10,TR-103,LT-004,184.36,11.983,1.9,0.86,49.916,7.67,WARNING
4995,2026-08-01 01:23:14,TR-102,LT-004,227.37,10.474,2.194,0.921,50.078,0.65,NORMAL
8970,2026-08-01 00:16:09,TR-101,LT-004,201.45,6.303,1.164,0.917,50.004,10.34,WARNING
6840,2026-08-01 01:53:59,TR-102,LT-001,228.97,9.612,2.028,0.922,49.95,3.66,NORMAL
5058,2026-08-01 01:24:17,TR-101,LT-001,230.08,5.83,1.235,0.921,50.05,1.29,NORMAL
5847,2026-08-01 01:37:26,TR-103,LT-005,241.71,7.941,1.806,0.941,50.027,1.98,NORMAL
4435,2026-08-01 01:13:54,TR-101,LT-003,227.79,6.446,1.388,0.945,50.087,3.26,NORMAL
3485,2026-08-01 00:58:04,TR-103,LT-002,225.96,6.814,1.48,0.961,50.108,1.68,NORMAL
9494,2026-08-01 00:04:53,TR-103,LT-004,85.27,0.351,0.012,0.392,49.955,31.58,POSSIBLE_BROKEN_LT
5319,2026-08-01 01:28:38,TR-103,LT-003,229.23,7.718,1.658,0.937,49.888,0.73,NORMAL
3817,2026-08-01 01:03:36,TR-101,LT-001,228.47,9.78,2.112,0.945,49.799,2.34,NORMAL
5730,2026-08-01 01:35:29,TR-101,LT-001,229.79,8.753,1.82,0.905,50.19,1.91,NORMAL
8904,2026-08-01 00:15:03,TR-102,LT-006,188.12,5.676,0.831,0.778,50.02,10.48,WARNING
7841,2026-08-01 02:10:40,TR-102,LT-004,229.75,8.102,1.724,0.926,49.986,2.45,NORMAL
9890,2026-08-01 00:11:29,TR-102,LT-003,86.45,0.254,0.008,0.374,49.972,28.54,POSSIBLE_BROKEN_LT
1622,2026-08-01 00:27:01,TR-102,LT-003,224.25,6.98,1.481,0.946,50.085,1.45,NORMAL
9424,2026-08-01 00:03:43,TR-104,LT-004,70.31,0.429,0.016,0.517,50.004,36.22,POSSIBLE_BROKEN_LT
6308,2026-08-01 01:45:07,TR-101,LT-006,233.43,7.44,1.571,0.905,49.931,1.93,NORMAL
9305,2026-08-01 00:01:44,TR-102,LT-002,65.2,0.247,0.006,0.344,50.078,41.95,POSSIBLE_BROKEN_LT
8903,2026-08-01 00:15:02,TR-103,LT-006,175.93,12.851,1.885,0.834,50.024,9.92,WARNING
1097,2026-08-01 00:18:16,TR-101,LT-003,230.31,5.474,1.207,0.958,50.057,2.27,NORMAL
8058,2026-08-01 00:00:57,TR-101,LT-003,186.12,8.175,1.327,0.872,49.954,15.05,WARNING
9482,2026-08-01 00:04:41,TR-101,LT-005,105.47,0.506,0.03,0.556,49.953,29.76,POSSIBLE_BROKEN_LT
2464,2026-08-01 00:41:03,TR-101,LT-006,225.05,6.309,1.326,0.934,50.077,1.73,NORMAL
8290,2026-08-01 00:04:49,TR-104,LT-003,180.06,10.201,1.49,0.811,49.91,10.65,WARNING
1789,2026-08-01 00:29:48,TR-104,LT-006,231.28,4.87,1.026,0.911,49.904,2.92,NORMAL
251,2026-08-01 00:04:10,TR-103,LT-003,224.96,7.181,1.519,0.94,49.993,1.44,NORMAL
9927,2026-08-01 00:12:06,TR-101,LT-004,93.36,0.01,0.0,0.449,50.156,44.48,POSSIBLE_BROKEN_LT
6192,2026-08-01 01:43:11,TR-103,LT-002,225.69,8.374,1.775,0.939,49.986,2.02,NORMAL
9651,2026-08-01 00:07:30,TR-102,LT-005,73.29,0.34,0.002,0.064,49.977,33.63,POSSIBLE_BROKEN_LT
193,2026-08-01 00:03:12,TR-101,LT-001,230.86,7.858,1.644,0.906,49.949,0.8,NORMAL
821,2026-08-01 00:13:40,TR-102,LT-005,227.93,8.762,1.813,0.908,50.039,0.42,NORMAL
9628,2026-08-01 00:07:07,TR-103,LT-002,52.51,0.325,0.011,0.657,49.987,48.96,POSSIBLE_BROKEN_LT
5715,2026-08-01 01:35:14,TR-104,LT-006,231.58,7.368,1.581,0.927,49.944,2.71,NORMAL
7196,2026-08-01 01:59:55,TR-102,LT-002,231.19,6.93,1.463,0.913,50.078,2.79,NORMAL
5716,2026-08-01 01:35:15,TR-103,LT-002,228.3,3.56,0.765,0.941,49.912,0.85,NORMAL
4401,2026-08-01 01:13:20,TR-102,LT-002,231.95,9.514,2.045,0.927,50.008,2.15,NORMAL
9291,2026-08-01 00:01:30,TR-103,LT-004,93.6,0.251,0.013,0.551,49.972,29.16,POSSIBLE_BROKEN_LT
5389,2026-08-01 01:29:48,TR-101,LT-003,224.68,9.855,2.053,0.927,49.837,3.13,NORMAL
4167,2026-08-01 01:09:26,TR-104,LT-001,228.81,6.619,1.417,0.935,49.941,2.86,NORMAL
4952,2026-08-01 01:22:31,TR-103,LT-003,235.01,4.946,1.093,0.94,50.007,0.45,NORMAL
2688,2026-08-01 00:44:47,TR-104,LT-003,223.86,7.481,1.571,0.938,49.969,0.84,NORMAL
4391,2026-08-01 01:13:10,TR-102,LT-003,232.06,10.457,2.276,0.938,50.01,1.24,NORMAL
5861,2026-08-01 01:37:40,TR-104,LT-002,234.97,10.561,2.379,0.959,49.981,4.32,NORMAL
5982,2026-08-01 01:39:41,TR-102,LT-002,236.49,6.861,1.526,0.941,49.815,1.62,NORMAL
4928,2026-08-01 01:22:07,TR-104,LT-003,230.95,8.746,1.844,0.913,50.071,1.25,NORMAL
6736,2026-08-01 01:52:15,TR-103,LT-006,232.04,4.707,1.019,0.933,50.101,2.09,NORMAL
2608,2026-08-01 00:43:27,TR-102,LT-004,221.18,7.782,1.571,0.913,50.054,2.48,NORMAL
7467,2026-08-01 02:04:26,TR-102,LT-005,228.71,9.744,2.09,0.938,49.97,2.06,NORMAL
239,2026-08-01 00:03:58,TR-104,LT-006,227.35,11.232,2.472,0.968,49.99,0.05,NORMAL
4016,2026-08-01 01:06:55,TR-101,LT-001,227.68,6.957,1.486,0.938,50.018,3.19,NORMAL
9263,2026-08-01 00:01:02,TR-101,LT-004,70.57,0.468,0.007,0.206,50.048,41.53,POSSIBLE_BROKEN_LT
2978,2026-08-01 00:49:37,TR-104,LT-005,226.61,6.824,1.506,0.974,49.994,4.07,NORMAL
5713,2026-08-01 01:35:12,TR-103,LT-003,233.43,9.599,2.162,0.965,50.193,1.62,NORMAL
9857,2026-08-01 00:10:56,TR-104,LT-001,58.41,0.293,0.002,0.135,50.054,31.29,POSSIBLE_BROKEN_LT
5474,2026-08-01 01:31:13,TR-102,LT-003,228.0,10.01,2.136,0.936,49.94,3.11,NORMAL
946,2026-08-01 00:15:45,TR-102,LT-002,225.72,7.706,1.649,0.948,50.089,2.29,NORMAL
8252,2026-08-01 00:04:11,TR-103,LT-003,188.62,7.631,1.201,0.835,50.116,20.19,WARNING
7682,2026-08-01 02:08:01,TR-104,LT-006,226.78,9.087,1.928,0.936,49.903,0.32,NORMAL
5098,2026-08-01 01:24:57,TR-102,LT-005,225.51,6.642,1.458,0.973,49.892,1.88,NORMAL
6806,2026-08-01 01:53:25,TR-104,LT-006,229.49,6.677,1.45,0.946,49.974,2.7,NORMAL
5804,2026-08-01 01:36:43,TR-103,LT-005,237.28,7.064,1.618,0.966,49.932,1.92,NORMAL
3553,2026-08-01 00:59:12,TR-103,LT-006,231.39,10.352,2.259,0.943,50.033,1.7,NORMAL
9970,2026-08-01 00:12:49,TR-104,LT-003,86.77,0.345,0.011,0.36,50.085,37.38,POSSIBLE_BROKEN_LT
3361,2026-08-01 00:56:00,TR-101,LT-001,225.39,10.659,2.31,0.961,49.983,2.02,NORMAL
8250,2026-08-01 00:04:09,TR-102,LT-002,167.13,1.988,0.277,0.834,50.024,4.32,WARNING
2411,2026-08-01 00:40:10,TR-104,LT-006,233.28,8.006,1.807,0.967,50.072,2.25,NORMAL
4508,2026-08-01 01:15:07,TR-101,LT-006,231.06,7.114,1.617,0.984,49.993,0.14,NORMAL
8463,2026-08-01 00:07:42,TR-102,LT-001,186.12,6.486,1.092,0.905,49.933,17.68,WARNING
3983,2026-08-01 01:06:22,TR-104,LT-003,242.61,2.953,0.66,0.921,50.171,2.41,NORMAL
147,2026-08-01 00:02:26,TR-104,LT-001,225.05,9.255,2.05,0.984,49.929,1.55,NORMAL
6649,2026-08-01 01:50:48,TR-102,LT-004,234.42,12.837,2.763,0.918,50.02,2.51,NORMAL
2295,2026-08-01 00:38:14,TR-104,LT-006,226.68,8.206,1.745,0.938,49.984,1.9,NORMAL
2254,2026-08-01 00:37:33,TR-101,LT-001,229.95,6.463,1.404,0.945,49.946,3.77,NORMAL
3612,2026-08-01 01:00:11,TR-102,LT-002,230.45,13.205,2.879,0.946,49.831,2.66,NORMAL
5354,2026-08-01 01:29:13,TR-101,LT-006,234.65,9.877,2.197,0.948,50.008,1.45,NORMAL
1737,2026-08-01 00:28:56,TR-103,LT-006,225.79,8.837,1.955,0.98,50.031,1.11,NORMAL
7916,2026-08-01 02:11:55,TR-104,LT-003,230.01,9.023,1.896,0.914,49.884,2.58,NORMAL
7660,2026-08-01 02:07:39,TR-101,LT-002,226.64,6.528,1.374,0.929,49.965,0.9,NORMAL
115,2026-08-01 00:01:54,TR-102,LT-005,229.23,6.222,1.395,0.978,50.098,3.6,NORMAL
8861,2026-08-01 00:14:20,TR-102,LT-002,169.92,11.599,1.69,0.857,50.009,13.43,WARNING
5650,2026-08-01 01:34:09,TR-103,LT-005,233.75,9.22,2.028,0.941,49.873,3.85,NORMAL
9845,2026-08-01 00:10:44,TR-101,LT-001,74.7,0.341,0.015,0.596,49.875,45.93,POSSIBLE_BROKEN_LT
499,2026-08-01 00:08:18,TR-103,LT-004,226.5,4.44,0.959,0.953,50.018,0.94,NORMAL
7823,2026-08-01 02:10:22,TR-104,LT-006,228.02,9.869,2.051,0.911,49.963,2.72,NORMAL
721,2026-08-01 00:12:00,TR-104,LT-003,231.23,7.381,1.569,0.919,49.965,0.4,NORMAL
7259,2026-08-01 02:00:58,TR-103,LT-001,227.66,5.706,1.196,0.921,50.094,1.89,NORMAL
8844,2026-08-01 00:14:03,TR-103,LT-001,172.52,13.69,2.331,0.987,49.888,21.6,WARNING
5731,2026-08-01 01:35:30,TR-104,LT-002,229.42,8.544,1.855,0.946,49.973,2.47,NORMAL
3090,2026-08-01 00:51:29,TR-104,LT-004,230.57,11.209,2.273,0.879,50.042,0.71,NORMAL
7227,2026-08-01 02:00:26,TR-103,LT-004,229.77,9.086,1.871,0.896,50.003,3.33,NORMAL
7307,2026-08-01 02:01:46,TR-102,LT-004,234.09,8.145,1.79,0.939,49.925,2.92,NORMAL
6509,2026-08-01 01:48:28,TR-103,LT-006,225.11,8.026,1.612,0.892,49.94,3.61,NORMAL
597,2026-08-01 00:09:56,TR-101,LT-004,228.92,7.127,1.564,0.959,50.035,3.04,NORMAL
9093,2026-08-01 00:18:12,TR-102,LT-001,217.52,9.801,1.56,0.732,50.101,11.15,WARNING
6096,2026-08-01 01:41:35,TR-104,LT-002,232.95,6.744,1.54,0.98,49.977,1.97,NORMAL
6054,2026-08-01 01:40:53,TR-104,LT-003,233.42,6.122,1.337,0.935,49.989,0.14,NORMAL
5165,2026-08-01 01:26:04,TR-102,LT-005,233.18,6.191,1.336,0.925,50.086,4.21,NORMAL
1648,2026-08-01 00:27:27,TR-104,LT-003,233.94,7.942,1.75,0.942,50.021,5.22,NORMAL
8168,2026-08-01 00:02:47,TR-104,LT-004,217.35,5.206,1.013,0.895,50.026,13.02,WARNING
6921,2026-08-01 01:55:20,TR-101,LT-003,231.03,7.722,1.625,0.911,49.966,2.4,NORMAL
2701,2026-08-01 00:45:00,TR-104,LT-005,231.55,6.884,1.435,0.9,50.071,3.05,NORMAL
8204,2026-08-01 00:03:23,TR-103,LT-002,199.46,12.413,2.191,0.885,50.039,6.09,WARNING
1701,2026-08-01 00:28:20,TR-102,LT-003,231.4,7.508,1.625,0.935,49.98,2.43,NORMAL
8944,2026-08-01 00:15:43,TR-104,LT-001,198.26,12.497,1.893,0.764,50.084,3.11,WARNING
5405,2026-08-01 01:30:04,TR-102,LT-006,226.59,6.23,1.305,0.924,50.007,1.36,NORMAL
7220,2026-08-01 02:00:19,TR-104,LT-005,223.04,9.762,1.962,0.901,49.861,3.14,NORMAL
7503,2026-08-01 02:05:02,TR-102,LT-002,233.01,11.326,2.472,0.937,49.984,2.37,NORMAL
2943,2026-08-01 00:49:02,TR-104,LT-003,232.56,9.376,2.028,0.93,50.028,3.32,NORMAL
6302,2026-08-01 01:45:01,TR-104,LT-004,224.24,6.486,1.392,0.957,49.981,1.99,NORMAL
87,2026-08-01 00:01:26,TR-103,LT-004,233.66,4.031,0.888,0.943,50.002,1.93,NORMAL
2309,2026-08-01 00:38:28,TR-104,LT-004,232.14,7.691,1.725,0.966,50.021,2.9,NORMAL
2678,2026-08-01 00:44:37,TR-104,LT-006,223.74,8.356,1.724,0.922,50.074,1.93,NORMAL
8217,2026-08-01 00:03:36,TR-102,LT-003,166.02,4.569,0.759,1.0,50.086,9.08,WARNING
7730,2026-08-01 02:08:49,TR-101,LT-001,230.67,6.981,1.52,0.944,50.005,1.83,NORMAL
2595,2026-08-01 00:43:14,TR-104,LT-006,233.39,8.672,1.904,0.941,49.933,2.55,NORMAL
5885,2026-08-01 01:38:04,TR-103,LT-001,224.08,10.765,2.323,0.963,49.945,2.39,NORMAL
1030,2026-08-01 00:17:09,TR-103,LT-002,225.91,6.641,1.428,0.952,50.135,1.48,NORMAL
137,2026-08-01 00:02:16,TR-104,LT-002,226.87,6.183,1.299,0.926,50.036,2.59,NORMAL
6832,2026-08-01 01:53:51,TR-104,LT-004,227.0,6.671,1.403,0.927,49.902,0.53,NORMAL
7815,2026-08-01 02:10:14,TR-104,LT-004,230.47,8.512,1.774,0.904,50.082,2.17,NORMAL
2855,2026-08-01 00:47:34,TR-104,LT-002,234.87,6.373,1.386,0.926,50.111,2.69,NORMAL
4410,2026-08-01 01:13:29,TR-102,LT-003,233.5,4.267,0.942,0.945,50.2,0.67,NORMAL
1201,2026-08-01 00:20:00,TR-104,LT-006,230.5,11.328,2.472,0.947,49.908,1.69,NORMAL
4718,2026-08-01 01:18:37,TR-101,LT-005,234.74,5.105,1.101,0.919,50.018,2.87,NORMAL
9518,2026-08-01 00:05:17,TR-103,LT-002,76.22,0.347,0.01,0.376,49.996,65.0,POSSIBLE_BROKEN_LT
6595,2026-08-01 01:49:54,TR-102,LT-006,222.64,4.241,0.924,0.979,49.995,3.28,NORMAL
567,2026-08-01 00:09:26,TR-102,LT-001,221.85,10.461,2.137,0.921,50.048,2.98,NORMAL
7329,2026-08-01 02:02:08,TR-102,LT-004,224.5,8.08,1.794,0.989,50.023,3.44,NORMAL
5431,2026-08-01 01:30:30,TR-104,LT-002,227.26,6.684,1.463,0.963,50.21,0.33,NORMAL
3928,2026-08-01 01:05:27,TR-104,LT-004,231.85,8.602,1.796,0.9,49.904,0.32,NORMAL
6056,2026-08-01 01:40:55,TR-102,LT-006,236.0,9.887,2.091,0.896,49.963,0.83,NORMAL
7590,2026-08-01 02:06:29,TR-101,LT-001,230.68,5.054,1.074,0.921,49.965,0.39,NORMAL
7123,2026-08-01 01:58:42,TR-104,LT-005,228.09,9.185,1.963,0.937,50.055,2.46,NORMAL
6573,2026-08-01 01:49:32,TR-104,LT-003,238.57,8.409,1.876,0.935,50.113,1.45,NORMAL
6536,2026-08-01 01:48:55,TR-101,LT-002,233.28,4.983,1.155,0.993,49.991,1.39,NORMAL
8914,2026-08-01 00:15:13,TR-101,LT-003,169.85,13.409,1.851,0.813,49.898,15.95,WARNING
8276,2026-08-01 00:04:35,TR-103,LT-002,198.16,7.292,1.273,0.881,49.943,13.27,WARNING
2331,2026-08-01 00:38:50,TR-101,LT-006,228.82,6.45,1.386,0.939,50.03,1.85,NORMAL
3516,2026-08-01 00:58:35,TR-101,LT-005,231.9,11.066,2.438,0.95,49.941,2.99,NORMAL
2188,2026-08-01 00:36:27,TR-102,LT-004,228.93,5.834,1.264,0.947,49.971,0.26,NORMAL
196,2026-08-01 00:03:15,TR-102,LT-005,231.54,9.996,2.126,0.919,50.032,0.53,NORMAL
7258,2026-08-01 02:00:57,TR-104,LT-001,232.6,10.136,2.16,0.916,49.995,1.53,NORMAL
5667,2026-08-01 01:34:26,TR-101,LT-003,232.78,11.513,2.559,0.955,49.993,2.98,NORMAL
5060,2026-08-01 01:24:19,TR-102,LT-005,228.3,8.835,1.838,0.911,49.879,2.96,NORMAL
803,2026-08-01 00:13:22,TR-101,LT-004,230.38,8.993,1.95,0.941,50.106,1.53,NORMAL
8849,2026-08-01 00:14:08,TR-104,LT-002,170.8,7.207,1.021,0.83,50.143,8.14,WARNING
9929,2026-08-01 00:12:08,TR-101,LT-004,105.05,0.444,0.034,0.733,49.875,33.5,POSSIBLE_BROKEN_LT
2069,2026-08-01 00:34:28,TR-101,LT-005,235.69,8.431,1.874,0.943,50.022,3.09,NORMAL
9083,2026-08-01 00:18:02,TR-104,LT-003,165.72,10.879,1.527,0.847,50.045,19.47,WARNING
8745,2026-08-01 00:12:24,TR-101,LT-001,161.13,9.05,1.219,0.836,49.926,15.21,WARNING
645,2026-08-01 00:10:44,TR-102,LT-005,229.02,8.504,1.909,0.98,50.056,0.3,NORMAL
9375,2026-08-01 00:02:54,TR-102,LT-005,92.47,0.492,0.018,0.389,50.001,26.78,POSSIBLE_BROKEN_LT
5104,2026-08-01 01:25:03,TR-103,LT-006,230.31,5.147,1.083,0.913,50.014,1.0,NORMAL
5461,2026-08-01 01:31:00,TR-101,LT-004,229.85,7.218,1.555,0.937,50.189,2.36,NORMAL
1638,2026-08-01 00:27:17,TR-103,LT-001,231.69,10.994,2.337,0.918,50.01,1.33,NORMAL
121,2026-08-01 00:02:00,TR-104,LT-003,233.16,10.281,2.31,0.964,50.011,1.73,NORMAL
2982,2026-08-01 00:49:41,TR-104,LT-006,235.09,8.599,1.898,0.939,50.058,3.89,NORMAL
5070,2026-08-01 01:24:29,TR-103,LT-002,231.16,6.902,1.503,0.942,50.004,3.23,NORMAL
3075,2026-08-01 00:51:14,TR-102,LT-003,227.07,6.689,1.38,0.909,49.924,1.96,NORMAL
8928,2026-08-01 00:15:27,TR-104,LT-004,188.82,11.91,1.903,0.846,50.121,11.27,WARNING
3279,2026-08-01 00:54:38,TR-103,LT-003,230.32,8.852,1.877,0.92,50.105,3.4,NORMAL
2136,2026-08-01 00:35:35,TR-101,LT-005,227.71,7.049,1.45,0.903,49.943,1.11,NORMAL
8942,2026-08-01 00:15:41,TR-103,LT-005,200.38,13.857,2.218,0.799,49.954,16.18,WARNING
4971,2026-08-01 01:22:50,TR-101,LT-001,236.11,7.626,1.571,0.873,50.043,2.8,NORMAL
6196,2026-08-01 01:43:15,TR-104,LT-004,229.4,7.549,1.611,0.93,49.978,1.76,NORMAL
135,2026-08-01 00:02:14,TR-104,LT-003,226.32,4.939,1.021,0.913,49.935,3.49,NORMAL
7732,2026-08-01 02:08:51,TR-104,LT-001,230.97,5.208,1.11,0.923,50.068,2.08,NORMAL
5325,2026-08-01 01:28:44,TR-101,LT-002,230.79,9.13,1.944,0.922,49.995,1.6,NORMAL
9641,2026-08-01 00:07:20,TR-101,LT-003,116.41,0.393,0.018,0.396,50.072,44.55,POSSIBLE_BROKEN_LT
6161,2026-08-01 01:42:40,TR-104,LT-004,230.57,10.116,2.259,0.968,49.918,1.39,NORMAL
2560,2026-08-01 00:42:39,TR-102,LT-004,233.7,10.727,2.365,0.943,50.083,1.76,NORMAL
63,2026-08-01 00:01:02,TR-101,LT-004,225.57,4.994,1.106,0.982,50.026,2.98,NORMAL
1359,2026-08-01 00:22:38,TR-104,LT-005,224.08,7.21,1.547,0.958,49.973,0.41,NORMAL
6726,2026-08-01 01:52:05,TR-103,LT-002,234.79,12.608,2.642,0.893,50.067,1.79,NORMAL
2468,2026-08-01 00:41:07,TR-104,LT-005,230.15,10.317,2.207,0.929,49.999,1.12,NORMAL
680,2026-08-01 00:11:19,TR-104,LT-002,235.09,4.791,1.059,0.94,50.008,2.22,NORMAL
6798,2026-08-01 01:53:17,TR-104,LT-003,236.29,8.0,1.714,0.907,49.968,0.63,NORMAL
742,2026-08-01 00:12:21,TR-104,LT-002,224.88,11.04,2.303,0.928,49.947,0.48,NORMAL
5308,2026-08-01 01:28:27,TR-101,LT-005,226.59,4.727,0.979,0.914,50.11,2.34,NORMAL
7628,2026-08-01 02:07:07,TR-101,LT-002,231.97,9.174,2.01,0.945,49.966,2.85,NORMAL
3642,2026-08-01 01:00:41,TR-102,LT-001,229.27,7.937,1.621,0.891,50.001,3.07,NORMAL
445,2026-08-01 00:07:24,TR-102,LT-006,224.78,8.376,1.75,0.93,49.99,1.26,NORMAL
8141,2026-08-01 00:02:20,TR-101,LT-004,185.69,12.178,2.134,0.944,50.028,8.92,WARNING
3259,2026-08-01 00:54:18,TR-101,LT-006,234.75,7.081,1.583,0.952,50.048,3.39,NORMAL
4664,2026-08-01 01:17:43,TR-104,LT-003,228.11,7.334,1.534,0.917,49.907,0.72,NORMAL
1874,2026-08-01 00:31:13,TR-101,LT-003,233.12,10.782,2.462,0.98,49.896,1.44,NORMAL
6367,2026-08-01 01:46:06,TR-103,LT-004,229.01,6.773,1.406,0.906,49.96,1.06,NORMAL
2597,2026-08-01 00:43:16,TR-101,LT-006,227.57,8.999,1.888,0.922,50.055,2.17,NORMAL
1718,2026-08-01 00:28:37,TR-103,LT-005,230.76,5.868,1.268,0.936,50.052,0.86,NORMAL
2913,2026-08-01 00:48:32,TR-104,LT-005,227.08,5.127,1.087,0.934,50.016,0.88,NORMAL
2844,2026-08-01 00:47:23,TR-103,LT-006,225.33,9.183,1.959,0.947,49.848,0.49,NORMAL
4028,2026-08-01 01:07:07,TR-104,LT-001,228.96,12.897,2.71,0.918,49.949,2.32,NORMAL
5489,2026-08-01 01:31:28,TR-101,LT-005,227.15,8.533,1.78,0.919,50.028,1.85,NORMAL
8635,2026-08-01 00:10:34,TR-102,LT-002,190.67,10.112,1.566,0.812,50.033,26.24,WARNING
8038,2026-08-01 00:00:37,TR-101,LT-002,220.25,12.57,2.374,0.857,50.0,9.37,WARNING
9233,2026-08-01 00:00:32,TR-103,LT-003,51.55,0.658,0.011,0.331,50.195,26.95,POSSIBLE_BROKEN_LT
490,2026-08-01 00:08:09,TR-103,LT-005,233.53,6.553,1.508,0.985,49.995,1.74,NORMAL
494,2026-08-01 00:08:13,TR-101,LT-004,226.55,6.889,1.451,0.93,50.043,0.19,NORMAL
691,2026-08-01 00:11:30,TR-102,LT-001,228.56,9.021,1.915,0.929,49.931,1.61,NORMAL
3822,2026-08-01 01:03:41,TR-103,LT-004,231.08,5.171,1.116,0.934,49.945,2.81,NORMAL
603,2026-08-01 00:10:02,TR-104,LT-005,233.48,13.172,2.85,0.927,49.999,2.48,NORMAL
1912,2026-08-01 00:31:51,TR-104,LT-002,238.93,9.936,2.181,0.919,49.882,1.28,NORMAL
1015,2026-08-01 00:16:54,TR-103,LT-001,236.94,7.572,1.697,0.946,49.801,2.44,NORMAL
6157,2026-08-01 01:42:36,TR-104,LT-005,229.37,11.88,2.425,0.89,50.022,3.22,NORMAL
1994,2026-08-01 00:33:13,TR-102,LT-003,232.83,5.003,1.104,0.948,50.163,1.69,NORMAL
5770,2026-08-01 01:36:09,TR-104,LT-003,223.51,8.188,1.714,0.937,50.027,1.85,NORMAL
3758,2026-08-01 01:02:37,TR-101,LT-004,238.17,11.457,2.644,0.969,50.193,1.97,NORMAL
2367,2026-08-01 00:39:26,TR-101,LT-001,227.86,5.969,1.284,0.944,50.017,0.43,NORMAL
5284,2026-08-01 01:28:03,TR-103,LT-004,232.4,6.088,1.292,0.913,50.001,3.02,NORMAL
4371,2026-08-01 01:12:50,TR-104,LT-005,223.03,8.59,1.807,0.943,49.932,1.09,NORMAL
6884,2026-08-01 01:54:43,TR-102,LT-001,229.24,8.707,1.87,0.937,50.008,1.18,NORMAL
7012,2026-08-01 01:56:51,TR-103,LT-005,230.13,11.11,2.348,0.918,50.113,0.53,NORMAL
1362,2026-08-01 00:22:41,TR-102,LT-005,232.32,10.828,2.424,0.964,50.064,1.9,NORMAL
8462,2026-08-01 00:07:41,TR-103,LT-006,225.0,8.196,1.608,0.872,49.842,11.69,WARNING
1527,2026-08-01 00:25:26,TR-102,LT-004,237.54,5.622,1.254,0.939,50.047,3.37,NORMAL
1328,2026-08-01 00:22:07,TR-103,LT-005,229.42,10.149,2.172,0.933,50.098,3.5,NORMAL
8508,2026-08-01 00:08:27,TR-103,LT-003,178.12,7.313,1.048,0.804,50.114,16.09,WARNING
9032,2026-08-01 00:17:11,TR-104,LT-006,153.1,11.623,1.51,0.849,49.905,16.19,WARNING
1552,2026-08-01 00:25:51,TR-101,LT-002,229.19,8.145,1.705,0.914,50.05,1.14,NORMAL
7770,2026-08-01 02:09:29,TR-102,LT-003,234.67,7.592,1.622,0.911,49.984,2.09,NORMAL
9909,2026-08-01 00:11:48,TR-102,LT-006,70.21,0.246,0.01,0.59,49.895,34.96,POSSIBLE_BROKEN_LT
1338,2026-08-01 00:22:17,TR-104,LT-001,228.79,7.576,1.551,0.895,49.99,2.47,NORMAL
3902,2026-08-01 01:05:01,TR-104,LT-001,229.48,5.514,1.172,0.926,50.036,2.01,NORMAL
3011,2026-08-01 00:50:10,TR-103,LT-006,229.63,8.413,1.743,0.902,49.896,1.74,NORMAL
5042,2026-08-01 01:24:01,TR-101,LT-004,223.23,7.029,1.449,0.924,49.8,1.81,NORMAL
8826,2026-08-01 00:13:45,TR-101,LT-003,219.97,12.998,2.636,0.922,50.125,12.0,WARNING
2251,2026-08-01 00:37:30,TR-102,LT-004,229.49,6.884,1.537,0.973,50.0,1.12,NORMAL
6534,2026-08-01 01:48:53,TR-103,LT-006,235.02,9.83,2.31,1.0,50.027,1.9,NORMAL
5040,2026-08-01 01:23:59,TR-103,LT-004,231.53,10.677,2.329,0.942,49.99,2.37,NORMAL
2347,2026-08-01 00:39:06,TR-101,LT-002,228.08,9.776,2.023,0.907,50.032,1.84,NORMAL
9283,2026-08-01 00:01:22,TR-103,LT-002,77.43,0.413,0.012,0.384,50.004,22.78,POSSIBLE_BROKEN_LT
5486,2026-08-01 01:31:25,TR-101,LT-001,232.98,9.598,2.043,0.914,50.105,2.7,NORMAL
2785,2026-08-01 00:46:24,TR-102,LT-001,228.05,11.161,2.375,0.933,50.039,2.49,NORMAL
5120,2026-08-01 01:25:19,TR-102,LT-005,233.27,8.966,1.975,0.944,49.91,2.68,NORMAL
7551,2026-08-01 02:05:50,TR-102,LT-006,231.37,4.485,0.964,0.929,50.067,1.36,NORMAL
5556,2026-08-01 01:32:35,TR-101,LT-001,224.2,7.164,1.552,0.967,49.986,2.18,NORMAL
5600,2026-08-01 01:33:19,TR-104,LT-002,231.84,8.626,1.813,0.907,50.06,1.12,NORMAL
7631,2026-08-01 02:07:10,TR-101,LT-006,234.29,10.284,2.288,0.95,49.947,0.69,NORMAL
151,2026-08-01 00:02:30,TR-102,LT-003,231.0,8.935,1.937,0.939,50.048,1.98,NORMAL
2805,2026-08-01 00:46:44,TR-102,LT-003,229.62,9.861,2.1,0.928,49.888,2.7,NORMAL
5875,2026-08-01 01:37:54,TR-104,LT-003,235.08,8.259,1.779,0.916,50.112,0.22,NORMAL
2087,2026-08-01 00:34:46,TR-103,LT-003,227.97,6.063,1.323,0.957,50.006,2.76,NORMAL
3752,2026-08-01 01:02:31,TR-102,LT-003,231.32,10.949,2.367,0.935,49.977,1.7,NORMAL
5613,2026-08-01 01:33:32,TR-101,LT-005,234.15,5.89,1.286,0.933,50.142,1.25,NORMAL
2260,2026-08-01 00:37:39,TR-104,LT-006,230.8,7.934,1.764,0.963,50.162,0.28,NORMAL
4018,2026-08-01 01:06:57,TR-104,LT-005,232.78,6.545,1.374,0.902,50.143,2.13,NORMAL
6114,2026-08-01 01:41:53,TR-101,LT-003,226.51,7.02,1.474,0.927,50.107,2.26,NORMAL
6059,2026-08-01 01:40:58,TR-104,LT-003,240.57,12.301,2.754,0.931,50.181,1.45,NORMAL
2425,2026-08-01 00:40:24,TR-104,LT-001,223.88,6.091,1.286,0.943,49.947,1.79,NORMAL
8035,2026-08-01 00:00:34,TR-102,LT-005,178.57,10.819,1.813,0.938,50.105,10.53,WARNING
3857,2026-08-01 01:04:16,TR-104,LT-005,224.42,7.525,1.575,0.933,50.091,0.85,NORMAL
860,2026-08-01 00:14:19,TR-102,LT-001,232.53,4.37,0.972,0.957,50.033,2.95,NORMAL
8171,2026-08-01 00:02:50,TR-101,LT-004,179.94,7.294,1.1,0.838,50.156,3.94,WARNING
7592,2026-08-01 02:06:31,TR-103,LT-001,232.43,7.555,1.594,0.908,49.916,2.26,NORMAL
8098,2026-08-01 00:01:37,TR-101,LT-005,172.32,11.338,1.686,0.863,49.87,5.88,WARNING
7321,2026-08-01 02:02:00,TR-102,LT-003,232.54,9.272,2.097,0.972,50.046,1.96,NORMAL
8564,2026-08-01 00:09:23,TR-101,LT-001,147.35,9.515,1.16,0.827,50.01,8.32,WARNING
4740,2026-08-01 01:18:59,TR-101,LT-004,232.81,9.881,2.108,0.917,49.973,2.03,NORMAL
8595,2026-08-01 00:09:54,TR-101,LT-001,204.8,8.063,1.223,0.741,50.093,8.64,WARNING
4463,2026-08-01 01:14:22,TR-101,LT-001,233.37,6.069,1.347,0.951,49.996,2.08,NORMAL
5529,2026-08-01 01:32:08,TR-103,LT-005,229.28,11.563,2.589,0.977,50.082,2.5,NORMAL
1365,2026-08-01 00:22:44,TR-104,LT-005,234.79,10.222,2.303,0.96,49.894,0.86,NORMAL
1780,2026-08-01 00:29:39,TR-102,LT-006,227.23,8.737,1.856,0.935,50.0,1.43,NORMAL
9222,2026-08-01 00:00:21,TR-102,LT-002,121.26,0.454,0.018,0.335,50.037,24.61,POSSIBLE_BROKEN_LT
4786,2026-08-01 01:19:45,TR-103,LT-001,228.78,9.892,2.097,0.927,50.037,1.54,NORMAL
6335,2026-08-01 01:45:34,TR-102,LT-001,229.54,6.13,1.331,0.946,49.964,1.71,NORMAL
1819,2026-08-01 00:30:18,TR-104,LT-005,229.16,5.821,1.271,0.953,49.942,0.61,NORMAL
7800,2026-08-01 02:09:59,TR-102,LT-004,222.67,10.952,2.292,0.94,49.927,4.06,NORMAL
4938,2026-08-01 01:22:17,TR-104,LT-002,234.92,9.442,2.162,0.975,50.046,2.0,NORMAL
2705,2026-08-01 00:45:04,TR-104,LT-001,231.0,9.176,1.94,0.915,50.138,2.11,NORMAL
5286,2026-08-01 01:28:05,TR-103,LT-003,231.66,8.155,1.773,0.938,49.977,2.8,NORMAL
176,2026-08-01 00:02:55,TR-101,LT-004,233.31,10.242,2.184,0.914,49.882,2.16,NORMAL
7482,2026-08-01 02:04:41,TR-101,LT-002,231.18,7.468,1.653,0.957,49.971,1.42,NORMAL
2094,2026-08-01 00:34:53,TR-102,LT-003,225.44,6.038,1.257,0.923,49.967,1.31,NORMAL
8751,2026-08-01 00:12:30,TR-103,LT-006,183.37,15.413,2.41,0.853,50.08,13.78,WARNING
3492,2026-08-01 00:58:11,TR-101,LT-006,229.15,8.361,1.889,0.986,49.885,0.26,NORMAL
1921,2026-08-01 00:32:00,TR-101,LT-003,222.08,5.941,1.179,0.893,49.942,2.32,NORMAL
83,2026-08-01 00:01:22,TR-104,LT-003,235.91,6.942,1.555,0.95,50.077,0.16,NORMAL
817,2026-08-01 00:13:36,TR-104,LT-006,231.07,7.463,1.595,0.925,49.882,1.97,NORMAL
8602,2026-08-01 00:10:01,TR-101,LT-006,177.88,12.2,1.582,0.729,50.075,19.64,WARNING
7355,2026-08-01 02:02:34,TR-104,LT-006,235.24,9.44,2.174,0.979,50.093,2.88,NORMAL
4397,2026-08-01 01:13:16,TR-103,LT-004,226.4,11.569,2.616,0.999,50.106,1.8,NORMAL
9182,2026-08-01 00:19:41,TR-101,LT-006,177.85,9.941,1.667,0.943,50.046,9.64,WARNING
5569,2026-08-01 01:32:48,TR-103,LT-001,231.09,6.791,1.438,0.916,49.922,1.39,NORMAL
284,2026-08-01 00:04:43,TR-104,LT-006,225.05,2.114,0.454,0.955,49.902,1.04,NORMAL
4121,2026-08-01 01:08:40,TR-102,LT-001,227.57,9.891,2.069,0.919,50.006,3.39,NORMAL
7481,2026-08-01 02:04:40,TR-101,LT-006,229.1,7.364,1.583,0.938,49.925,3.21,NORMAL
610,2026-08-01 00:10:09,TR-102,LT-003,235.98,6.462,1.38,0.905,49.868,3.48,NORMAL
2916,2026-08-01 00:48:35,TR-102,LT-005,237.39,7.964,1.757,0.93,50.056,1.74,NORMAL
1814,2026-08-01 00:30:13,TR-103,LT-002,233.59,10.241,2.279,0.952,49.946,1.86,NORMAL
1272,2026-08-01 00:21:11,TR-103,LT-005,232.44,10.557,2.325,0.948,49.956,2.81,NORMAL
5925,2026-08-01 01:38:44,TR-102,LT-002,222.99,12.296,2.67,0.974,50.06,1.5,NORMAL
9596,2026-08-01 00:06:35,TR-101,LT-006,101.01,0.415,0.023,0.559,49.915,49.25,POSSIBLE_BROKEN_LT
2995,2026-08-01 00:49:54,TR-102,LT-003,226.19,5.375,1.133,0.932,49.947,0.96,NORMAL
7110,2026-08-01 01:58:29,TR-104,LT-006,231.42,7.341,1.644,0.968,49.927,1.8,NORMAL
8614,2026-08-01 00:10:13,TR-104,LT-001,179.79,8.63,1.215,0.783,49.92,9.61,WARNING
7357,2026-08-01 02:02:36,TR-104,LT-006,231.22,6.352,1.433,0.976,49.936,1.57,NORMAL
2643,2026-08-01 00:44:02,TR-103,LT-002,226.61,10.139,2.15,0.936,50.134,4.12,NORMAL
6554,2026-08-01 01:49:13,TR-102,LT-001,227.01,9.722,2.032,0.921,50.007,3.34,NORMAL
4509,2026-08-01 01:15:08,TR-101,LT-001,232.63,4.949,1.073,0.932,49.995,3.5,NORMAL
2306,2026-08-01 00:38:25,TR-103,LT-003,242.44,5.452,1.254,0.948,49.92,2.82,NORMAL
6503,2026-08-01 01:48:22,TR-102,LT-004,231.75,9.593,2.125,0.956,50.054,2.21,NORMAL
6261,2026-08-01 01:44:20,TR-101,LT-006,235.67,6.603,1.482,0.952,49.97,1.25,NORMAL
4196,2026-08-01 01:09:55,TR-101,LT-005,228.02,9.013,1.918,0.933,50.086,0.38,NORMAL
5563,2026-08-01 01:32:42,TR-103,LT-006,227.5,4.228,0.867,0.901,49.974,1.6,NORMAL
4841,2026-08-01 01:20:40,TR-101,LT-006,226.77,6.314,1.356,0.947,49.966,1.7,NORMAL
4656,2026-08-01 01:17:35,TR-103,LT-006,238.62,11.23,2.411,0.9,50.008,3.73,NORMAL
8148,2026-08-01 00:02:27,TR-104,LT-003,193.84,13.893,2.075,0.77,50.151,7.51,WARNING
4169,2026-08-01 01:09:28,TR-103,LT-003,233.95,7.848,1.729,0.941,49.891,3.82,NORMAL
3850,2026-08-01 01:04:09,TR-101,LT-006,224.27,7.573,1.595,0.939,49.945,2.21,NORMAL
9848,2026-08-01 00:10:47,TR-104,LT-003,95.61,0.191,0.009,0.473,50.023,29.92,POSSIBLE_BROKEN_LT
8402,2026-08-01 00:06:41,TR-103,LT-002,168.81,11.199,1.489,0.788,49.941,9.11,WARNING
5254,2026-08-01 01:27:33,TR-104,LT-006,224.07,7.156,1.508,0.94,50.124,3.01,NORMAL
7885,2026-08-01 02:11:24,TR-101,LT-005,230.57,7.015,1.492,0.922,50.009,3.46,NORMAL
5534,2026-08-01 01:32:13,TR-102,LT-006,230.84,10.42,2.161,0.898,50.076,0.68,NORMAL
2415,2026-08-01 00:40:14,TR-104,LT-001,234.07,8.007,1.742,0.93,49.919,3.38,NORMAL
3555,2026-08-01 00:59:14,TR-101,LT-001,222.64,8.86,1.786,0.906,50.007,1.1,NORMAL
4692,2026-08-01 01:18:11,TR-103,LT-006,230.97,8.259,1.78,0.933,50.105,2.24,NORMAL
4499,2026-08-01 01:14:58,TR-102,LT-001,221.32,7.631,1.595,0.944,49.799,2.71,NORMAL
2196,2026-08-01 00:36:35,TR-104,LT-005,227.35,9.131,1.933,0.931,49.996,0.14,NORMAL
5046,2026-08-01 01:24:05,TR-103,LT-003,234.28,11.056,2.479,0.957,49.892,0.91,NORMAL
2601,2026-08-01 00:43:20,TR-104,LT-001,222.49,10.378,2.168,0.939,49.91,2.03,NORMAL
1519,2026-08-01 00:25:18,TR-101,LT-004,225.9,7.599,1.641,0.956,49.98,1.86,NORMAL
4765,2026-08-01 01:19:24,TR-103,LT-002,226.02,8.367,1.81,0.957,50.009,1.04,NORMAL
4315,2026-08-01 01:11:54,TR-103,LT-006,228.36,7.225,1.575,0.955,49.99,2.79,NORMAL
3367,2026-08-01 00:56:06,TR-101,LT-004,227.9,7.093,1.569,0.971,50.107,2.14,NORMAL
6066,2026-08-01 01:41:05,TR-103,LT-006,228.91,9.16,2.024,0.965,49.932,2.25,NORMAL
6583,2026-08-01 01:49:42,TR-101,LT-001,228.92,8.495,1.874,0.964,49.992,2.45,NORMAL
2634,2026-08-01 00:43:53,TR-104,LT-005,231.25,4.943,1.069,0.935,50.036,0.91,NORMAL
7338,2026-08-01 02:02:17,TR-101,LT-004,223.05,8.772,1.85,0.945,50.094,2.26,NORMAL
5634,2026-08-01 01:33:53,TR-102,LT-003,231.19,7.951,1.794,0.976,49.965,2.08,NORMAL
9169,2026-08-01 00:19:28,TR-104,LT-005,188.21,11.6,1.805,0.827,50.086,15.63,WARNING
8790,2026-08-01 00:13:09,TR-103,LT-005,201.39,12.646,2.12,0.832,49.943,3.87,WARNING
2435,2026-08-01 00:40:34,TR-102,LT-004,230.9,8.502,1.826,0.93,50.05,1.47,NORMAL
8278,2026-08-01 00:04:37,TR-104,LT-004,175.29,8.785,1.225,0.795,49.835,13.53,WARNING
6759,2026-08-01 01:52:38,TR-104,LT-001,238.26,6.453,1.404,0.913,49.95,3.4,NORMAL
6612,2026-08-01 01:50:11,TR-103,LT-001,233.85,8.251,1.83,0.948,49.941,0.86,NORMAL
4521,2026-08-01 01:15:20,TR-104,LT-006,228.05,8.006,1.681,0.921,49.981,2.81,NORMAL
5588,2026-08-01 01:33:07,TR-104,LT-005,219.04,8.855,1.818,0.938,50.121,2.39,NORMAL
3546,2026-08-01 00:59:05,TR-103,LT-006,231.25,10.593,2.303,0.94,49.976,2.12,NORMAL
5966,2026-08-01 01:39:25,TR-104,LT-002,230.5,7.652,1.695,0.961,49.936,2.01,NORMAL
5993,2026-08-01 01:39:52,TR-104,LT-003,226.01,9.191,1.985,0.956,50.089,2.88,NORMAL
8806,2026-08-01 00:13:25,TR-103,LT-005,208.59,12.501,2.28,0.874,50.006,10.52,WARNING
5532,2026-08-01 01:32:11,TR-104,LT-005,227.0,9.74,2.048,0.926,50.046,2.0,NORMAL
5445,2026-08-01 01:30:44,TR-102,LT-004,233.02,14.373,3.279,0.979,49.964,1.42,NORMAL
518,2026-08-01 00:08:37,TR-102,LT-006,226.09,10.577,2.281,0.954,49.958,0.45,NORMAL
6111,2026-08-01 01:41:50,TR-102,LT-003,234.16,6.425,1.459,0.97,49.925,1.05,NORMAL
6865,2026-08-01 01:54:24,TR-103,LT-001,229.95,9.844,2.136,0.944,50.183,1.67,NORMAL
7961,2026-08-01 02:12:40,TR-103,LT-005,227.48,5.166,1.112,0.946,50.038,1.19,NORMAL
1416,2026-08-01 00:23:35,TR-101,LT-003,233.71,6.214,1.348,0.928,50.112,3.61,NORMAL
4665,2026-08-01 01:17:44,TR-103,LT-001,232.87,7.267,1.579,0.933,50.049,0.9,NORMAL
4457,2026-08-01 01:14:16,TR-103,LT-004,225.37,9.749,2.038,0.927,49.937,2.35,NORMAL
2762,2026-08-01 00:46:01,TR-104,LT-004,226.78,8.867,1.907,0.948,49.999,1.06,NORMAL
4856,2026-08-01 01:20:55,TR-101,LT-003,239.37,4.377,0.968,0.924,49.977,2.01,NORMAL
128,2026-08-01 00:02:07,TR-102,LT-001,227.73,6.107,1.347,0.969,50.017,0.24,NORMAL
3475,2026-08-01 00:57:54,TR-103,LT-004,227.13,7.071,1.503,0.936,49.902,0.27,NORMAL
7970,2026-08-01 02:12:49,TR-104,LT-003,234.53,10.0,2.189,0.933,49.843,0.72,NORMAL
4311,2026-08-01 01:11:50,TR-104,LT-003,230.18,11.27,2.336,0.9,50.007,2.45,NORMAL
2439,2026-08-01 00:40:38,TR-103,LT-006,228.25,11.233,2.426,0.946,50.114,1.68,NORMAL
3766,2026-08-01 01:02:45,TR-104,LT-005,230.07,9.451,2.106,0.969,49.953,3.64,NORMAL
6877,2026-08-01 01:54:36,TR-103,LT-005,232.2,9.792,2.179,0.958,49.976,2.68,NORMAL
5897,2026-08-01 01:38:16,TR-102,LT-002,223.72,10.352,2.123,0.916,50.091,3.16,NORMAL
5841,2026-08-01 01:37:20,TR-103,LT-001,231.43,11.042,2.436,0.953,50.191,1.54,NORMAL
8843,2026-08-01 00:14:02,TR-101,LT-003,211.56,9.784,1.9,0.918,49.903,3.1,WARNING
9771,2026-08-01 00:09:30,TR-101,LT-001,85.36,0.555,0.018,0.381,49.885,54.74,POSSIBLE_BROKEN_LT
1474,2026-08-01 00:24:33,TR-104,LT-003,230.06,6.985,1.481,0.921,50.108,2.74,NORMAL
4822,2026-08-01 01:20:21,TR-102,LT-006,229.26,6.554,1.415,0.942,50.031,2.33,NORMAL
6916,2026-08-01 01:55:15,TR-101,LT-001,224.86,5.524,1.204,0.969,50.02,1.54,NORMAL
3561,2026-08-01 00:59:20,TR-104,LT-003,230.93,8.342,1.774,0.921,50.05,2.13,NORMAL
3952,2026-08-01 01:05:51,TR-104,LT-004,226.66,2.895,0.622,0.948,49.96,1.81,NORMAL
50,2026-08-01 00:00:49,TR-102,LT-004,222.95,8.168,1.643,0.902,49.931,1.61,NORMAL
5438,2026-08-01 01:30:37,TR-102,LT-003,234.74,9.668,2.152,0.948,50.098,3.03,NORMAL
9898,2026-08-01 00:11:37,TR-104,LT-002,52.17,0.093,0.001,0.298,49.984,28.81,POSSIBLE_BROKEN_LT
888,2026-08-01 00:14:47,TR-101,LT-004,228.56,7.743,1.662,0.939,49.934,2.07,NORMAL
2617,2026-08-01 00:43:36,TR-102,LT-004,227.06,8.747,1.917,0.965,49.981,0.6,NORMAL
517,2026-08-01 00:08:36,TR-101,LT-006,232.0,6.145,1.332,0.935,49.941,3.94,NORMAL
3169,2026-08-01 00:52:48,TR-104,LT-002,229.61,7.784,1.692,0.947,50.092,1.78,NORMAL
2950,2026-08-01 00:49:09,TR-103,LT-004,223.48,12.466,2.633,0.945,49.982,1.87,NORMAL
1425,2026-08-01 00:23:44,TR-104,LT-005,225.82,9.738,2.109,0.959,49.826,0.29,NORMAL
140,2026-08-01 00:02:19,TR-103,LT-002,225.08,8.693,1.824,0.932,49.89,1.87,NORMAL
1925,2026-08-01 00:32:04,TR-103,LT-006,238.3,8.093,1.754,0.909,49.929,2.56,NORMAL
2379,2026-08-01 00:39:38,TR-104,LT-005,228.35,7.656,1.656,0.947,50.161,1.7,NORMAL
3198,2026-08-01 00:53:17,TR-104,LT-003,222.47,11.555,2.57,1.0,49.988,3.08,NORMAL
5132,2026-08-01 01:25:31,TR-104,LT-006,233.38,10.432,2.282,0.937,49.877,0.84,NORMAL
113,2026-08-01 00:01:52,TR-103,LT-002,230.24,4.486,1.002,0.97,50.018,2.21,NORMAL
4560,2026-08-01 01:15:59,TR-104,LT-002,232.62,5.098,1.12,0.945,50.07,2.7,NORMAL
4596,2026-08-01 01:16:35,TR-104,LT-001,230.63,6.407,1.35,0.914,50.051,2.0,NORMAL
7998,2026-08-01 02:13:17,TR-103,LT-001,226.66,7.434,1.593,0.945,50.063,2.79,NORMAL
3251,2026-08-01 00:54:10,TR-103,LT-005,232.41,10.567,2.315,0.943,50.055,0.52,NORMAL
4691,2026-08-01 01:18:10,TR-104,LT-003,229.67,7.19,1.556,0.943,50.095,0.35,NORMAL
8116,2026-08-01 00:01:55,TR-104,LT-005,185.04,6.506,0.977,0.812,50.111,15.78,WARNING
7768,2026-08-01 02:09:27,TR-102,LT-005,223.1,6.224,1.262,0.909,49.958,1.06,NORMAL
4547,2026-08-01 01:15:46,TR-103,LT-003,229.6,7.542,1.638,0.946,50.0,0.75,NORMAL
7085,2026-08-01 01:58:04,TR-102,LT-005,228.76,3.169,0.684,0.943,50.044,1.72,NORMAL
3278,2026-08-01 00:54:37,TR-102,LT-001,230.54,8.023,1.699,0.918,49.947,2.8,NORMAL
7543,2026-08-01 02:05:42,TR-104,LT-003,233.18,8.198,1.766,0.924,49.852,1.22,NORMAL
6594,2026-08-01 01:49:53,TR-101,LT-006,227.51,8.124,1.839,0.995,49.866,2.9,NORMAL
4069,2026-08-01 01:07:48,TR-102,LT-006,225.24,8.992,1.911,0.943,49.87,1.31,NORMAL
4409,2026-08-01 01:13:28,TR-103,LT-001,232.16,6.327,1.442,0.982,50.01,1.77,NORMAL
8645,2026-08-01 00:10:44,TR-103,LT-003,198.17,10.285,1.795,0.881,49.885,14.3,WARNING
8589,2026-08-01 00:09:48,TR-104,LT-004,189.86,9.569,1.619,0.891,49.975,16.07,WARNING
7385,2026-08-01 02:03:04,TR-103,LT-002,229.0,9.776,2.166,0.968,49.867,0.62,NORMAL
3223,2026-08-01 00:53:42,TR-102,LT-001,235.48,7.847,1.762,0.954,50.043,2.35,NORMAL
8211,2026-08-01 00:03:30,TR-101,LT-001,206.13,14.247,2.574,0.877,49.989,8.75,WARNING
452,2026-08-01 00:07:31,TR-102,LT-003,233.82,8.908,2.058,0.988,49.852,1.41,NORMAL
3732,2026-08-01 01:02:11,TR-101,LT-004,226.69,12.892,2.749,0.941,49.871,1.15,NORMAL
8954,2026-08-01 00:15:53,TR-103,LT-003,225.0,10.733,1.989,0.824,49.986,11.03,WARNING
4987,2026-08-01 01:23:06,TR-104,LT-006,229.12,6.343,1.382,0.951,49.936,1.03,NORMAL
3664,2026-08-01 01:01:03,TR-103,LT-005,231.25,6.743,1.437,0.922,50.027,2.21,NORMAL
2764,2026-08-01 00:46:03,TR-103,LT-004,227.47,11.202,2.329,0.914,49.955,1.47,NORMAL
659,2026-08-01 00:10:58,TR-103,LT-005,230.79,8.137,1.694,0.902,49.899,2.87,NORMAL
7679,2026-08-01 02:07:58,TR-101,LT-002,227.19,6.533,1.333,0.898,50.033,1.16,NORMAL
7677,2026-08-01 02:07:56,TR-103,LT-002,229.14,7.29,1.539,0.921,49.951,1.76,NORMAL
4621,2026-08-01 01:17:00,TR-101,LT-005,228.19,7.033,1.497,0.933,50.053,2.15,NORMAL
1000,2026-08-01 00:16:39,TR-104,LT-004,232.29,9.602,2.113,0.947,49.996,2.02,NORMAL
390,2026-08-01 00:06:29,TR-101,LT-001,227.69,5.493,1.155,0.923,49.981,2.18,NORMAL
3408,2026-08-01 00:56:47,TR-104,LT-002,230.5,11.041,2.307,0.906,49.951,1.15,NORMAL
1477,2026-08-01 00:24:36,TR-103,LT-004,229.52,8.543,1.746,0.891,50.038,3.27,NORMAL
2241,2026-08-01 00:37:20,TR-101,LT-006,230.42,11.371,2.476,0.945,49.865,3.26,NORMAL
2387,2026-08-01 00:39:46,TR-104,LT-002,229.08,5.541,1.196,0.942,49.998,2.34,NORMAL
9140,2026-08-01 00:18:59,TR-104,LT-005,190.54,14.425,2.643,0.961,50.039,10.88,WARNING
993,2026-08-01 00:16:32,TR-103,LT-005,229.01,7.691,1.6,0.909,49.967,1.81,NORMAL
4998,2026-08-01 01:23:17,TR-102,LT-005,242.45,6.945,1.632,0.969,49.955,1.83,NORMAL
3923,2026-08-01 01:05:22,TR-102,LT-001,228.61,8.268,1.692,0.895,50.048,2.52,NORMAL
2973,2026-08-01 00:49:32,TR-101,LT-004,224.53,11.661,2.469,0.943,49.96,1.6,NORMAL
3387,2026-08-01 00:56:26,TR-103,LT-001,226.74,9.702,2.103,0.956,49.921,1.67,NORMAL
7886,2026-08-01 02:11:25,TR-101,LT-006,231.9,8.92,1.883,0.91,49.909,1.45,NORMAL
8813,2026-08-01 00:13:32,TR-101,LT-005,156.53,14.245,2.193,0.984,50.038,19.36,WARNING
4770,2026-08-01 01:19:29,TR-101,LT-002,233.19,8.23,1.777,0.926,50.051,1.77,NORMAL
1294,2026-08-01 00:21:33,TR-102,LT-003,233.35,8.814,1.922,0.934,50.043,3.73,NORMAL
1825,2026-08-01 00:30:24,TR-104,LT-004,230.67,7.648,1.707,0.967,49.966,1.87,NORMAL
2874,2026-08-01 00:47:53,TR-103,LT-005,227.66,9.219,1.942,0.925,50.05,1.2,NORMAL
4174,2026-08-01 01:09:33,TR-103,LT-001,226.14,6.914,1.509,0.965,49.91,0.32,NORMAL
2536,2026-08-01 00:42:15,TR-103,LT-001,228.82,5.573,1.211,0.95,49.866,2.29,NORMAL
9133,2026-08-01 00:18:52,TR-102,LT-004,174.37,13.162,2.069,0.901,49.992,8.18,WARNING
1908,2026-08-01 00:31:47,TR-103,LT-002,225.49,12.645,2.696,0.945,49.908,1.39,NORMAL
43,2026-08-01 00:00:42,TR-103,LT-003,229.54,5.116,1.078,0.918,50.014,1.71,NORMAL
9492,2026-08-01 00:04:51,TR-101,LT-001,109.7,0.501,0.013,0.244,50.004,32.3,POSSIBLE_BROKEN_LT
369,2026-08-01 00:06:08,TR-103,LT-003,230.39,11.253,2.356,0.909,50.054,0.33,NORMAL
1152,2026-08-01 00:19:11,TR-103,LT-002,221.39,8.464,1.84,0.982,49.974,1.2,NORMAL
7753,2026-08-01 02:09:12,TR-104,LT-004,233.24,9.023,1.997,0.949,49.863,0.95,NORMAL
6359,2026-08-01 01:45:58,TR-104,LT-003,222.07,6.702,1.276,0.858,50.016,1.4,NORMAL
5913,2026-08-01 01:38:32,TR-103,LT-004,235.03,11.248,2.563,0.969,50.038,2.14,NORMAL
6508,2026-08-01 01:48:27,TR-104,LT-004,231.97,6.823,1.476,0.933,49.757,2.39,NORMAL
7526,2026-08-01 02:05:25,TR-102,LT-004,226.84,10.195,2.208,0.955,50.033,0.63,NORMAL
4161,2026-08-01 01:09:20,TR-101,LT-003,230.05,7.17,1.565,0.949,50.083,0.78,NORMAL
4288,2026-08-01 01:11:27,TR-101,LT-001,230.74,5.165,1.062,0.891,50.014,1.47,NORMAL
7776,2026-08-01 02:09:35,TR-102,LT-001,232.41,5.546,1.246,0.966,50.089,2.12,NORMAL
6715,2026-08-01 01:51:54,TR-101,LT-002,222.15,6.761,1.404,0.935,50.0,0.99,NORMAL
175,2026-08-01 00:02:54,TR-104,LT-006,231.11,7.058,1.554,0.953,49.969,1.87,NORMAL
1904,2026-08-01 00:31:43,TR-101,LT-006,231.48,7.917,1.682,0.918,50.01,0.28,NORMAL
1100,2026-08-01 00:18:19,TR-103,LT-004,231.39,7.0,1.523,0.941,50.041,1.44,NORMAL
8115,2026-08-01 00:01:54,TR-102,LT-006,207.87,6.21,1.226,0.95,50.032,15.42,WARNING
3409,2026-08-01 00:56:48,TR-104,LT-006,229.11,7.371,1.615,0.956,49.884,2.99,NORMAL
1539,2026-08-01 00:25:38,TR-103,LT-005,225.32,5.421,1.162,0.952,49.985,2.25,NORMAL
2293,2026-08-01 00:38:12,TR-101,LT-004,230.34,6.241,1.376,0.957,50.174,2.25,NORMAL
9301,2026-08-01 00:01:40,TR-102,LT-001,24.77,0.583,0.005,0.313,50.069,36.54,POSSIBLE_BROKEN_LT
1364,2026-08-01 00:22:43,TR-103,LT-006,226.11,8.279,1.777,0.949,49.998,1.81,NORMAL
7189,2026-08-01 01:59:48,TR-101,LT-001,228.87,8.527,1.821,0.933,50.015,2.02,NORMAL
6628,2026-08-01 01:50:27,TR-101,LT-005,235.82,10.27,2.22,0.917,50.005,4.46,NORMAL
5261,2026-08-01 01:27:40,TR-103,LT-001,235.01,9.225,1.979,0.913,50.179,1.53,NORMAL
6816,2026-08-01 01:53:35,TR-104,LT-003,230.71,9.921,2.098,0.916,49.881,3.0,NORMAL
9462,2026-08-01 00:04:21,TR-104,LT-006,101.32,0.262,0.008,0.319,49.957,22.32,POSSIBLE_BROKEN_LT
681,2026-08-01 00:11:20,TR-103,LT-004,232.89,5.752,1.272,0.95,50.158,1.39,NORMAL
9316,2026-08-01 00:01:55,TR-102,LT-006,68.52,0.176,0.004,0.317,49.962,21.13,POSSIBLE_BROKEN_LT
9299,2026-08-01 00:01:38,TR-103,LT-006,83.23,0.622,0.034,0.657,49.948,32.81,POSSIBLE_BROKEN_LT
3665,2026-08-01 01:01:04,TR-102,LT-004,234.77,8.203,1.858,0.965,50.037,1.2,NORMAL
1662,2026-08-01 00:27:41,TR-103,LT-002,229.53,8.563,1.775,0.903,49.955,2.78,NORMAL
509,2026-08-01 00:08:28,TR-102,LT-005,230.19,6.799,1.483,0.948,50.017,1.91,NORMAL
167,2026-08-01 00:02:46,TR-102,LT-002,233.29,11.492,2.518,0.939,49.957,1.75,NORMAL
5498,2026-08-01 01:31:37,TR-104,LT-003,227.39,10.573,2.273,0.945,49.962,1.14,NORMAL
8300,2026-08-01 00:04:59,TR-101,LT-005,170.99,12.374,1.855,0.877,49.979,6.51,WARNING
1007,2026-08-01 00:16:46,TR-102,LT-001,233.58,7.595,1.69,0.953,50.049,2.42,NORMAL
9740,2026-08-01 00:08:59,TR-102,LT-003,73.81,0.16,0.007,0.551,49.986,38.63,POSSIBLE_BROKEN_LT
1915,2026-08-01 00:31:54,TR-101,LT-002,222.8,9.309,1.915,0.923,50.066,1.43,NORMAL
3495,2026-08-01 00:58:14,TR-101,LT-004,232.05,10.525,2.236,0.916,50.098,3.44,NORMAL
9634,2026-08-01 00:07:13,TR-101,LT-002,90.98,0.42,0.015,0.398,50.078,11.03,POSSIBLE_BROKEN_LT
9751,2026-08-01 00:09:10,TR-103,LT-005,58.89,0.521,0.014,0.447,49.976,49.71,POSSIBLE_BROKEN_LT
6445,2026-08-01 01:47:24,TR-101,LT-001,233.14,7.172,1.66,0.993,49.885,2.49,NORMAL
4991,2026-08-01 01:23:10,TR-104,LT-005,221.6,7.515,1.512,0.908,49.966,0.6,NORMAL
2537,2026-08-01 00:42:16,TR-102,LT-005,233.9,10.195,2.172,0.911,50.056,2.54,NORMAL
1105,2026-08-01 00:18:24,TR-102,LT-005,234.43,6.019,1.369,0.97,49.996,0.82,NORMAL
3876,2026-08-01 01:04:35,TR-101,LT-003,234.77,4.95,1.138,0.979,49.889,2.84,NORMAL
7524,2026-08-01 02:05:23,TR-102,LT-006,231.8,5.776,1.245,0.93,49.782,2.92,NORMAL
1753,2026-08-01 00:29:12,TR-102,LT-004,227.38,5.849,1.313,0.987,49.791,1.39,NORMAL
5311,2026-08-01 01:28:30,TR-104,LT-002,228.91,6.823,1.412,0.904,50.056,2.95,NORMAL
7297,2026-08-01 02:01:36,TR-104,LT-002,226.7,6.74,1.438,0.941,50.256,3.43,NORMAL
2917,2026-08-01 00:48:36,TR-103,LT-001,229.3,7.929,1.736,0.955,50.015,1.88,NORMAL
8975,2026-08-01 00:16:14,TR-103,LT-004,186.11,11.059,1.59,0.773,50.038,16.07,WARNING
5755,2026-08-01 01:35:54,TR-103,LT-005,229.22,7.926,1.783,0.981,49.973,2.27,NORMAL
153,2026-08-01 00:02:32,TR-102,LT-002,227.28,6.991,1.474,0.928,50.068,3.22,NORMAL
7691,2026-08-01 02:08:10,TR-101,LT-003,231.64,9.567,2.02,0.912,49.957,2.78,NORMAL
5680,2026-08-01 01:34:39,TR-104,LT-001,228.01,8.038,1.781,0.972,49.997,2.05,NORMAL
3908,2026-08-01 01:05:07,TR-102,LT-005,224.37,4.385,0.931,0.946,50.005,1.14,NORMAL
9136,2026-08-01 00:18:55,TR-103,LT-003,176.31,12.438,1.797,0.82,50.003,12.41,WARNING
2553,2026-08-01 00:42:32,TR-101,LT-005,237.48,5.405,1.197,0.933,49.951,0.5,NORMAL
2774,2026-08-01 00:46:13,TR-104,LT-004,223.81,10.697,2.216,0.926,50.058,2.18,NORMAL
6099,2026-08-01 01:41:38,TR-101,LT-001,230.93,7.843,1.776,0.98,49.989,1.83,NORMAL
3552,2026-08-01 00:59:11,TR-103,LT-004,223.73,7.82,1.632,0.933,49.966,1.6,NORMAL
3723,2026-08-01 01:02:02,TR-103,LT-001,223.45,7.282,1.54,0.947,49.915,1.82,NORMAL
9871,2026-08-01 00:11:10,TR-104,LT-003,39.25,0.189,0.003,0.417,50.079,26.7,POSSIBLE_BROKEN_LT
521,2026-08-01 00:08:40,TR-103,LT-005,223.32,7.533,1.585,0.942,49.842,0.67,NORMAL
8034,2026-08-01 00:00:33,TR-103,LT-005,192.29,7.514,1.066,0.738,49.967,10.95,WARNING
4539,2026-08-01 01:15:38,TR-102,LT-003,229.12,5.76,1.309,0.992,49.902,0.9,NORMAL
6779,2026-08-01 01:52:58,TR-104,LT-006,233.3,7.753,1.732,0.957,49.885,1.26,NORMAL
1823,2026-08-01 00:30:22,TR-101,LT-004,229.1,6.387,1.327,0.907,50.06,1.42,NORMAL
4087,2026-08-01 01:08:06,TR-103,LT-003,233.44,9.581,2.043,0.913,49.866,2.77,NORMAL
6149,2026-08-01 01:42:28,TR-103,LT-004,224.09,9.446,2.003,0.946,50.008,0.16,NORMAL
8743,2026-08-01 00:12:22,TR-102,LT-003,199.73,5.022,0.787,0.785,49.966,14.52,WARNING
9473,2026-08-01 00:04:32,TR-101,LT-006,38.69,0.261,0.005,0.517,49.94,42.44,POSSIBLE_BROKEN_LT
7742,2026-08-01 02:09:01,TR-104,LT-006,229.44,8.201,1.722,0.915,50.005,1.05,NORMAL
310,2026-08-01 00:05:09,TR-103,LT-003,229.19,7.47,1.551,0.906,49.993,0.68,NORMAL
7721,2026-08-01 02:08:40,TR-102,LT-005,229.31,9.728,2.142,0.96,49.93,0.88,NORMAL
8223,2026-08-01 00:03:42,TR-104,LT-005,168.45,15.406,2.214,0.853,50.009,2.88,WARNING
8657,2026-08-01 00:10:56,TR-102,LT-004,168.43,6.42,0.898,0.831,50.037,5.02,WARNING
3600,2026-08-01 00:59:59,TR-103,LT-001,229.09,7.759,1.695,0.954,49.848,2.41,NORMAL
3623,2026-08-01 01:00:22,TR-104,LT-003,222.09,7.667,1.628,0.956,49.934,1.65,NORMAL
3812,2026-08-01 01:03:31,TR-104,LT-005,231.68,5.498,1.273,1.0,49.904,2.59,NORMAL
3451,2026-08-01 00:57:30,TR-103,LT-005,228.09,6.837,1.486,0.953,50.084,2.45,NORMAL
4592,2026-08-01 01:16:31,TR-102,LT-005,230.78,10.814,2.247,0.9,49.964,1.66,NORMAL
206,2026-08-01 00:03:25,TR-103,LT-006,226.25,7.107,1.488,0.926,49.902,2.38,NORMAL
9841,2026-08-01 00:10:40,TR-103,LT-003,86.83,0.149,0.006,0.483,49.959,21.82,POSSIBLE_BROKEN_LT
1136,2026-08-01 00:18:55,TR-101,LT-004,233.86,6.937,1.539,0.949,50.02,3.28,NORMAL
9385,2026-08-01 00:03:04,TR-103,LT-002,84.54,0.786,0.02,0.302,49.917,7.69,POSSIBLE_BROKEN_LT
2750,2026-08-01 00:45:49,TR-104,LT-004,229.18,7.68,1.704,0.968,50.024,1.16,NORMAL
3614,2026-08-01 01:00:13,TR-102,LT-003,231.58,6.165,1.357,0.951,50.026,0.02,NORMAL
306,2026-08-01 00:05:05,TR-101,LT-002,230.47,9.596,2.073,0.937,50.066,1.24,NORMAL
1850,2026-08-01 00:30:49,TR-101,LT-002,231.71,9.371,1.96,0.903,49.954,2.45,NORMAL
7670,2026-08-01 02:07:49,TR-101,LT-003,229.83,11.055,2.304,0.907,50.003,1.75,NORMAL
1989,2026-08-01 00:33:08,TR-101,LT-001,227.43,6.038,1.266,0.922,50.067,0.99,NORMAL
3241,2026-08-01 00:54:00,TR-102,LT-005,230.05,7.568,1.674,0.962,49.87,0.95,NORMAL
2799,2026-08-01 00:46:38,TR-101,LT-005,228.56,8.087,1.661,0.898,49.954,0.29,NORMAL
4516,2026-08-01 01:15:15,TR-103,LT-001,226.35,7.882,1.68,0.941,50.032,5.01,NORMAL
5631,2026-08-01 01:33:50,TR-101,LT-005,227.04,6.504,1.4,0.948,49.929,1.34,NORMAL
9373,2026-08-01 00:02:52,TR-102,LT-005,65.64,0.423,0.013,0.455,49.933,29.21,POSSIBLE_BROKEN_LT
3110,2026-08-01 00:51:49,TR-102,LT-006,222.52,5.321,1.076,0.909,49.954,1.22,NORMAL
4940,2026-08-01 01:22:19,TR-101,LT-005,224.4,10.645,2.334,0.977,49.928,1.94,NORMAL
4060,2026-08-01 01:07:39,TR-103,LT-005,229.05,8.568,1.74,0.887,50.04,0.0,NORMAL
1988,2026-08-01 00:33:07,TR-102,LT-001,232.06,4.448,0.971,0.941,50.04,2.08,NORMAL
7158,2026-08-01 01:59:17,TR-102,LT-005,226.9,9.786,2.124,0.957,50.03,1.67,NORMAL
8875,2026-08-01 00:14:34,TR-101,LT-006,216.11,11.046,2.024,0.848,50.016,11.04,WARNING
6614,2026-08-01 01:50:13,TR-104,LT-003,238.79,8.086,1.816,0.94,50.018,1.6,NORMAL
384,2026-08-01 00:06:23,TR-101,LT-006,227.9,10.486,2.262,0.947,50.022,0.52,NORMAL
5635,2026-08-01 01:33:54,TR-101,LT-001,226.87,3.543,0.763,0.949,49.981,0.93,NORMAL
4308,2026-08-01 01:11:47,TR-103,LT-005,232.93,10.083,2.088,0.889,50.061,1.64,NORMAL
3389,2026-08-01 00:56:28,TR-104,LT-003,233.45,9.21,1.951,0.907,50.019,3.32,NORMAL
3157,2026-08-01 00:52:36,TR-101,LT-003,225.05,7.194,1.451,0.896,50.105,1.16,NORMAL
9996,2026-08-01 00:13:15,TR-101,LT-005,35.23,0.568,0.015,0.768,50.065,44.01,POSSIBLE_BROKEN_LT
2728,2026-08-01 00:45:27,TR-101,LT-003,235.37,5.044,1.07,0.901,50.075,2.45,NORMAL
6334,2026-08-01 01:45:33,TR-103,LT-004,228.85,5.859,1.261,0.94,50.013,3.86,NORMAL
9900,2026-08-01 00:11:39,TR-102,LT-003,41.96,0.31,0.007,0.573,50.103,41.86,POSSIBLE_BROKEN_LT
8752,2026-08-01 00:12:31,TR-101,LT-002,161.32,15.0,1.944,0.803,49.973,9.68,WARNING
8303,2026-08-01 00:05:02,TR-101,LT-001,192.99,12.041,2.211,0.951,50.043,10.93,WARNING
6038,2026-08-01 01:40:37,TR-104,LT-001,223.22,7.233,1.523,0.943,49.872,2.98,NORMAL
3833,2026-08-01 01:03:52,TR-101,LT-001,234.14,8.866,2.043,0.984,50.02,1.81,NORMAL
8918,2026-08-01 00:15:17,TR-101,LT-002,189.26,9.752,1.56,0.845,50.059,18.15,WARNING
4777,2026-08-01 01:19:36,TR-102,LT-001,229.9,5.83,1.264,0.943,50.059,2.43,NORMAL
4277,2026-08-01 01:11:16,TR-103,LT-004,227.61,7.569,1.663,0.966,50.081,1.62,NORMAL
254,2026-08-01 00:04:13,TR-102,LT-004,234.13,5.95,1.336,0.959,49.976,2.27,NORMAL
7896,2026-08-01 02:11:35,TR-104,LT-003,227.8,6.791,1.448,0.936,50.006,2.64,NORMAL
9591,2026-08-01 00:06:30,TR-103,LT-001,47.55,0.907,0.013,0.308,49.994,42.73,POSSIBLE_BROKEN_LT
7289,2026-08-01 02:01:28,TR-101,LT-005,233.45,11.399,2.521,0.947,50.082,2.45,NORMAL
279,2026-08-01 00:04:38,TR-104,LT-002,230.28,6.271,1.412,0.978,49.947,0.61,NORMAL
3253,2026-08-01 00:54:12,TR-101,LT-005,232.55,6.281,1.354,0.927,49.926,2.87,NORMAL
2481,2026-08-01 00:41:20,TR-103,LT-002,227.58,10.213,2.201,0.947,50.096,3.17,NORMAL
290,2026-08-01 00:04:49,TR-103,LT-005,227.51,4.188,0.936,0.983,49.995,1.25,NORMAL
6087,2026-08-01 01:41:26,TR-103,LT-001,228.76,10.745,2.263,0.921,49.91,1.16,NORMAL
3076,2026-08-01 00:51:15,TR-101,LT-001,237.27,8.39,1.869,0.939,50.048,1.63,NORMAL
8124,2026-08-01 00:02:03,TR-101,LT-003,169.74,7.252,1.098,0.892,49.965,15.74,WARNING
7599,2026-08-01 02:06:38,TR-101,LT-003,233.98,10.112,2.236,0.945,50.136,2.44,NORMAL
6404,2026-08-01 01:46:43,TR-102,LT-005,232.02,9.487,1.973,0.896,50.018,0.79,NORMAL
5090,2026-08-01 01:24:49,TR-103,LT-002,227.15,11.885,2.381,0.882,49.936,1.36,NORMAL
7284,2026-08-01 02:01:23,TR-104,LT-004,229.84,9.433,2.033,0.938,50.034,1.93,NORMAL
9718,2026-08-01 00:08:37,TR-104,LT-004,59.27,0.411,0.017,0.7,49.903,40.72,POSSIBLE_BROKEN_LT
8403,2026-08-01 00:06:42,TR-102,LT-005,174.45,9.295,1.263,0.779,49.946,11.59,WARNING
6122,2026-08-01 01:42:01,TR-101,LT-003,230.59,7.413,1.633,0.955,49.982,1.68,NORMAL
7755,2026-08-01 02:09:14,TR-101,LT-001,230.22,7.757,1.636,0.916,49.954,2.24,NORMAL
271,2026-08-01 00:04:30,TR-101,LT-005,235.77,5.047,1.117,0.938,49.979,1.89,NORMAL
6010,2026-08-01 01:40:09,TR-104,LT-001,226.65,11.804,2.436,0.91,50.105,1.74,NORMAL
4571,2026-08-01 01:16:10,TR-103,LT-004,227.61,5.86,1.283,0.962,50.224,2.13,NORMAL
9117,2026-08-01 00:18:36,TR-101,LT-003,188.76,13.96,2.017,0.765,49.992,2.84,WARNING
9804,2026-08-01 00:10:03,TR-104,LT-006,81.43,0.521,0.018,0.423,49.888,55.3,POSSIBLE_BROKEN_LT
2972,2026-08-01 00:49:31,TR-102,LT-003,229.73,7.636,1.712,0.976,49.982,2.49,NORMAL
6194,2026-08-01 01:43:13,TR-104,LT-003,233.83,10.236,2.218,0.927,49.974,2.74,NORMAL
8769,2026-08-01 00:12:48,TR-103,LT-003,197.91,7.212,1.236,0.866,49.921,1.76,WARNING
4208,2026-08-01 01:10:07,TR-103,LT-001,218.58,9.175,1.815,0.905,49.801,1.95,NORMAL
3219,2026-08-01 00:53:38,TR-101,LT-003,227.06,9.284,2.023,0.96,49.97,2.76,NORMAL
1392,2026-08-01 00:23:11,TR-104,LT-005,227.29,11.029,2.427,0.968,49.985,2.2,NORMAL
3976,2026-08-01 01:06:15,TR-104,LT-005,230.77,5.25,1.159,0.956,49.908,0.95,NORMAL
4317,2026-08-01 01:11:56,TR-104,LT-002,225.49,11.653,2.449,0.932,49.965,1.79,NORMAL
7960,2026-08-01 02:12:39,TR-104,LT-005,228.48,6.662,1.472,0.967,49.953,2.32,NORMAL
7345,2026-08-01 02:02:24,TR-104,LT-003,228.19,7.089,1.497,0.925,49.948,1.78,NORMAL
7449,2026-08-01 02:04:08,TR-101,LT-004,234.95,9.872,2.199,0.948,49.931,2.53,NORMAL
84,2026-08-01 00:01:23,TR-102,LT-002,227.93,9.555,2.106,0.967,50.093,2.24,NORMAL
874,2026-08-01 00:14:33,TR-101,LT-006,227.08,7.399,1.636,0.974,50.006,1.77,NORMAL
9606,2026-08-01 00:06:45,TR-103,LT-001,66.65,1.009,0.041,0.613,50.039,43.65,POSSIBLE_BROKEN_LT
7636,2026-08-01 02:07:15,TR-102,LT-005,228.33,9.448,2.021,0.937,49.976,0.88,NORMAL
4558,2026-08-01 01:15:57,TR-101,LT-004,231.44,7.985,1.752,0.948,49.962,1.91,NORMAL
4501,2026-08-01 01:15:00,TR-104,LT-006,226.16,9.021,1.862,0.913,49.913,1.53,NORMAL
4648,2026-08-01 01:17:27,TR-101,LT-006,229.86,7.087,1.552,0.953,50.152,0.45,NORMAL
2039,2026-08-01 00:33:58,TR-102,LT-003,229.9,9.237,2.045,0.963,49.896,4.69,NORMAL
9695,2026-08-01 00:08:14,TR-102,LT-005,54.86,0.359,0.009,0.46,50.117,36.39,POSSIBLE_BROKEN_LT
6910,2026-08-01 01:55:09,TR-101,LT-005,226.44,6.35,1.381,0.961,50.02,0.5,NORMAL
2451,2026-08-01 00:40:50,TR-102,LT-001,226.34,8.911,1.865,0.925,50.043,1.61,NORMAL
3955,2026-08-01 01:05:54,TR-102,LT-001,227.68,6.337,1.357,0.941,50.004,2.0,NORMAL
2330,2026-08-01 00:38:49,TR-104,LT-003,233.4,10.131,2.237,0.946,50.03,0.55,NORMAL
9125,2026-08-01 00:18:44,TR-104,LT-005,170.56,9.175,1.308,0.836,50.088,11.48,WARNING
7045,2026-08-01 01:57:24,TR-104,LT-005,233.19,8.388,1.888,0.965,50.08,1.28,NORMAL
5043,2026-08-01 01:24:02,TR-104,LT-005,229.32,11.476,2.437,0.926,49.822,3.65,NORMAL
9365,2026-08-01 00:02:44,TR-104,LT-006,89.31,0.627,0.031,0.553,50.068,24.25,POSSIBLE_BROKEN_LT
4747,2026-08-01 01:19:06,TR-101,LT-005,230.55,11.945,2.509,0.911,50.036,0.39,NORMAL
9368,2026-08-01 00:02:47,TR-101,LT-006,103.14,0.535,0.02,0.368,50.102,29.35,POSSIBLE_BROKEN_LT
9403,2026-08-01 00:03:22,TR-101,LT-004,88.66,0.352,0.014,0.444,49.94,32.3,POSSIBLE_BROKEN_LT
6492,2026-08-01 01:48:11,TR-102,LT-004,226.37,7.779,1.625,0.923,50.015,1.89,NORMAL
6638,2026-08-01 01:50:37,TR-103,LT-003,224.75,7.418,1.593,0.955,50.055,1.57,NORMAL
7226,2026-08-01 02:00:25,TR-103,LT-002,225.52,7.846,1.677,0.948,50.024,2.18,NORMAL
2402,2026-08-01 00:40:01,TR-104,LT-002,230.71,7.843,1.622,0.897,50.059,4.33,NORMAL
5521,2026-08-01 01:32:00,TR-102,LT-006,227.02,7.13,1.499,0.926,50.163,0.32,NORMAL
1217,2026-08-01 00:20:16,TR-104,LT-002,227.31,10.413,2.237,0.945,49.94,2.65,NORMAL
8696,2026-08-01 00:11:35,TR-102,LT-001,202.61,12.053,2.147,0.879,50.069,11.13,WARNING
6021,2026-08-01 01:40:20,TR-104,LT-005,231.0,7.362,1.568,0.922,49.897,3.0,NORMAL
6866,2026-08-01 01:54:25,TR-103,LT-001,234.12,7.74,1.672,0.923,49.941,1.6,NORMAL
1065,2026-08-01 00:17:44,TR-103,LT-006,228.55,8.913,1.847,0.907,49.979,0.98,NORMAL
3787,2026-08-01 01:03:06,TR-103,LT-002,231.27,6.688,1.501,0.971,49.946,2.54,NORMAL
4411,2026-08-01 01:13:30,TR-102,LT-001,227.33,11.18,2.451,0.964,50.091,4.07,NORMAL
6860,2026-08-01 01:54:19,TR-102,LT-004,233.59,7.968,1.746,0.938,50.025,2.87,NORMAL
6761,2026-08-01 01:52:40,TR-101,LT-003,233.28,6.611,1.489,0.966,50.017,3.32,NORMAL
5524,2026-08-01 01:32:03,TR-101,LT-002,227.54,7.254,1.549,0.938,50.121,1.72,NORMAL
5997,2026-08-01 01:39:56,TR-102,LT-001,234.61,8.833,1.854,0.894,50.103,3.44,NORMAL
8834,2026-08-01 00:13:53,TR-104,LT-001,181.42,11.027,1.701,0.85,50.082,10.77,WARNING
5889,2026-08-01 01:38:08,TR-103,LT-005,220.94,6.835,1.439,0.953,50.051,1.3,NORMAL
2162,2026-08-01 00:36:01,TR-102,LT-001,230.99,7.662,1.639,0.926,49.928,1.08,NORMAL
3009,2026-08-01 00:50:08,TR-101,LT-006,234.33,7.888,1.774,0.96,50.152,2.86,NORMAL
1106,2026-08-01 00:18:25,TR-104,LT-006,225.84,7.314,1.5,0.908,49.95,1.4,NORMAL
6655,2026-08-01 01:50:54,TR-104,LT-005,227.82,1.499,0.31,0.907,50.044,3.08,NORMAL
693,2026-08-01 00:11:32,TR-104,LT-005,225.68,9.061,1.925,0.942,50.048,0.1,NORMAL
9958,2026-08-01 00:12:37,TR-103,LT-006,73.83,0.323,0.012,0.493,50.022,39.54,POSSIBLE_BROKEN_LT
4957,2026-08-01 01:22:36,TR-104,LT-002,229.22,6.762,1.447,0.934,50.022,3.88,NORMAL
6598,2026-08-01 01:49:57,TR-103,LT-002,227.57,9.725,2.052,0.927,50.062,2.24,NORMAL
8481,2026-08-01 00:08:00,TR-101,LT-002,155.23,10.782,1.332,0.796,49.926,11.92,WARNING
4370,2026-08-01 01:12:49,TR-103,LT-005,230.89,9.34,2.091,0.97,50.051,0.05,NORMAL
2766,2026-08-01 00:46:05,TR-104,LT-001,233.28,9.866,2.13,0.925,50.021,0.63,NORMAL
3930,2026-08-01 01:05:29,TR-104,LT-006,230.69,6.335,1.423,0.974,50.084,2.44,NORMAL
7135,2026-08-01 01:58:54,TR-103,LT-001,228.44,8.717,1.86,0.934,50.066,1.64,NORMAL
8736,2026-08-01 00:12:15,TR-102,LT-003,196.03,13.63,2.314,0.866,50.002,7.44,WARNING
7531,2026-08-01 02:05:30,TR-103,LT-001,235.04,10.717,2.283,0.907,49.976,3.01,NORMAL
7529,2026-08-01 02:05:28,TR-101,LT-002,224.06,6.218,1.294,0.929,50.072,1.4,NORMAL
629,2026-08-01 00:10:28,TR-103,LT-006,230.22,9.294,2.088,0.976,50.118,2.61,NORMAL
2452,2026-08-01 00:40:51,TR-101,LT-006,226.67,6.414,1.394,0.959,49.977,1.95,NORMAL
6240,2026-08-01 01:43:59,TR-102,LT-003,231.44,8.132,1.718,0.913,49.995,2.92,NORMAL
7013,2026-08-01 01:56:52,TR-101,LT-005,233.49,9.85,2.204,0.958,50.066,3.16,NORMAL
3825,2026-08-01 01:03:44,TR-103,LT-005,227.32,5.764,1.202,0.918,49.996,1.37,NORMAL
8978,2026-08-01 00:16:17,TR-101,LT-004,207.73,12.835,2.148,0.805,49.849,15.41,WARNING
2653,2026-08-01 00:44:12,TR-101,LT-002,232.04,7.225,1.548,0.923,49.939,1.44,NORMAL
9108,2026-08-01 00:18:27,TR-104,LT-001,178.0,12.562,1.855,0.83,50.174,15.84,WARNING
3744,2026-08-01 01:02:23,TR-102,LT-006,230.67,7.768,1.686,0.941,50.018,1.84,NORMAL
2177,2026-08-01 00:36:16,TR-102,LT-004,223.57,7.844,1.741,0.993,50.043,3.72,NORMAL
9907,2026-08-01 00:11:46,TR-104,LT-002,43.13,0.364,0.01,0.613,50.049,44.11,POSSIBLE_BROKEN_LT
9264,2026-08-01 00:01:03,TR-102,LT-004,49.03,0.394,0.007,0.366,50.011,50.86,POSSIBLE_BROKEN_LT
3319,2026-08-01 00:55:18,TR-104,LT-001,234.49,7.86,1.739,0.944,50.096,3.38,NORMAL
6344,2026-08-01 01:45:43,TR-102,LT-002,229.34,8.58,1.843,0.936,50.03,2.15,NORMAL
2788,2026-08-01 00:46:27,TR-104,LT-002,224.82,7.838,1.73,0.982,50.138,2.75,NORMAL
4106,2026-08-01 01:08:25,TR-101,LT-003,230.97,5.665,1.213,0.927,50.004,2.5,NORMAL
6356,2026-08-01 01:45:55,TR-104,LT-004,229.06,11.716,2.482,0.925,49.962,0.99,NORMAL
1677,2026-08-01 00:27:56,TR-101,LT-005,234.87,5.947,1.309,0.937,49.95,1.07,NORMAL
3948,2026-08-01 01:05:47,TR-101,LT-006,231.71,5.098,1.117,0.946,50.004,3.53,NORMAL
4445,2026-08-01 01:14:04,TR-102,LT-006,222.25,6.292,1.27,0.908,50.252,1.77,NORMAL
2937,2026-08-01 00:48:56,TR-102,LT-004,227.58,9.374,2.052,0.962,49.94,2.48,NORMAL
9006,2026-08-01 00:16:45,TR-104,LT-003,165.02,5.769,0.793,0.833,50.052,15.51,WARNING
7767,2026-08-01 02:09:26,TR-104,LT-002,240.4,7.968,1.78,0.929,50.034,1.79,NORMAL
5723,2026-08-01 01:35:22,TR-104,LT-001,226.93,7.093,1.523,0.946,49.946,0.7,NORMAL
7442,2026-08-01 02:04:01,TR-104,LT-006,241.17,7.226,1.624,0.932,49.915,2.55,NORMAL
2504,2026-08-01 00:41:43,TR-103,LT-005,227.55,8.149,1.829,0.986,49.983,2.1,NORMAL
8483,2026-08-01 00:08:02,TR-102,LT-001,173.57,8.124,0.982,0.696,50.006,13.69,WARNING
2370,2026-08-01 00:39:29,TR-103,LT-006,234.94,11.53,2.576,0.951,49.941,2.43,NORMAL
4968,2026-08-01 01:22:47,TR-104,LT-001,234.48,6.293,1.392,0.944,50.186,1.09,NORMAL
5884,2026-08-01 01:38:03,TR-103,LT-006,224.0,11.945,2.529,0.945,50.003,1.96,NORMAL
2218,2026-08-01 00:36:57,TR-104,LT-006,229.74,2.519,0.537,0.927,50.045,0.61,NORMAL
5848,2026-08-01 01:37:27,TR-104,LT-006,226.02,10.927,2.325,0.941,49.914,2.06,NORMAL
2219,2026-08-01 00:36:58,TR-102,LT-006,238.4,10.375,2.314,0.936,50.049,2.34,NORMAL
3327,2026-08-01 00:55:26,TR-104,LT-001,229.99,8.267,1.812,0.953,50.023,3.13,NORMAL
6734,2026-08-01 01:52:13,TR-103,LT-002,227.28,10.563,2.264,0.943,50.012,3.51,NORMAL
3584,2026-08-01 00:59:43,TR-104,LT-001,225.11,8.929,1.937,0.964,49.917,2.86,NORMAL
9825,2026-08-01 00:10:24,TR-101,LT-002,78.24,0.355,0.017,0.603,50.193,38.65,POSSIBLE_BROKEN_LT
3620,2026-08-01 01:00:19,TR-102,LT-001,233.58,9.816,2.098,0.915,50.054,1.81,NORMAL
7708,2026-08-01 02:08:27,TR-103,LT-004,229.81,6.692,1.425,0.927,50.026,3.17,NORMAL
6433,2026-08-01 01:47:12,TR-102,LT-004,224.07,10.894,2.186,0.896,49.994,1.48,NORMAL
3116,2026-08-01 00:51:55,TR-101,LT-005,231.01,8.978,1.927,0.929,49.93,0.07,NORMAL
86,2026-08-01 00:01:25,TR-102,LT-002,227.99,8.47,1.877,0.972,49.995,2.06,NORMAL
5974,2026-08-01 01:39:33,TR-104,LT-004,221.39,6.714,1.408,0.948,50.076,3.41,NORMAL
2802,2026-08-01 00:46:41,TR-102,LT-005,240.77,9.025,2.113,0.972,50.041,1.04,NORMAL
3672,2026-08-01 01:01:11,TR-104,LT-002,233.49,8.015,1.715,0.917,49.923,2.75,NORMAL
3668,2026-08-01 01:01:07,TR-104,LT-003,232.36,6.923,1.473,0.915,49.897,0.35,NORMAL
9795,2026-08-01 00:09:54,TR-104,LT-002,87.59,0.383,0.009,0.277,49.988,34.37,POSSIBLE_BROKEN_LT
5159,2026-08-01 01:25:58,TR-101,LT-004,229.26,4.911,1.046,0.929,50.117,2.39,NORMAL
5726,2026-08-01 01:35:25,TR-103,LT-004,225.14,9.484,1.949,0.913,50.0,1.78,NORMAL
4591,2026-08-01 01:16:30,TR-101,LT-004,227.55,5.674,1.178,0.912,50.011,2.46,NORMAL
2020,2026-08-01 00:33:39,TR-102,LT-004,225.04,11.589,2.368,0.908,50.033,2.52,NORMAL
7832,2026-08-01 02:10:31,TR-101,LT-005,232.98,10.864,2.4,0.948,50.05,2.11,NORMAL
2526,2026-08-01 00:42:05,TR-103,LT-003,231.93,7.828,1.655,0.912,50.071,1.94,NORMAL
8287,2026-08-01 00:04:46,TR-102,LT-002,186.38,10.432,1.799,0.925,50.124,13.97,WARNING
9207,2026-08-01 00:00:06,TR-102,LT-001,70.01,0.623,0.011,0.246,49.867,40.56,POSSIBLE_BROKEN_LT
3213,2026-08-01 00:53:32,TR-104,LT-006,236.67,9.351,2.0,0.904,50.166,3.68,NORMAL
520,2026-08-01 00:08:39,TR-101,LT-004,233.01,10.258,2.356,0.986,50.0,0.3,NORMAL
5367,2026-08-01 01:29:26,TR-101,LT-001,235.45,7.304,1.633,0.95,49.983,3.69,NORMAL
6763,2026-08-01 01:52:42,TR-104,LT-003,231.19,3.678,0.783,0.921,50.051,2.24,NORMAL
2896,2026-08-01 00:48:15,TR-103,LT-002,245.0,8.538,1.954,0.934,50.177,2.1,NORMAL
245,2026-08-01 00:04:04,TR-101,LT-006,225.2,6.59,1.378,0.929,50.03,1.4,NORMAL
5931,2026-08-01 01:38:50,TR-104,LT-004,226.13,8.366,1.762,0.931,50.092,2.04,NORMAL
4715,2026-08-01 01:18:34,TR-102,LT-005,230.33,8.319,1.793,0.936,49.934,1.05,NORMAL
9568,2026-08-01 00:06:07,TR-102,LT-006,69.2,0.421,0.019,0.664,50.001,24.32,POSSIBLE_BROKEN_LT
3426,2026-08-01 00:57:05,TR-101,LT-006,234.26,7.26,1.601,0.941,49.928,3.06,NORMAL
6932,2026-08-01 01:55:31,TR-101,LT-004,233.41,5.33,1.171,0.942,49.925,0.48,NORMAL
6721,2026-08-01 01:52:00,TR-101,LT-001,232.27,9.752,2.157,0.952,50.049,3.41,NORMAL
7411,2026-08-01 02:03:30,TR-102,LT-001,234.21,7.984,1.792,0.958,50.123,1.88,NORMAL
6178,2026-08-01 01:42:57,TR-103,LT-006,225.16,4.246,0.913,0.955,50.106,4.71,NORMAL
7251,2026-08-01 02:00:50,TR-104,LT-006,231.35,8.715,1.851,0.918,49.946,2.67,NORMAL
5510,2026-08-01 01:31:49,TR-102,LT-004,229.43,11.336,2.403,0.924,50.085,1.85,NORMAL
2002,2026-08-01 00:33:21,TR-101,LT-002,229.42,7.389,1.56,0.92,50.085,0.82,NORMAL
886,2026-08-01 00:14:45,TR-101,LT-003,237.39,8.858,2.076,0.987,49.933,1.98,NORMAL
870,2026-08-01 00:14:29,TR-102,LT-002,238.04,5.268,1.161,0.926,50.083,1.72,NORMAL
9689,2026-08-01 00:08:08,TR-101,LT-002,95.01,0.383,0.018,0.49,49.993,32.27,POSSIBLE_BROKEN_LT
5721,2026-08-01 01:35:20,TR-104,LT-001,228.26,10.419,2.213,0.93,50.037,2.14,NORMAL
357,2026-08-01 00:05:56,TR-101,LT-006,229.93,7.886,1.667,0.919,49.992,1.51,NORMAL
9908,2026-08-01 00:11:47,TR-102,LT-003,84.91,0.263,0.014,0.638,49.951,34.99,POSSIBLE_BROKEN_LT
5452,2026-08-01 01:30:51,TR-104,LT-002,230.44,8.281,1.851,0.97,49.897,1.59,NORMAL
8194,2026-08-01 00:03:13,TR-101,LT-004,211.6,10.7,1.883,0.832,49.955,19.51,WARNING
6439,2026-08-01 01:47:18,TR-104,LT-003,232.02,7.436,1.698,0.984,49.924,4.61,NORMAL
7705,2026-08-01 02:08:24,TR-103,LT-006,226.95,6.181,1.342,0.957,49.992,1.98,NORMAL
1276,2026-08-01 00:21:15,TR-101,LT-004,230.57,4.267,0.906,0.921,49.976,1.48,NORMAL
1891,2026-08-01 00:31:30,TR-102,LT-004,232.19,10.504,2.158,0.885,49.833,2.81,NORMAL
8687,2026-08-01 00:11:26,TR-102,LT-002,173.89,16.511,2.674,0.932,49.926,15.5,WARNING
6569,2026-08-01 01:49:28,TR-102,LT-002,230.87,6.704,1.442,0.932,49.913,2.55,NORMAL
9624,2026-08-01 00:07:03,TR-103,LT-001,95.22,0.53,0.023,0.456,50.047,50.8,POSSIBLE_BROKEN_LT
3564,2026-08-01 00:59:23,TR-101,LT-003,234.78,11.21,2.5,0.95,50.068,1.73,NORMAL
5788,2026-08-01 01:36:27,TR-103,LT-002,237.77,6.938,1.526,0.925,49.916,2.34,NORMAL
4959,2026-08-01 01:22:38,TR-102,LT-004,229.79,10.055,2.132,0.923,49.909,1.26,NORMAL
1547,2026-08-01 00:25:46,TR-103,LT-001,226.01,9.343,1.987,0.941,49.972,3.58,NORMAL
2381,2026-08-01 00:39:40,TR-103,LT-001,226.14,12.698,2.703,0.941,50.056,0.49,NORMAL
3824,2026-08-01 01:03:43,TR-103,LT-006,230.73,10.475,2.306,0.954,49.994,1.68,NORMAL
3233,2026-08-01 00:53:52,TR-102,LT-003,225.72,8.385,1.741,0.92,50.137,3.01,NORMAL
8400,2026-08-01 00:06:39,TR-104,LT-004,203.17,8.631,1.379,0.786,49.997,10.02,WARNING
3307,2026-08-01 00:55:06,TR-103,LT-001,232.13,7.506,1.648,0.946,50.012,2.96,NORMAL
493,2026-08-01 00:08:12,TR-101,LT-005,230.31,7.774,1.638,0.915,50.035,0.27,NORMAL
3500,2026-08-01 00:58:19,TR-101,LT-004,228.57,7.132,1.596,0.979,50.019,1.16,NORMAL
6665,2026-08-01 01:51:04,TR-102,LT-005,227.12,9.656,1.988,0.906,50.107,1.57,NORMAL
1117,2026-08-01 00:18:36,TR-101,LT-001,239.61,11.226,2.478,0.921,49.998,1.47,NORMAL
5638,2026-08-01 01:33:57,TR-101,LT-002,225.97,5.032,1.059,0.931,49.906,2.72,NORMAL
8775,2026-08-01 00:12:54,TR-104,LT-003,181.49,10.151,1.494,0.811,49.962,0.53,WARNING
6147,2026-08-01 01:42:26,TR-102,LT-004,230.25,5.742,1.291,0.976,49.999,2.77,NORMAL
9868,2026-08-01 00:11:07,TR-101,LT-001,73.41,0.147,0.007,0.69,50.162,23.83,POSSIBLE_BROKEN_LT
8776,2026-08-01 00:12:55,TR-103,LT-002,185.63,7.693,1.134,0.794,49.892,11.52,WARNING
6708,2026-08-01 01:51:47,TR-103,LT-003,230.13,10.719,2.358,0.956,50.01,1.01,NORMAL
9949,2026-08-01 00:12:28,TR-103,LT-003,73.36,0.218,0.007,0.448,49.776,38.8,POSSIBLE_BROKEN_LT
7966,2026-08-01 02:12:45,TR-104,LT-003,228.16,10.437,2.273,0.954,50.103,1.51,NORMAL
3646,2026-08-01 01:00:45,TR-104,LT-006,225.54,9.435,2.019,0.949,49.896,2.57,NORMAL
2501,2026-08-01 00:41:40,TR-104,LT-001,232.28,11.083,2.416,0.939,50.018,0.06,NORMAL
5678,2026-08-01 01:34:37,TR-101,LT-003,235.38,8.171,1.75,0.91,50.103,2.7,NORMAL
5242,2026-08-01 01:27:21,TR-101,LT-001,226.63,6.446,1.348,0.923,50.012,2.25,NORMAL
6519,2026-08-01 01:48:38,TR-101,LT-001,219.19,10.67,2.181,0.932,50.083,0.56,NORMAL
2784,2026-08-01 00:46:23,TR-103,LT-003,225.83,9.615,2.021,0.931,49.938,2.51,NORMAL
6159,2026-08-01 01:42:38,TR-104,LT-003,230.37,10.491,2.285,0.946,50.057,1.35,NORMAL
3810,2026-08-01 01:03:29,TR-102,LT-002,233.24,9.739,2.152,0.947,50.081,1.61,NORMAL
9429,2026-08-01 00:03:48,TR-103,LT-002,97.18,0.356,0.006,0.185,49.848,48.0,POSSIBLE_BROKEN_LT
9525,2026-08-01 00:05:24,TR-102,LT-002,32.88,0.428,0.008,0.573,50.052,28.78,POSSIBLE_BROKEN_LT
8600,2026-08-01 00:09:59,TR-103,LT-004,214.42,7.311,1.495,0.954,50.061,16.48,WARNING
1697,2026-08-01 00:28:16,TR-102,LT-006,226.0,8.248,1.707,0.916,50.018,1.43,NORMAL
5686,2026-08-01 01:34:45,TR-104,LT-001,224.02,10.943,2.331,0.951,49.985,2.31,NORMAL
8368,2026-08-01 00:06:07,TR-103,LT-001,171.1,6.215,0.949,0.892,50.016,12.19,WARNING
5940,2026-08-01 01:38:59,TR-104,LT-004,238.93,8.49,1.886,0.93,49.987,2.86,NORMAL
2053,2026-08-01 00:34:12,TR-101,LT-006,227.37,6.658,1.474,0.974,49.935,1.43,NORMAL
1777,2026-08-01 00:29:36,TR-103,LT-004,227.55,8.8,1.909,0.953,49.951,1.41,NORMAL
6561,2026-08-01 01:49:20,TR-102,LT-002,228.79,10.642,2.284,0.938,49.933,2.17,NORMAL
3314,2026-08-01 00:55:13,TR-102,LT-002,225.94,5.383,1.141,0.938,50.047,2.18,NORMAL
4782,2026-08-01 01:19:41,TR-104,LT-003,231.17,5.272,1.13,0.927,49.941,0.32,NORMAL
8539,2026-08-01 00:08:58,TR-103,LT-001,159.2,12.988,1.916,0.927,49.83,3.3,WARNING
6782,2026-08-01 01:53:01,TR-102,LT-006,230.04,6.954,1.507,0.942,49.927,1.08,NORMAL
1593,2026-08-01 00:26:32,TR-101,LT-005,231.75,10.505,2.306,0.947,49.941,3.07,NORMAL
1724,2026-08-01 00:28:43,TR-102,LT-006,232.46,8.048,1.669,0.892,50.115,1.03,NORMAL
216,2026-08-01 00:03:35,TR-104,LT-004,233.04,8.48,1.921,0.972,49.889,1.68,NORMAL
6327,2026-08-01 01:45:26,TR-104,LT-002,227.93,8.27,1.8,0.955,49.94,2.73,NORMAL
8257,2026-08-01 00:04:16,TR-102,LT-003,165.06,11.897,1.822,0.928,50.088,10.7,WARNING
491,2026-08-01 00:08:10,TR-101,LT-003,229.97,10.533,2.362,0.975,49.981,3.7,NORMAL
9134,2026-08-01 00:18:53,TR-102,LT-003,180.81,8.144,1.18,0.801,49.987,16.76,WARNING
3484,2026-08-01 00:58:03,TR-103,LT-006,229.74,7.04,1.497,0.925,50.018,3.9,NORMAL
5103,2026-08-01 01:25:02,TR-102,LT-006,230.99,8.222,1.765,0.929,49.861,2.08,NORMAL
5188,2026-08-01 01:26:27,TR-101,LT-004,230.86,10.359,2.334,0.976,50.106,2.83,NORMAL
3432,2026-08-01 00:57:11,TR-101,LT-004,235.38,8.695,1.924,0.94,49.991,2.09,NORMAL
9199,2026-08-01 00:19:58,TR-101,LT-005,179.87,4.871,0.672,0.767,49.946,10.97,WARNING
7711,2026-08-01 02:08:30,TR-104,LT-002,231.33,11.182,2.437,0.942,49.978,0.29,NORMAL
5514,2026-08-01 01:31:53,TR-102,LT-005,231.04,8.677,1.924,0.96,50.057,1.79,NORMAL
26,2026-08-01 00:00:25,TR-101,LT-001,230.44,7.726,1.63,0.916,49.997,3.7,NORMAL
3513,2026-08-01 00:58:32,TR-104,LT-005,236.85,6.663,1.458,0.924,49.929,2.21,NORMAL
2410,2026-08-01 00:40:09,TR-102,LT-006,225.41,8.387,1.782,0.943,50.037,3.78,NORMAL
3271,2026-08-01 00:54:30,TR-104,LT-003,229.14,11.74,2.439,0.907,50.051,1.07,NORMAL
5210,2026-08-01 01:26:49,TR-104,LT-001,230.25,10.514,2.169,0.896,49.998,2.68,NORMAL
8712,2026-08-01 00:11:51,TR-104,LT-003,206.6,11.828,2.1,0.859,50.062,14.59,WARNING
1553,2026-08-01 00:25:52,TR-103,LT-005,226.49,9.112,1.914,0.928,50.1,1.34,NORMAL
9198,2026-08-01 00:19:57,TR-102,LT-003,188.85,12.771,2.108,0.874,50.103,14.71,WARNING
8622,2026-08-01 00:10:21,TR-103,LT-001,191.35,8.619,1.496,0.907,50.056,21.23,WARNING
3872,2026-08-01 01:04:31,TR-101,LT-005,230.63,7.612,1.653,0.942,50.041,1.92,NORMAL
3403,2026-08-01 00:56:42,TR-101,LT-006,230.78,6.722,1.428,0.92,49.861,1.79,NORMAL
4530,2026-08-01 01:15:29,TR-104,LT-005,227.8,8.041,1.646,0.899,49.894,1.55,NORMAL
980,2026-08-01 00:16:19,TR-103,LT-003,233.04,7.553,1.662,0.944,50.16,2.66,NORMAL
2656,2026-08-01 00:44:15,TR-102,LT-005,233.42,10.909,2.375,0.933,49.937,0.2,NORMAL
1848,2026-08-01 00:30:47,TR-101,LT-005,226.54,8.502,1.774,0.921,50.008,2.45,NORMAL
7965,2026-08-01 02:12:44,TR-101,LT-002,227.76,7.106,1.501,0.927,49.964,2.94,NORMAL
8241,2026-08-01 00:04:00,TR-101,LT-006,198.91,12.736,2.442,0.964,50.105,22.34,WARNING
7146,2026-08-01 01:59:05,TR-101,LT-002,231.9,6.039,1.262,0.901,49.889,2.57,NORMAL
7300,2026-08-01 02:01:39,TR-101,LT-005,234.49,8.34,1.903,0.973,50.129,1.96,NORMAL
5722,2026-08-01 01:35:21,TR-101,LT-005,236.89,6.667,1.486,0.941,50.054,1.92,NORMAL
516,2026-08-01 00:08:35,TR-101,LT-002,233.02,8.463,1.887,0.957,50.1,1.89,NORMAL
8746,2026-08-01 00:12:25,TR-102,LT-006,209.21,7.658,1.232,0.769,50.059,14.43,WARNING
8298,2026-08-01 00:04:57,TR-102,LT-005,158.27,13.566,1.518,0.707,50.003,12.57,WARNING
1103,2026-08-01 00:18:22,TR-104,LT-004,238.35,9.466,2.015,0.893,49.937,1.9,NORMAL
3277,2026-08-01 00:54:36,TR-102,LT-003,234.68,11.779,2.704,0.978,49.877,1.69,NORMAL
7218,2026-08-01 02:00:17,TR-104,LT-001,236.22,7.026,1.571,0.947,50.033,3.26,NORMAL
7390,2026-08-01 02:03:09,TR-102,LT-002,233.33,9.562,2.096,0.94,50.14,1.27,NORMAL
9078,2026-08-01 00:17:57,TR-102,LT-004,207.6,9.308,1.623,0.84,49.937,14.17,WARNING
8338,2026-08-01 00:05:37,TR-101,LT-003,183.35,7.795,1.151,0.805,50.118,6.87,WARNING
3997,2026-08-01 01:06:36,TR-101,LT-003,221.69,7.854,1.697,0.974,49.994,0.82,NORMAL
195,2026-08-01 00:03:14,TR-103,LT-002,230.69,8.215,1.868,0.986,49.923,1.63,NORMAL
4712,2026-08-01 01:18:31,TR-101,LT-005,232.37,9.738,2.094,0.925,50.022,1.77,NORMAL
644,2026-08-01 00:10:43,TR-102,LT-003,223.99,8.37,1.711,0.913,49.95,1.39,NORMAL
9090,2026-08-01 00:18:09,TR-102,LT-006,189.33,4.963,0.748,0.796,49.95,9.38,WARNING
3286,2026-08-01 00:54:45,TR-101,LT-002,236.01,6.541,1.465,0.949,50.143,1.18,NORMAL
3117,2026-08-01 00:51:56,TR-104,LT-005,229.22,8.881,1.909,0.938,50.017,3.02,NORMAL
6477,2026-08-01 01:47:56,TR-103,LT-005,234.15,9.547,2.101,0.94,49.987,1.43,NORMAL
3576,2026-08-01 00:59:35,TR-102,LT-005,231.15,8.657,1.902,0.951,49.899,2.4,NORMAL
9024,2026-08-01 00:17:03,TR-102,LT-001,155.22,8.426,1.128,0.863,49.998,10.73,WARNING
4321,2026-08-01 01:12:00,TR-101,LT-004,229.92,9.246,1.941,0.913,50.197,1.35,NORMAL
9993,2026-08-01 00:13:12,TR-104,LT-004,76.06,0.371,0.018,0.637,50.027,44.58,POSSIBLE_BROKEN_LT
2208,2026-08-01 00:36:47,TR-101,LT-006,231.42,4.985,1.093,0.948,49.837,2.01,NORMAL
4553,2026-08-01 01:15:52,TR-104,LT-003,233.49,9.047,2.007,0.95,49.986,5.69,NORMAL
7317,2026-08-01 02:01:56,TR-102,LT-006,226.29,11.021,2.363,0.948,50.043,1.65,NORMAL
3719,2026-08-01 01:01:58,TR-101,LT-001,229.27,6.307,1.427,0.987,49.998,3.73,NORMAL
973,2026-08-01 00:16:12,TR-102,LT-003,233.36,6.682,1.478,0.948,49.73,3.7,NORMAL
4580,2026-08-01 01:16:19,TR-101,LT-003,233.33,5.716,1.235,0.926,49.947,2.44,NORMAL
720,2026-08-01 00:11:59,TR-102,LT-005,229.77,6.399,1.406,0.956,49.903,4.45,NORMAL
9018,2026-08-01 00:16:57,TR-104,LT-006,181.68,6.786,0.969,0.786,50.124,15.81,WARNING
6156,2026-08-01 01:42:35,TR-103,LT-005,231.79,7.303,1.597,0.944,49.894,3.14,NORMAL
9431,2026-08-01 00:03:50,TR-104,LT-003,105.85,0.045,0.002,0.428,49.964,63.07,POSSIBLE_BROKEN_LT
3897,2026-08-01 01:04:56,TR-101,LT-004,235.57,7.338,1.635,0.946,50.006,1.52,NORMAL
2804,2026-08-01 00:46:43,TR-103,LT-006,225.98,8.088,1.768,0.967,49.978,1.8,NORMAL
2567,2026-08-01 00:42:46,TR-101,LT-004,226.02,10.578,2.247,0.94,49.956,1.62,NORMAL
4026,2026-08-01 01:07:05,TR-101,LT-006,228.73,8.983,2.002,0.974,50.026,1.86,NORMAL
6199,2026-08-01 01:43:18,TR-102,LT-001,228.8,8.202,1.719,0.916,49.856,2.6,NORMAL
33,2026-08-01 00:00:32,TR-101,LT-001,229.95,10.823,2.297,0.923,50.003,2.28,NORMAL
8308,2026-08-01 00:05:07,TR-101,LT-001,168.63,10.3,1.339,0.771,49.924,7.02,WARNING
8832,2026-08-01 00:13:51,TR-102,LT-003,195.93,8.411,1.574,0.955,49.957,8.43,WARNING
9819,2026-08-01 00:10:18,TR-104,LT-002,87.67,0.047,0.002,0.403,49.947,43.94,POSSIBLE_BROKEN_LT
4064,2026-08-01 01:07:43,TR-104,LT-004,231.27,8.438,1.862,0.954,50.012,3.49,NORMAL
8949,2026-08-01 00:15:48,TR-104,LT-004,189.91,12.323,1.999,0.854,50.031,18.87,WARNING
5541,2026-08-01 01:32:20,TR-102,LT-006,236.76,1.835,0.41,0.944,49.944,2.73,NORMAL
1698,2026-08-01 00:28:17,TR-101,LT-004,227.29,9.23,1.966,0.937,49.869,1.47,NORMAL
2793,2026-08-01 00:46:32,TR-102,LT-002,228.35,8.109,1.812,0.978,49.927,3.98,NORMAL
2223,2026-08-01 00:37:02,TR-102,LT-006,232.98,3.877,0.868,0.96,50.003,2.54,NORMAL
5819,2026-08-01 01:36:58,TR-103,LT-006,225.0,8.884,1.873,0.937,49.991,1.97,NORMAL
9663,2026-08-01 00:07:42,TR-101,LT-006,77.61,0.624,0.027,0.564,49.96,22.19,POSSIBLE_BROKEN_LT
3765,2026-08-01 01:02:44,TR-101,LT-004,230.9,7.86,1.704,0.939,49.979,2.6,NORMAL
3867,2026-08-01 01:04:26,TR-104,LT-002,231.28,7.867,1.705,0.937,49.976,2.06,NORMAL
6422,2026-08-01 01:47:01,TR-103,LT-003,226.71,6.196,1.339,0.953,50.083,1.77,NORMAL
9400,2026-08-01 00:03:19,TR-101,LT-005,68.19,0.462,0.021,0.652,50.086,44.78,POSSIBLE_BROKEN_LT
8939,2026-08-01 00:15:38,TR-102,LT-006,190.37,5.854,0.941,0.844,50.073,21.91,WARNING
6672,2026-08-01 01:51:11,TR-103,LT-001,227.34,6.65,1.359,0.899,50.051,1.24,NORMAL
7979,2026-08-01 02:12:58,TR-104,LT-003,230.34,4.586,1.04,0.985,49.95,2.78,NORMAL
3759,2026-08-01 01:02:38,TR-104,LT-003,231.11,8.828,1.984,0.972,50.114,2.44,NORMAL
9775,2026-08-01 00:09:34,TR-104,LT-001,50.85,0.437,0.012,0.537,49.989,66.93,POSSIBLE_BROKEN_LT
3228,2026-08-01 00:53:47,TR-104,LT-002,235.0,11.004,2.36,0.913,50.01,3.64,NORMAL
7803,2026-08-01 02:10:02,TR-102,LT-002,226.82,9.284,1.98,0.94,49.973,3.13,NORMAL
3924,2026-08-01 01:05:23,TR-103,LT-003,223.55,6.777,1.415,0.934,50.108,0.84,NORMAL
3905,2026-08-01 01:05:04,TR-102,LT-003,236.46,7.515,1.694,0.953,49.995,2.14,NORMAL
2278,2026-08-01 00:37:57,TR-101,LT-002,225.4,8.783,1.857,0.938,50.012,1.87,NORMAL
6811,2026-08-01 01:53:30,TR-104,LT-006,231.77,6.579,1.471,0.965,49.949,0.08,NORMAL
1402,2026-08-01 00:23:21,TR-101,LT-001,232.15,7.213,1.566,0.935,49.96,1.47,NORMAL
740,2026-08-01 00:12:19,TR-104,LT-006,234.06,5.035,1.083,0.919,49.939,3.01,NORMAL
4267,2026-08-01 01:11:06,TR-103,LT-004,231.16,6.791,1.405,0.895,50.106,1.69,NORMAL
9862,2026-08-01 00:11:01,TR-101,LT-003,70.87,0.335,0.006,0.268,50.082,68.29,POSSIBLE_BROKEN_LT
7353,2026-08-01 02:02:32,TR-102,LT-005,227.99,6.967,1.544,0.972,49.993,2.78,NORMAL
7519,2026-08-01 02:05:18,TR-101,LT-002,220.48,9.391,1.948,0.941,49.77,2.13,NORMAL
3852,2026-08-01 01:04:11,TR-104,LT-004,231.97,8.305,1.838,0.954,49.935,0.13,NORMAL
8632,2026-08-01 00:10:31,TR-104,LT-004,190.91,11.055,1.412,0.669,50.053,9.07,WARNING
2662,2026-08-01 00:44:21,TR-102,LT-003,226.42,8.49,1.718,0.894,50.126,1.34,NORMAL
6505,2026-08-01 01:48:24,TR-104,LT-001,234.26,9.078,2.01,0.945,50.006,2.94,NORMAL
9800,2026-08-01 00:09:59,TR-104,LT-004,43.49,0.363,0.007,0.431,49.942,45.68,POSSIBLE_BROKEN_LT
675,2026-08-01 00:11:14,TR-104,LT-001,224.37,7.315,1.536,0.936,50.001,1.19,NORMAL
7106,2026-08-01 01:58:25,TR-104,LT-006,228.45,11.724,2.456,0.917,50.026,2.83,NORMAL
6361,2026-08-01 01:46:00,TR-101,LT-001,233.59,8.955,1.962,0.938,49.98,2.81,NORMAL
3842,2026-08-01 01:04:01,TR-104,LT-002,227.16,6.049,1.323,0.963,50.116,3.23,NORMAL
1816,2026-08-01 00:30:15,TR-104,LT-002,226.44,8.411,1.806,0.948,50.022,3.61,NORMAL
9490,2026-08-01 00:04:49,TR-104,LT-004,68.49,0.223,0.009,0.57,49.985,23.08,POSSIBLE_BROKEN_LT
9839,2026-08-01 00:10:38,TR-103,LT-002,76.82,0.271,0.012,0.556,49.996,32.42,POSSIBLE_BROKEN_LT
9202,2026-08-01 00:00:01,TR-103,LT-002,69.11,0.202,0.004,0.254,50.067,33.93,POSSIBLE_BROKEN_LT
4654,2026-08-01 01:17:33,TR-102,LT-003,232.49,8.764,1.927,0.946,49.905,0.9,NORMAL
8693,2026-08-01 00:11:32,TR-102,LT-002,218.52,5.978,1.025,0.784,50.072,12.02,WARNING
2101,2026-08-01 00:35:00,TR-104,LT-003,231.51,10.811,2.296,0.917,49.986,1.62,NORMAL
7712,2026-08-01 02:08:31,TR-101,LT-001,224.67,9.086,1.933,0.947,50.043,2.31,NORMAL
1674,2026-08-01 00:27:53,TR-103,LT-001,226.31,4.798,1.036,0.954,50.139,2.59,NORMAL
2102,2026-08-01 00:35:01,TR-103,LT-004,226.39,8.401,1.753,0.922,50.065,1.91,NORMAL
4214,2026-08-01 01:10:13,TR-102,LT-003,222.56,10.461,2.167,0.931,50.036,2.23,NORMAL
6959,2026-08-01 01:55:58,TR-101,LT-004,240.67,6.724,1.504,0.93,49.781,3.59,NORMAL
1549,2026-08-01 00:25:48,TR-101,LT-002,233.06,6.745,1.555,0.989,49.89,1.32,NORMAL
9551,2026-08-01 00:05:50,TR-101,LT-001,85.98,0.057,0.002,0.346,50.069,47.3,POSSIBLE_BROKEN_LT
3324,2026-08-01 00:55:23,TR-104,LT-005,231.03,11.207,2.405,0.929,50.09,1.44,NORMAL
9584,2026-08-01 00:06:23,TR-104,LT-002,68.3,0.576,0.02,0.513,50.094,42.34,POSSIBLE_BROKEN_LT
356,2026-08-01 00:05:55,TR-102,LT-001,225.99,9.911,2.102,0.939,50.161,4.3,NORMAL
5185,2026-08-01 01:26:24,TR-102,LT-005,234.16,7.136,1.62,0.97,50.114,2.41,NORMAL
1462,2026-08-01 00:24:21,TR-102,LT-006,225.1,7.919,1.65,0.926,49.825,2.69,NORMAL
7625,2026-08-01 02:07:04,TR-102,LT-001,240.89,7.613,1.632,0.89,49.954,3.52,NORMAL
9386,2026-08-01 00:03:05,TR-102,LT-001,53.49,0.49,0.019,0.732,49.9,29.43,POSSIBLE_BROKEN_LT
3221,2026-08-01 00:53:40,TR-104,LT-001,225.8,6.154,1.325,0.954,50.062,1.78,NORMAL
940,2026-08-01 00:15:39,TR-103,LT-004,227.74,7.693,1.633,0.932,50.01,2.25,NORMAL
5148,2026-08-01 01:25:47,TR-104,LT-006,229.15,9.802,2.01,0.895,49.911,2.49,NORMAL
5924,2026-08-01 01:38:43,TR-103,LT-004,230.33,11.365,2.486,0.95,50.002,1.89,NORMAL
7884,2026-08-01 02:11:23,TR-103,LT-006,229.77,10.184,2.141,0.915,50.023,2.3,NORMAL
1752,2026-08-01 00:29:11,TR-102,LT-005,232.71,8.287,1.804,0.936,50.113,1.87,NORMAL
9469,2026-08-01 00:04:28,TR-101,LT-002,55.56,0.272,0.009,0.61,50.085,12.04,POSSIBLE_BROKEN_LT
7598,2026-08-01 02:06:37,TR-103,LT-003,225.79,3.175,0.671,0.936,49.923,3.13,NORMAL
1773,2026-08-01 00:29:32,TR-103,LT-003,227.51,5.15,1.055,0.9,49.904,1.12,NORMAL
1197,2026-08-01 00:19:56,TR-101,LT-001,229.92,11.075,2.467,0.969,50.086,1.6,NORMAL
1879,2026-08-01 00:31:18,TR-104,LT-006,223.27,5.781,1.16,0.899,49.963,3.06,NORMAL
2669,2026-08-01 00:44:28,TR-102,LT-005,232.21,8.132,1.835,0.972,49.864,2.1,NORMAL
3172,2026-08-01 00:52:51,TR-103,LT-002,232.43,8.669,1.901,0.944,49.996,1.57,NORMAL
2017,2026-08-01 00:33:36,TR-102,LT-005,228.94,5.853,1.237,0.923,49.95,3.58,NORMAL
2006,2026-08-01 00:33:25,TR-103,LT-006,230.85,6.458,1.391,0.933,49.995,2.08,NORMAL
8273,2026-08-01 00:04:32,TR-103,LT-002,172.84,12.935,2.038,0.911,50.022,8.02,WARNING
3894,2026-08-01 01:04:53,TR-104,LT-004,222.37,7.443,1.526,0.922,50.06,2.22,NORMAL
9992,2026-08-01 00:13:11,TR-101,LT-002,101.22,0.591,0.024,0.406,50.001,13.56,POSSIBLE_BROKEN_LT
3238,2026-08-01 00:53:57,TR-103,LT-001,224.98,8.079,1.748,0.962,50.024,2.99,NORMAL
4425,2026-08-01 01:13:44,TR-103,LT-001,226.4,7.359,1.606,0.964,49.822,2.55,NORMAL
4745,2026-08-01 01:19:04,TR-102,LT-003,236.42,8.613,1.905,0.935,49.993,2.86,NORMAL
2079,2026-08-01 00:34:38,TR-104,LT-002,229.44,8.718,1.813,0.906,50.034,0.57,NORMAL
5220,2026-08-01 01:26:59,TR-104,LT-005,225.2,5.225,1.11,0.943,49.919,1.7,NORMAL
397,2026-08-01 00:06:36,TR-104,LT-002,223.15,9.851,1.981,0.901,49.978,3.34,NORMAL
2789,2026-08-01 00:46:28,TR-101,LT-003,228.18,4.516,1.001,0.971,49.976,1.5,NORMAL
8878,2026-08-01 00:14:37,TR-102,LT-004,202.05,10.396,1.656,0.789,50.088,15.84,WARNING
8639,2026-08-01 00:10:38,TR-104,LT-006,164.0,4.12,0.534,0.79,50.087,3.04,WARNING
4073,2026-08-01 01:07:52,TR-101,LT-001,223.85,8.588,1.811,0.942,50.083,1.26,NORMAL
5575,2026-08-01 01:32:54,TR-101,LT-001,226.08,8.209,1.784,0.961,49.828,3.71,NORMAL
8370,2026-08-01 00:06:09,TR-103,LT-002,184.57,10.372,1.546,0.808,49.993,6.08,WARNING
9508,2026-08-01 00:05:07,TR-101,LT-005,56.07,0.322,0.003,0.167,49.993,58.8,POSSIBLE_BROKEN_LT
5356,2026-08-01 01:29:15,TR-101,LT-001,233.58,7.733,1.724,0.955,50.096,0.32,NORMAL
7234,2026-08-01 02:00:33,TR-104,LT-005,232.91,7.193,1.622,0.968,50.101,2.19,NORMAL
9484,2026-08-01 00:04:43,TR-103,LT-004,87.63,0.079,0.002,0.332,49.892,45.61,POSSIBLE_BROKEN_LT
6821,2026-08-01 01:53:40,TR-104,LT-001,237.97,5.019,1.165,0.975,49.956,2.18,NORMAL
1520,2026-08-01 00:25:19,TR-101,LT-002,237.42,7.191,1.612,0.944,50.113,0.91,NORMAL
8197,2026-08-01 00:03:16,TR-104,LT-003,179.32,8.011,1.127,0.785,50.164,5.26,WARNING
1379,2026-08-01 00:22:58,TR-102,LT-002,227.58,7.2,1.576,0.962,49.964,2.95,NORMAL
5673,2026-08-01 01:34:32,TR-103,LT-002,227.44,12.944,2.754,0.935,50.041,1.69,NORMAL
1024,2026-08-01 00:17:03,TR-101,LT-006,238.57,9.762,2.231,0.958,49.98,1.67,NORMAL
2588,2026-08-01 00:43:07,TR-101,LT-005,229.19,8.643,1.825,0.921,50.062,0.34,NORMAL
7043,2026-08-01 01:57:22,TR-104,LT-002,231.84,4.612,1.033,0.966,49.966,3.35,NORMAL
5622,2026-08-01 01:33:41,TR-101,LT-003,222.88,8.669,1.874,0.97,50.022,1.2,NORMAL
7638,2026-08-01 02:07:17,TR-104,LT-004,228.55,7.24,1.579,0.954,50.046,1.41,NORMAL
5009,2026-08-01 01:23:28,TR-103,LT-001,227.06,9.299,1.968,0.932,49.901,2.96,NORMAL
2858,2026-08-01 00:47:37,TR-102,LT-003,229.08,5.369,1.175,0.956,50.027,1.42,NORMAL
8255,2026-08-01 00:04:14,TR-102,LT-005,176.99,15.365,2.139,0.787,49.941,13.83,WARNING
5772,2026-08-01 01:36:11,TR-103,LT-001,229.34,4.041,0.868,0.936,49.997,2.86,NORMAL
5843,2026-08-01 01:37:22,TR-101,LT-002,224.03,8.288,1.696,0.914,50.002,0.25,NORMAL
8028,2026-08-01 00:00:27,TR-102,LT-004,164.08,6.063,0.836,0.841,49.794,17.19,WARNING
5833,2026-08-01 01:37:12,TR-102,LT-004,225.59,8.047,1.634,0.9,50.048,0.68,NORMAL
1630,2026-08-01 00:27:09,TR-101,LT-002,233.41,12.08,2.625,0.931,50.019,1.06,NORMAL
4889,2026-08-01 01:21:28,TR-101,LT-002,230.91,8.242,1.808,0.95,50.046,2.55,NORMAL
4527,2026-08-01 01:15:26,TR-102,LT-006,224.45,5.858,1.312,0.998,50.099,3.05,NORMAL
3524,2026-08-01 00:58:43,TR-101,LT-002,236.52,6.169,1.434,0.983,49.804,3.07,NORMAL
5905,2026-08-01 01:38:24,TR-104,LT-002,226.43,5.025,1.063,0.934,50.07,0.38,NORMAL
7782,2026-08-01 02:09:41,TR-101,LT-004,234.06,7.837,1.742,0.95,50.025,1.29,NORMAL
3608,2026-08-01 01:00:07,TR-101,LT-006,234.33,8.452,1.893,0.956,49.853,3.69,NORMAL
9419,2026-08-01 00:03:38,TR-102,LT-001,88.6,0.335,0.012,0.398,49.971,43.48,POSSIBLE_BROKEN_LT
5221,2026-08-01 01:27:00,TR-102,LT-006,237.14,10.113,2.29,0.955,49.967,2.91,NORMAL
235,2026-08-01 00:03:54,TR-101,LT-006,238.58,10.112,2.195,0.91,49.872,1.3,NORMAL
7756,2026-08-01 02:09:15,TR-104,LT-001,230.5,6.28,1.34,0.926,50.03,2.24,NORMAL
3797,2026-08-01 01:03:16,TR-102,LT-004,229.34,4.268,0.907,0.927,50.028,3.01,NORMAL
4119,2026-08-01 01:08:38,TR-101,LT-006,228.18,6.482,1.408,0.952,49.958,2.78,NORMAL
6319,2026-08-01 01:45:18,TR-102,LT-006,233.83,9.143,2.012,0.941,50.021,3.08,NORMAL
5002,2026-08-01 01:23:21,TR-102,LT-003,228.19,9.055,1.941,0.94,50.086,2.55,NORMAL
3801,2026-08-01 01:03:20,TR-101,LT-006,224.45,7.999,1.773,0.988,50.183,2.73,NORMAL
7810,2026-08-01 02:10:09,TR-103,LT-001,222.31,8.069,1.683,0.938,49.992,1.45,NORMAL
3900,2026-08-01 01:04:59,TR-102,LT-001,231.52,10.074,2.227,0.955,49.92,1.52,NORMAL
5025,2026-08-01 01:23:44,TR-104,LT-001,239.11,8.268,1.804,0.913,49.973,1.77,NORMAL
1949,2026-08-01 00:32:28,TR-101,LT-002,234.5,7.604,1.645,0.923,50.065,1.91,NORMAL
6362,2026-08-01 01:46:01,TR-101,LT-006,234.5,8.435,1.824,0.922,50.007,2.9,NORMAL
471,2026-08-01 00:07:50,TR-103,LT-006,228.9,7.849,1.769,0.985,49.953,1.55,NORMAL
9945,2026-08-01 00:12:24,TR-101,LT-002,72.62,0.194,0.009,0.657,49.965,33.58,POSSIBLE_BROKEN_LT
3493,2026-08-01 00:58:12,TR-103,LT-002,231.98,8.453,1.846,0.941,49.934,2.5,NORMAL
6092,2026-08-01 01:41:31,TR-102,LT-005,230.37,7.458,1.615,0.94,50.088,3.26,NORMAL
2672,2026-08-01 00:44:31,TR-103,LT-003,232.33,7.88,1.75,0.956,50.084,1.14,NORMAL
9801,2026-08-01 00:10:00,TR-103,LT-004,87.49,0.454,0.019,0.478,49.865,43.34,POSSIBLE_BROKEN_LT
2225,2026-08-01 00:37:04,TR-102,LT-006,227.4,10.549,2.28,0.95,50.043,1.32,NORMAL
1107,2026-08-01 00:18:26,TR-104,LT-006,232.45,9.518,2.061,0.931,49.975,0.26,NORMAL
2189,2026-08-01 00:36:28,TR-103,LT-004,228.28,8.467,1.793,0.928,49.895,1.68,NORMAL
819,2026-08-01 00:13:38,TR-104,LT-006,230.33,8.969,1.843,0.892,50.115,0.5,NORMAL
5572,2026-08-01 01:32:51,TR-101,LT-002,227.87,5.824,1.277,0.962,49.996,3.12,NORMAL
4524,2026-08-01 01:15:23,TR-103,LT-002,238.3,6.894,1.498,0.912,50.134,3.96,NORMAL
5794,2026-08-01 01:36:33,TR-104,LT-001,230.56,8.421,1.767,0.91,49.896,2.16,NORMAL
9382,2026-08-01 00:03:01,TR-101,LT-005,63.56,0.395,0.016,0.633,50.155,33.94,POSSIBLE_BROKEN_LT
8781,2026-08-01 00:13:00,TR-101,LT-006,179.23,11.512,1.752,0.849,49.91,12.29,WARNING
7460,2026-08-01 02:04:19,TR-102,LT-001,224.61,9.075,1.885,0.925,50.004,2.75,NORMAL
2625,2026-08-01 00:43:44,TR-103,LT-004,231.64,10.396,2.252,0.935,49.867,2.37,NORMAL
7095,2026-08-01 01:58:14,TR-102,LT-001,232.7,8.689,1.76,0.87,50.003,3.46,NORMAL
9393,2026-08-01 00:03:12,TR-102,LT-006,93.35,0.625,0.026,0.444,49.982,61.68,POSSIBLE_BROKEN_LT
9917,2026-08-01 00:11:56,TR-104,LT-002,90.01,0.477,0.026,0.61,49.986,31.62,POSSIBLE_BROKEN_LT
9120,2026-08-01 00:18:39,TR-103,LT-005,171.89,9.737,1.407,0.841,50.038,5.04,WARNING
889,2026-08-01 00:14:48,TR-103,LT-006,232.36,7.863,1.703,0.932,49.937,4.41,NORMAL
2438,2026-08-01 00:40:37,TR-101,LT-003,233.3,7.301,1.578,0.927,49.923,1.81,NORMAL
6057,2026-08-01 01:40:56,TR-102,LT-005,230.3,11.013,2.352,0.927,49.942,1.98,NORMAL
7065,2026-08-01 01:57:44,TR-104,LT-002,230.94,8.416,1.907,0.981,50.09,2.13,NORMAL
818,2026-08-01 00:13:37,TR-102,LT-002,233.56,8.163,1.865,0.978,49.924,0.72,NORMAL
8935,2026-08-01 00:15:34,TR-103,LT-001,166.39,9.626,1.311,0.819,49.982,10.56,WARNING
3415,2026-08-01 00:56:54,TR-101,LT-004,227.8,8.069,1.688,0.918,49.94,2.75,NORMAL
6353,2026-08-01 01:45:52,TR-101,LT-005,224.58,9.113,1.901,0.929,49.954,2.83,NORMAL
2342,2026-08-01 00:39:01,TR-104,LT-002,231.68,3.997,0.866,0.935,49.984,2.21,NORMAL
9030,2026-08-01 00:17:09,TR-101,LT-004,156.98,9.589,1.374,0.913,50.008,9.42,WARNING
3168,2026-08-01 00:52:47,TR-101,LT-005,230.63,9.926,2.088,0.912,49.961,1.33,NORMAL
1810,2026-08-01 00:30:09,TR-102,LT-006,233.58,7.59,1.682,0.949,49.866,1.57,NORMAL
8036,2026-08-01 00:00:35,TR-104,LT-005,167.57,5.68,0.896,0.941,49.849,8.18,WARNING
1265,2026-08-01 00:21:04,TR-104,LT-004,230.68,6.134,1.384,0.978,50.035,2.48,NORMAL
5087,2026-08-01 01:24:46,TR-102,LT-003,229.93,10.417,2.22,0.927,50.096,1.75,NORMAL
9676,2026-08-01 00:07:55,TR-102,LT-005,117.25,0.379,0.011,0.241,49.989,46.31,POSSIBLE_BROKEN_LT
5836,2026-08-01 01:37:15,TR-104,LT-005,228.32,11.27,2.366,0.919,49.938,0.15,NORMAL
5195,2026-08-01 01:26:34,TR-101,LT-003,222.61,5.993,1.272,0.953,50.123,0.31,NORMAL
4450,2026-08-01 01:14:09,TR-101,LT-003,235.99,7.779,1.74,0.948,49.971,0.88,NORMAL
4946,2026-08-01 01:22:25,TR-101,LT-005,234.16,9.664,2.145,0.948,50.031,2.06,NORMAL
4046,2026-08-01 01:07:25,TR-102,LT-004,228.34,8.503,1.871,0.964,50.008,1.17,NORMAL
6504,2026-08-01 01:48:23,TR-101,LT-004,224.52,9.436,2.022,0.954,49.969,1.51,NORMAL
3703,2026-08-01 01:01:42,TR-101,LT-005,226.33,4.678,0.982,0.928,49.906,0.86,NORMAL
1036,2026-08-01 00:17:15,TR-102,LT-001,236.3,8.791,1.956,0.942,49.981,0.59,NORMAL
9257,2026-08-01 00:00:56,TR-102,LT-001,88.99,0.257,0.01,0.429,49.968,15.46,POSSIBLE_BROKEN_LT
5591,2026-08-01 01:33:10,TR-103,LT-006,227.79,6.159,1.329,0.948,50.081,1.18,NORMAL
1229,2026-08-01 00:20:28,TR-104,LT-003,233.86,4.464,0.977,0.936,50.078,1.43,NORMAL
10000,2026-08-01 00:13:19,TR-104,LT-006,89.76,0.519,0.018,0.391,49.938,47.33,POSSIBLE_BROKEN_LT
6812,2026-08-01 01:53:31,TR-104,LT-004,224.27,9.367,1.954,0.93,49.998,1.61,NORMAL
5142,2026-08-01 01:25:41,TR-102,LT-005,232.15,10.179,2.243,0.949,50.098,2.18,NORMAL
53,2026-08-01 00:00:52,TR-102,LT-005,227.29,7.153,1.465,0.901,49.952,2.0,NORMAL
9068,2026-08-01 00:17:47,TR-102,LT-001,166.88,12.525,1.928,0.922,49.93,2.12,WARNING
8396,2026-08-01 00:06:35,TR-103,LT-001,172.49,11.331,1.563,0.8,49.978,20.01,WARNING
160,2026-08-01 00:02:39,TR-103,LT-004,232.63,6.476,1.39,0.923,49.957,3.22,NORMAL
7553,2026-08-01 02:05:52,TR-102,LT-004,223.9,2.287,0.459,0.896,50.052,1.7,NORMAL
1588,2026-08-01 00:26:27,TR-103,LT-005,228.53,9.162,1.979,0.945,49.878,2.86,NORMAL
1590,2026-08-01 00:26:29,TR-101,LT-003,230.34,9.597,2.134,0.965,50.124,2.31,NORMAL
9842,2026-08-01 00:10:41,TR-102,LT-004,93.8,0.552,0.018,0.353,50.082,15.75,POSSIBLE_BROKEN_LT
9329,2026-08-01 00:02:08,TR-104,LT-004,64.78,0.418,0.016,0.608,49.962,11.47,POSSIBLE_BROKEN_LT
6931,2026-08-01 01:55:30,TR-103,LT-005,226.87,12.872,2.712,0.929,50.058,1.67,NORMAL
6597,2026-08-01 01:49:56,TR-104,LT-002,227.98,8.324,1.812,0.955,50.122,2.46,NORMAL
6175,2026-08-01 01:42:54,TR-102,LT-005,231.35,4.824,1.014,0.909,50.056,2.07,NORMAL
8099,2026-08-01 00:01:38,TR-104,LT-006,172.25,18.814,2.811,0.867,49.901,11.76,WARNING
3859,2026-08-01 01:04:18,TR-104,LT-001,227.1,7.216,1.455,0.888,50.053,2.56,NORMAL
9815,2026-08-01 00:10:14,TR-103,LT-006,82.9,0.373,0.01,0.312,49.946,39.18,POSSIBLE_BROKEN_LT
6692,2026-08-01 01:51:31,TR-101,LT-002,227.19,8.311,1.79,0.948,49.962,1.3,NORMAL
2829,2026-08-01 00:47:08,TR-101,LT-006,233.81,6.894,1.428,0.886,50.052,2.54,NORMAL
437,2026-08-01 00:07:16,TR-101,LT-001,236.51,8.315,1.882,0.957,49.908,1.64,NORMAL
8275,2026-08-01 00:04:34,TR-101,LT-004,174.57,8.157,0.979,0.688,49.932,11.03,WARNING
8169,2026-08-01 00:02:48,TR-101,LT-001,146.49,8.07,1.037,0.877,50.068,6.96,WARNING
3879,2026-08-01 01:04:38,TR-102,LT-001,223.87,8.598,1.8,0.935,49.928,3.29,NORMAL
1589,2026-08-01 00:26:28,TR-104,LT-005,226.69,3.882,0.83,0.943,49.992,3.45,NORMAL
2781,2026-08-01 00:46:20,TR-104,LT-003,233.5,5.507,1.201,0.934,49.929,2.99,NORMAL
8982,2026-08-01 00:16:21,TR-101,LT-001,190.76,4.995,0.748,0.785,50.038,0.07,WARNING
8562,2026-08-01 00:09:21,TR-102,LT-003,179.29,6.409,0.882,0.768,50.067,13.65,WARNING
5687,2026-08-01 01:34:46,TR-103,LT-003,235.02,9.815,2.158,0.935,50.038,2.78,NORMAL
3966,2026-08-01 01:06:05,TR-103,LT-004,231.45,8.093,1.805,0.964,50.032,1.75,NORMAL
4728,2026-08-01 01:18:47,TR-103,LT-006,228.05,7.389,1.627,0.966,49.924,3.24,NORMAL
974,2026-08-01 00:16:13,TR-101,LT-001,227.39,10.657,2.218,0.915,50.185,0.86,NORMAL
1239,2026-08-01 00:20:38,TR-103,LT-004,232.28,6.323,1.361,0.926,50.066,1.87,NORMAL
2952,2026-08-01 00:49:11,TR-104,LT-005,233.11,10.052,2.159,0.922,49.893,1.16,NORMAL
2343,2026-08-01 00:39:02,TR-104,LT-003,231.97,6.697,1.503,0.968,49.97,2.26,NORMAL
6521,2026-08-01 01:48:40,TR-101,LT-002,228.61,9.008,1.889,0.917,49.835,2.17,NORMAL
7311,2026-08-01 02:01:50,TR-102,LT-003,228.2,7.955,1.694,0.933,49.981,2.56,NORMAL
6047,2026-08-01 01:40:46,TR-104,LT-003,230.01,7.372,1.566,0.923,49.904,3.0,NORMAL
2159,2026-08-01 00:35:58,TR-101,LT-002,235.13,9.005,2.039,0.963,49.958,2.15,NORMAL
9289,2026-08-01 00:01:28,TR-101,LT-006,60.44,0.453,0.005,0.169,49.981,11.21,POSSIBLE_BROKEN_LT
6590,2026-08-01 01:49:49,TR-104,LT-003,231.08,8.33,1.869,0.971,49.891,2.36,NORMAL
1498,2026-08-01 00:24:57,TR-104,LT-001,234.83,9.454,2.133,0.961,49.953,2.3,NORMAL
4546,2026-08-01 01:15:45,TR-101,LT-001,232.34,6.484,1.426,0.947,50.065,1.69,NORMAL
6466,2026-08-01 01:47:45,TR-102,LT-003,233.24,6.106,1.348,0.947,49.851,3.02,NORMAL
4258,2026-08-01 01:10:57,TR-104,LT-001,235.7,10.353,2.409,0.987,50.049,2.94,NORMAL
2423,2026-08-01 00:40:22,TR-102,LT-002,229.08,8.027,1.792,0.974,49.995,2.44,NORMAL
8565,2026-08-01 00:09:24,TR-101,LT-003,193.65,12.249,2.064,0.87,49.949,19.67,WARNING
5186,2026-08-01 01:26:25,TR-101,LT-003,222.18,12.882,2.809,0.982,50.037,1.71,NORMAL
5648,2026-08-01 01:34:07,TR-103,LT-003,236.27,3.911,0.883,0.955,50.144,1.09,NORMAL
358,2026-08-01 00:05:57,TR-101,LT-005,228.85,6.219,1.313,0.923,50.059,1.37,NORMAL
5243,2026-08-01 01:27:22,TR-102,LT-001,233.0,5.666,1.251,0.948,50.028,1.37,NORMAL
8012,2026-08-01 00:00:11,TR-101,LT-002,163.46,15.71,2.207,0.859,49.989,16.43,WARNING
9241,2026-08-01 00:00:40,TR-101,LT-002,53.44,0.486,0.009,0.36,49.998,25.51,POSSIBLE_BROKEN_LT
2093,2026-08-01 00:34:52,TR-104,LT-004,232.49,3.084,0.665,0.928,49.989,2.42,NORMAL
5410,2026-08-01 01:30:09,TR-101,LT-001,234.47,8.919,1.942,0.929,49.874,0.64,NORMAL
2016,2026-08-01 00:33:35,TR-104,LT-002,229.22,8.083,1.723,0.93,49.929,2.64,NORMAL
9060,2026-08-01 00:17:39,TR-102,LT-006,185.87,12.171,1.589,0.702,50.031,9.73,WARNING
4045,2026-08-01 01:07:24,TR-101,LT-002,233.73,11.343,2.438,0.92,50.047,2.3,NORMAL
188,2026-08-01 00:03:07,TR-103,LT-005,229.71,9.264,2.009,0.944,49.97,2.12,NORMAL
6859,2026-08-01 01:54:18,TR-104,LT-006,227.53,6.269,1.348,0.945,49.904,3.26,NORMAL
3656,2026-08-01 01:00:55,TR-102,LT-006,231.46,6.62,1.436,0.937,50.103,0.7,NORMAL
3427,2026-08-01 00:57:06,TR-101,LT-003,231.01,1.358,0.3,0.955,49.98,3.91,NORMAL
7195,2026-08-01 01:59:54,TR-103,LT-005,232.99,7.783,1.669,0.921,49.953,1.59,NORMAL
1382,2026-08-01 00:23:01,TR-103,LT-003,228.05,5.865,1.184,0.886,49.938,2.65,NORMAL
7469,2026-08-01 02:04:28,TR-101,LT-003,228.31,6.822,1.503,0.965,49.956,1.76,NORMAL
414,2026-08-01 00:06:53,TR-101,LT-001,235.11,8.522,1.795,0.896,50.076,0.19,NORMAL
5038,2026-08-01 01:23:57,TR-102,LT-005,227.25,6.741,1.434,0.936,49.959,0.88,NORMAL
4898,2026-08-01 01:21:37,TR-101,LT-004,225.52,7.628,1.624,0.944,50.124,1.58,NORMAL
3337,2026-08-01 00:55:36,TR-101,LT-002,224.54,8.459,1.722,0.906,49.987,1.58,NORMAL
3607,2026-08-01 01:00:06,TR-102,LT-001,226.88,6.391,1.331,0.918,49.999,1.47,NORMAL
3176,2026-08-01 00:52:55,TR-104,LT-006,226.99,9.021,1.894,0.925,50.152,1.05,NORMAL
2242,2026-08-01 00:37:21,TR-101,LT-004,232.34,6.708,1.438,0.923,49.895,1.24,NORMAL
9709,2026-08-01 00:08:28,TR-102,LT-004,69.72,0.358,0.007,0.275,49.976,31.3,POSSIBLE_BROKEN_LT
7797,2026-08-01 02:09:56,TR-102,LT-004,224.64,7.371,1.579,0.954,49.974,2.59,NORMAL
257,2026-08-01 00:04:16,TR-101,LT-001,235.07,10.243,2.194,0.911,50.06,1.98,NORMAL
8621,2026-08-01 00:10:20,TR-104,LT-006,167.97,10.463,1.508,0.858,50.0,8.92,WARNING
201,2026-08-01 00:03:20,TR-104,LT-003,231.43,0.327,0.074,0.975,49.941,0.97,NORMAL
2236,2026-08-01 00:37:15,TR-101,LT-006,232.92,8.293,1.897,0.982,49.931,0.87,NORMAL
4744,2026-08-01 01:19:03,TR-102,LT-002,231.66,7.438,1.639,0.951,49.99,2.4,NORMAL
1768,2026-08-01 00:29:27,TR-104,LT-006,229.3,8.127,1.755,0.942,49.977,1.98,NORMAL
4237,2026-08-01 01:10:36,TR-102,LT-003,235.74,12.603,2.783,0.937,49.937,3.69,NORMAL
6730,2026-08-01 01:52:09,TR-103,LT-004,237.14,8.831,1.891,0.903,49.973,1.95,NORMAL
8451,2026-08-01 00:07:30,TR-102,LT-005,191.16,4.327,0.642,0.776,50.042,10.65,WARNING
7278,2026-08-01 02:01:17,TR-102,LT-003,229.73,3.625,0.79,0.948,49.977,3.29,NORMAL
1573,2026-08-01 00:26:12,TR-103,LT-001,231.17,7.021,1.518,0.935,50.04,1.58,NORMAL
25,2026-08-01 00:00:24,TR-104,LT-002,227.82,1.723,0.361,0.92,49.964,1.06,NORMAL
3364,2026-08-01 00:56:03,TR-101,LT-005,224.58,8.195,1.684,0.915,49.977,2.48,NORMAL
1089,2026-08-01 00:18:08,TR-102,LT-004,228.96,7.738,1.715,0.968,49.926,1.1,NORMAL
4675,2026-08-01 01:17:54,TR-102,LT-004,233.29,4.83,1.094,0.971,49.986,3.27,NORMAL
2695,2026-08-01 00:44:54,TR-101,LT-002,231.34,9.369,2.02,0.932,49.964,0.34,NORMAL
7583,2026-08-01 02:06:22,TR-101,LT-003,229.89,8.221,1.795,0.95,49.881,2.77,NORMAL
3399,2026-08-01 00:56:38,TR-104,LT-002,239.09,7.924,1.716,0.906,50.105,0.81,NORMAL
3560,2026-08-01 00:59:19,TR-103,LT-002,224.8,5.768,1.197,0.923,49.997,2.47,NORMAL
9157,2026-08-01 00:19:16,TR-102,LT-004,202.96,10.035,1.686,0.828,50.22,8.7,WARNING
2842,2026-08-01 00:47:21,TR-102,LT-004,223.93,5.752,1.207,0.937,50.016,1.94,NORMAL
2312,2026-08-01 00:38:31,TR-101,LT-006,237.18,6.955,1.551,0.94,49.971,0.78,NORMAL
8334,2026-08-01 00:05:33,TR-103,LT-005,168.83,9.086,1.344,0.876,50.006,6.94,WARNING
3235,2026-08-01 00:53:54,TR-104,LT-005,224.88,7.811,1.658,0.944,50.04,1.01,NORMAL
4153,2026-08-01 01:09:12,TR-101,LT-003,230.34,10.356,2.324,0.974,50.038,2.77,NORMAL
1310,2026-08-01 00:21:49,TR-103,LT-005,231.9,10.065,2.187,0.937,49.928,0.61,NORMAL
696,2026-08-01 00:11:35,TR-102,LT-001,228.76,9.811,2.169,0.966,50.104,2.12,NORMAL
9860,2026-08-01 00:10:59,TR-101,LT-001,70.25,0.154,0.005,0.463,50.108,16.53,POSSIBLE_BROKEN_LT
3753,2026-08-01 01:02:32,TR-102,LT-002,235.01,6.148,1.36,0.941,49.996,1.87,NORMAL
6338,2026-08-01 01:45:37,TR-101,LT-002,228.22,6.956,1.495,0.942,49.934,2.73,NORMAL
1228,2026-08-01 00:20:27,TR-101,LT-006,229.41,6.746,1.464,0.946,49.951,1.75,NORMAL
2000,2026-08-01 00:33:19,TR-103,LT-002,227.02,9.289,2.037,0.966,50.078,1.7,NORMAL
277,2026-08-01 00:04:36,TR-104,LT-006,230.8,12.92,2.791,0.936,49.96,1.15,NORMAL
8177,2026-08-01 00:02:56,TR-103,LT-001,183.25,11.331,1.762,0.848,50.061,8.26,WARNING
7665,2026-08-01 02:07:44,TR-103,LT-003,233.57,9.493,2.016,0.909,49.997,2.09,NORMAL
5930,2026-08-01 01:38:49,TR-101,LT-005,231.61,7.906,1.768,0.965,50.056,1.36,NORMAL
2954,2026-08-01 00:49:13,TR-101,LT-003,236.08,8.632,1.941,0.953,50.066,0.24,NORMAL
3638,2026-08-01 01:00:37,TR-101,LT-006,231.48,7.496,1.646,0.948,49.975,0.35,NORMAL
3907,2026-08-01 01:05:06,TR-101,LT-006,235.3,9.087,1.944,0.909,49.997,0.78,NORMAL
4779,2026-08-01 01:19:38,TR-104,LT-005,225.62,2.434,0.508,0.925,50.043,1.59,NORMAL
5846,2026-08-01 01:37:25,TR-101,LT-005,227.82,7.262,1.591,0.962,50.035,1.3,NORMAL
9699,2026-08-01 00:08:18,TR-104,LT-006,66.84,0.207,0.005,0.388,50.053,23.83,POSSIBLE_BROKEN_LT
4118,2026-08-01 01:08:37,TR-102,LT-004,222.44,8.964,1.83,0.918,49.947,0.9,NORMAL
7031,2026-08-01 01:57:10,TR-102,LT-005,224.54,6.081,1.353,0.991,50.142,3.82,NORMAL
1138,2026-08-01 00:18:57,TR-101,LT-003,225.09,10.101,2.124,0.934,50.035,1.97,NORMAL
2768,2026-08-01 00:46:07,TR-102,LT-002,231.82,11.158,2.494,0.964,50.022,2.49,NORMAL
2335,2026-08-01 00:38:54,TR-102,LT-004,233.56,8.4,1.831,0.933,50.07,2.33,NORMAL
7707,2026-08-01 02:08:26,TR-101,LT-001,236.3,5.722,1.239,0.916,49.993,2.48,NORMAL
943,2026-08-01 00:15:42,TR-101,LT-001,232.6,7.709,1.651,0.92,50.084,2.28,NORMAL
7663,2026-08-01 02:07:42,TR-101,LT-005,227.31,8.433,1.858,0.969,49.995,1.73,NORMAL
2491,2026-08-01 00:41:30,TR-102,LT-001,229.94,5.984,1.242,0.903,50.126,1.81,NORMAL
9680,2026-08-01 00:07:59,TR-103,LT-003,70.27,0.351,0.009,0.371,49.965,43.44,POSSIBLE_BROKEN_LT
6291,2026-08-01 01:44:50,TR-101,LT-001,229.03,5.232,1.136,0.948,50.036,2.66,NORMAL
4936,2026-08-01 01:22:15,TR-104,LT-002,232.17,5.35,1.172,0.944,50.024,2.48,NORMAL
3936,2026-08-01 01:05:35,TR-102,LT-006,231.55,8.522,1.794,0.909,50.008,2.29,NORMAL
6957,2026-08-01 01:55:56,TR-104,LT-002,230.38,7.887,1.688,0.929,49.992,0.85,NORMAL
2385,2026-08-01 00:39:44,TR-104,LT-006,230.13,7.33,1.591,0.943,50.098,3.08,NORMAL
116,2026-08-01 00:01:55,TR-101,LT-003,231.21,7.681,1.737,0.978,49.834,2.25,NORMAL
1864,2026-08-01 00:31:03,TR-101,LT-006,223.01,5.854,1.213,0.929,50.039,1.45,NORMAL
9977,2026-08-01 00:12:56,TR-101,LT-004,57.72,0.235,0.01,0.719,50.006,40.88,POSSIBLE_BROKEN_LT
3120,2026-08-01 00:51:59,TR-103,LT-003,236.62,9.941,2.207,0.938,50.002,1.3,NORMAL
4259,2026-08-01 01:10:58,TR-102,LT-001,229.63,5.456,1.222,0.976,49.739,0.24,NORMAL
6706,2026-08-01 01:51:45,TR-101,LT-003,225.35,11.304,2.469,0.969,50.0,4.32,NORMAL
903,2026-08-01 00:15:02,TR-102,LT-005,230.11,6.047,1.308,0.94,49.926,3.42,NORMAL
2820,2026-08-01 00:46:59,TR-102,LT-004,222.29,11.411,2.334,0.92,49.811,0.23,NORMAL
3823,2026-08-01 01:03:42,TR-103,LT-001,229.82,9.446,2.085,0.961,49.995,1.59,NORMAL
8162,2026-08-01 00:02:41,TR-104,LT-001,170.03,8.705,1.143,0.772,50.019,1.12,WARNING
6891,2026-08-01 01:54:50,TR-102,LT-001,234.04,6.619,1.497,0.966,49.986,4.28,NORMAL
9091,2026-08-01 00:18:10,TR-104,LT-002,220.76,14.875,2.637,0.803,49.965,10.57,WARNING
4700,2026-08-01 01:18:19,TR-103,LT-002,228.12,6.952,1.505,0.949,49.929,1.63,NORMAL
8919,2026-08-01 00:15:18,TR-103,LT-001,171.04,10.169,1.429,0.822,49.875,11.32,WARNING
3803,2026-08-01 01:03:22,TR-102,LT-004,225.13,6.974,1.501,0.956,50.064,1.26,NORMAL
6069,2026-08-01 01:41:08,TR-103,LT-004,233.47,6.021,1.342,0.955,49.875,4.29,NORMAL
5811,2026-08-01 01:36:50,TR-102,LT-004,234.41,11.887,2.568,0.921,49.924,0.46,NORMAL
3537,2026-08-01 00:58:56,TR-101,LT-004,232.72,11.114,2.38,0.92,50.085,1.65,NORMAL
3826,2026-08-01 01:03:45,TR-102,LT-004,234.69,9.644,2.17,0.959,50.085,1.53,NORMAL
8643,2026-08-01 00:10:42,TR-103,LT-002,199.68,11.734,1.781,0.76,49.941,14.07,WARNING
8609,2026-08-01 00:10:08,TR-104,LT-001,210.23,10.408,1.936,0.885,49.951,21.79,WARNING
4811,2026-08-01 01:20:10,TR-101,LT-004,233.03,10.859,2.214,0.875,49.954,0.08,NORMAL
1947,2026-08-01 00:32:26,TR-104,LT-004,231.51,3.314,0.726,0.946,50.101,2.33,NORMAL
8601,2026-08-01 00:10:00,TR-101,LT-005,212.96,8.967,1.525,0.799,49.828,12.77,WARNING
7137,2026-08-01 01:58:56,TR-103,LT-002,227.39,6.925,1.502,0.954,50.044,3.27,NORMAL
5336,2026-08-01 01:28:55,TR-101,LT-001,228.01,10.531,2.176,0.906,50.069,2.59,NORMAL
3489,2026-08-01 00:58:08,TR-103,LT-006,226.3,6.746,1.394,0.913,50.099,1.94,NORMAL
1611,2026-08-01 00:26:50,TR-103,LT-004,228.83,8.256,1.727,0.914,50.097,1.04,NORMAL
7462,2026-08-01 02:04:21,TR-104,LT-001,229.87,9.552,2.043,0.931,49.946,2.48,NORMAL
8474,2026-08-01 00:07:53,TR-102,LT-002,178.39,10.65,1.65,0.868,49.957,11.63,WARNING
4678,2026-08-01 01:17:57,TR-103,LT-005,234.42,8.987,1.965,0.933,49.819,2.22,NORMAL
4960,2026-08-01 01:22:39,TR-102,LT-004,232.01,5.457,1.205,0.952,49.903,1.56,NORMAL
5868,2026-08-01 01:37:47,TR-103,LT-005,227.21,8.582,1.821,0.934,49.953,1.13,NORMAL
8764,2026-08-01 00:12:43,TR-101,LT-001,150.46,8.016,1.02,0.845,50.001,17.33,WARNING
4762,2026-08-01 01:19:21,TR-103,LT-006,232.68,10.724,2.381,0.954,50.085,0.73,NORMAL
2195,2026-08-01 00:36:34,TR-104,LT-001,230.76,7.331,1.607,0.95,49.992,2.68,NORMAL
8004,2026-08-01 00:00:03,TR-102,LT-002,180.07,14.183,2.289,0.896,50.062,14.46,WARNING
5702,2026-08-01 01:35:01,TR-103,LT-004,229.13,5.022,1.09,0.948,49.982,1.97,NORMAL
5114,2026-08-01 01:25:13,TR-104,LT-003,224.38,7.668,1.622,0.943,49.981,2.61,NORMAL
558,2026-08-01 00:09:17,TR-103,LT-004,228.27,12.297,2.517,0.897,50.023,2.35,NORMAL
8066,2026-08-01 00:01:05,TR-102,LT-006,172.05,12.808,1.909,0.866,49.931,13.78,WARNING
5140,2026-08-01 01:25:39,TR-102,LT-002,227.36,7.711,1.622,0.925,49.921,0.51,NORMAL
1208,2026-08-01 00:20:07,TR-104,LT-003,227.35,4.314,0.942,0.961,49.972,1.19,NORMAL
7034,2026-08-01 01:57:13,TR-101,LT-002,226.07,11.488,2.466,0.95,50.004,2.18,NORMAL
7310,2026-08-01 02:01:49,TR-102,LT-003,226.11,7.106,1.441,0.897,49.955,3.06,NORMAL
1511,2026-08-01 00:25:10,TR-104,LT-003,225.43,3.218,0.69,0.951,50.14,2.25,NORMAL
6770,2026-08-01 01:52:49,TR-104,LT-003,227.48,6.369,1.32,0.911,49.977,3.67,NORMAL
3830,2026-08-01 01:03:49,TR-102,LT-003,231.92,8.246,1.771,0.926,50.052,3.09,NORMAL
3733,2026-08-01 01:02:12,TR-101,LT-004,221.93,9.873,2.052,0.937,49.969,2.21,NORMAL
7958,2026-08-01 02:12:37,TR-103,LT-002,238.64,9.668,2.102,0.911,50.058,1.06,NORMAL
3212,2026-08-01 00:53:31,TR-101,LT-001,225.29,7.837,1.675,0.949,50.226,1.1,NORMAL
3631,2026-08-01 01:00:30,TR-104,LT-003,232.39,10.988,2.396,0.939,49.95,2.97,NORMAL
1709,2026-08-01 00:28:28,TR-102,LT-001,229.47,5.31,1.15,0.944,50.006,2.29,NORMAL
1846,2026-08-01 00:30:45,TR-103,LT-002,225.89,7.523,1.635,0.962,50.025,0.88,NORMAL
267,2026-08-01 00:04:26,TR-103,LT-002,236.53,9.673,2.169,0.948,49.845,0.45,NORMAL
5986,2026-08-01 01:39:45,TR-102,LT-003,227.72,6.691,1.477,0.969,50.119,1.66,NORMAL
1141,2026-08-01 00:19:00,TR-103,LT-003,228.81,7.997,1.766,0.965,50.028,1.12,NORMAL
3163,2026-08-01 00:52:42,TR-101,LT-004,228.16,4.115,0.889,0.947,50.121,0.93,NORMAL
6208,2026-08-01 01:43:27,TR-104,LT-006,230.52,7.746,1.627,0.911,50.059,3.04,NORMAL
2047,2026-08-01 00:34:06,TR-102,LT-005,230.0,8.902,1.889,0.923,50.004,1.65,NORMAL
3731,2026-08-01 01:02:10,TR-101,LT-005,233.43,5.94,1.291,0.931,50.008,2.34,NORMAL
1910,2026-08-01 00:31:49,TR-103,LT-004,230.57,10.828,2.402,0.962,50.001,0.94,NORMAL
7308,2026-08-01 02:01:47,TR-104,LT-003,235.75,9.59,2.232,0.987,50.106,0.16,NORMAL
2661,2026-08-01 00:44:20,TR-102,LT-005,225.3,10.809,2.333,0.958,50.058,3.72,NORMAL
657,2026-08-01 00:10:56,TR-102,LT-005,230.06,7.288,1.551,0.925,49.986,1.89,NORMAL
6661,2026-08-01 01:51:00,TR-102,LT-002,233.33,9.242,2.032,0.943,49.92,1.0,NORMAL
1308,2026-08-01 00:21:47,TR-101,LT-005,229.96,8.746,1.955,0.972,50.069,1.51,NORMAL
9430,2026-08-01 00:03:49,TR-102,LT-005,61.0,0.595,0.013,0.358,50.109,28.68,POSSIBLE_BROKEN_LT
999,2026-08-01 00:16:38,TR-104,LT-004,227.72,6.63,1.448,0.959,50.097,2.62,NORMAL
7433,2026-08-01 02:03:52,TR-103,LT-003,231.85,6.462,1.428,0.953,49.926,2.51,NORMAL
2835,2026-08-01 00:47:14,TR-104,LT-004,229.03,11.291,2.429,0.939,50.116,1.02,NORMAL
9179,2026-08-01 00:19:38,TR-103,LT-001,183.11,10.953,1.996,0.995,49.823,12.06,WARNING
5881,2026-08-01 01:38:00,TR-102,LT-005,220.39,5.691,1.178,0.939,50.039,3.43,NORMAL
1238,2026-08-01 00:20:37,TR-103,LT-004,227.79,4.658,1.011,0.953,50.048,3.62,NORMAL
2152,2026-08-01 00:35:51,TR-101,LT-006,236.65,6.291,1.418,0.953,50.029,1.12,NORMAL
7920,2026-08-01 02:11:59,TR-104,LT-001,231.87,6.703,1.436,0.924,49.992,1.82,NORMAL
9696,2026-08-01 00:08:15,TR-104,LT-003,99.3,0.534,0.022,0.421,49.932,33.63,POSSIBLE_BROKEN_LT
7190,2026-08-01 01:59:49,TR-103,LT-001,221.9,7.994,1.774,1.0,49.932,3.18,NORMAL
8304,2026-08-01 00:05:03,TR-102,LT-004,192.94,13.949,2.19,0.814,49.927,14.73,WARNING
6579,2026-08-01 01:49:38,TR-102,LT-004,231.01,9.361,2.038,0.942,50.021,2.42,NORMAL
5092,2026-08-01 01:24:51,TR-104,LT-005,227.18,8.307,1.74,0.922,50.106,0.65,NORMAL
2187,2026-08-01 00:36:26,TR-104,LT-004,224.3,5.446,1.173,0.961,50.109,1.49,NORMAL
1135,2026-08-01 00:18:54,TR-104,LT-005,229.02,4.954,1.067,0.94,49.874,3.3,NORMAL
5005,2026-08-01 01:23:24,TR-104,LT-001,232.93,7.704,1.704,0.949,50.017,1.37,NORMAL
7975,2026-08-01 02:12:54,TR-104,LT-006,230.32,8.133,1.748,0.933,50.1,2.18,NORMAL
1304,2026-08-01 00:21:43,TR-102,LT-005,226.98,4.463,0.913,0.901,49.938,2.78,NORMAL
8469,2026-08-01 00:07:48,TR-102,LT-004,178.09,9.364,1.51,0.905,49.994,18.23,WARNING
1628,2026-08-01 00:27:07,TR-103,LT-002,235.12,12.803,3.01,1.0,50.105,2.42,NORMAL
9282,2026-08-01 00:01:21,TR-104,LT-005,104.61,0.239,0.01,0.406,49.954,41.64,POSSIBLE_BROKEN_LT
1523,2026-08-01 00:25:22,TR-103,LT-006,229.09,9.908,2.085,0.919,49.982,1.04,NORMAL
9811,2026-08-01 00:10:10,TR-103,LT-006,116.12,0.31,0.018,0.506,49.941,1.71,POSSIBLE_BROKEN_LT
359,2026-08-01 00:05:58,TR-104,LT-003,231.29,6.871,1.505,0.947,49.897,0.83,NORMAL
139,2026-08-01 00:02:18,TR-102,LT-004,233.25,4.766,1.059,0.952,49.914,2.64,NORMAL
300,2026-08-01 00:04:59,TR-104,LT-006,232.52,10.065,2.241,0.958,50.037,1.55,NORMAL
1557,2026-08-01 00:25:56,TR-104,LT-002,233.65,5.055,1.122,0.95,50.097,1.93,NORMAL
5100,2026-08-01 01:24:59,TR-101,LT-001,230.27,8.079,1.848,0.994,50.02,1.76,NORMAL
383,2026-08-01 00:06:22,TR-101,LT-004,221.5,8.185,1.664,0.918,49.992,1.32,NORMAL
8313,2026-08-01 00:05:12,TR-102,LT-003,195.94,6.81,1.195,0.896,50.123,7.31,WARNING
6949,2026-08-01 01:55:48,TR-104,LT-002,228.53,9.508,1.957,0.901,50.071,2.4,NORMAL
4858,2026-08-01 01:20:57,TR-102,LT-003,233.8,8.446,1.803,0.913,50.062,1.42,NORMAL
3181,2026-08-01 00:53:00,TR-102,LT-005,233.91,1.249,0.272,0.932,49.967,1.79,NORMAL
1440,2026-08-01 00:23:59,TR-102,LT-003,232.94,7.792,1.642,0.905,50.02,2.68,NORMAL
7270,2026-08-01 02:01:09,TR-101,LT-006,226.66,6.18,1.344,0.959,49.935,1.7,NORMAL
5674,2026-08-01 01:34:33,TR-104,LT-002,241.3,7.937,1.76,0.919,50.073,2.75,NORMAL
947,2026-08-01 00:15:46,TR-102,LT-003,223.9,7.602,1.553,0.912,50.12,1.84,NORMAL
2391,2026-08-01 00:39:50,TR-103,LT-006,222.62,3.018,0.634,0.944,49.936,2.23,NORMAL
5499,2026-08-01 01:31:38,TR-103,LT-004,221.22,8.242,1.758,0.964,49.858,3.11,NORMAL
7074,2026-08-01 01:57:53,TR-101,LT-001,234.72,11.232,2.495,0.946,50.085,0.59,NORMAL
9231,2026-08-01 00:00:30,TR-103,LT-005,117.42,0.336,0.02,0.517,49.947,29.3,POSSIBLE_BROKEN_LT
2722,2026-08-01 00:45:21,TR-102,LT-004,227.98,4.043,0.856,0.928,49.937,2.01,NORMAL
1933,2026-08-01 00:32:12,TR-104,LT-005,228.14,9.314,2.046,0.963,49.923,3.32,NORMAL
7424,2026-08-01 02:03:43,TR-103,LT-005,234.12,6.363,1.405,0.943,49.891,2.2,NORMAL
3237,2026-08-01 00:53:56,TR-102,LT-004,234.03,5.373,1.161,0.923,50.091,2.31,NORMAL
3141,2026-08-01 00:52:20,TR-103,LT-005,233.39,5.669,1.28,0.967,49.94,0.91,NORMAL
4164,2026-08-01 01:09:23,TR-102,LT-006,222.65,8.113,1.71,0.947,49.921,0.51,NORMAL
8889,2026-08-01 00:14:48,TR-104,LT-005,171.19,9.198,1.334,0.848,50.005,10.62,WARNING
3808,2026-08-01 01:03:27,TR-104,LT-006,222.13,8.43,1.717,0.917,50.045,2.84,NORMAL
9480,2026-08-01 00:04:39,TR-103,LT-001,73.25,0.626,0.03,0.644,49.971,48.96,POSSIBLE_BROKEN_LT
6984,2026-08-01 01:56:23,TR-103,LT-006,227.31,13.648,2.984,0.962,50.125,3.31,NORMAL
8905,2026-08-01 00:15:04,TR-102,LT-005,194.55,8.207,1.501,0.94,49.954,7.68,WARNING
9723,2026-08-01 00:08:42,TR-102,LT-002,103.75,0.045,0.002,0.524,49.971,45.86,POSSIBLE_BROKEN_LT
4155,2026-08-01 01:09:14,TR-103,LT-003,233.96,9.4,2.158,0.981,50.017,1.88,NORMAL
4173,2026-08-01 01:09:32,TR-101,LT-003,228.06,3.928,0.839,0.937,49.969,2.49,NORMAL
797,2026-08-01 00:13:16,TR-101,LT-002,229.84,6.972,1.45,0.905,49.99,2.0,NORMAL
2417,2026-08-01 00:40:16,TR-104,LT-006,232.21,10.545,2.407,0.983,49.979,2.13,NORMAL
7171,2026-08-01 01:59:30,TR-104,LT-001,228.07,7.717,1.71,0.972,50.014,3.18,NORMAL
6140,2026-08-01 01:42:19,TR-104,LT-003,233.82,8.694,1.85,0.91,49.934,2.91,NORMAL
786,2026-08-01 00:13:05,TR-103,LT-001,234.32,8.451,1.837,0.928,50.05,2.06,NORMAL
7068,2026-08-01 01:57:47,TR-104,LT-006,229.18,9.55,2.042,0.933,49.955,2.13,NORMAL
3159,2026-08-01 00:52:38,TR-101,LT-004,235.31,9.311,1.975,0.901,50.195,2.06,NORMAL
124,2026-08-01 00:02:03,TR-104,LT-002,224.39,7.972,1.633,0.913,49.998,1.82,NORMAL
9458,2026-08-01 00:04:17,TR-103,LT-001,85.67,0.558,0.025,0.515,50.053,22.03,POSSIBLE_BROKEN_LT
9247,2026-08-01 00:00:46,TR-104,LT-001,72.36,0.452,0.016,0.501,49.889,36.08,POSSIBLE_BROKEN_LT
2173,2026-08-01 00:36:12,TR-103,LT-004,228.72,9.28,1.95,0.918,50.022,2.26,NORMAL
2170,2026-08-01 00:36:09,TR-101,LT-003,231.87,6.974,1.475,0.912,49.885,1.12,NORMAL
6881,2026-08-01 01:54:40,TR-102,LT-006,230.75,8.332,1.901,0.989,49.944,1.29,NORMAL
4010,2026-08-01 01:06:49,TR-104,LT-006,232.53,7.185,1.661,0.994,50.133,3.8,NORMAL
9297,2026-08-01 00:01:36,TR-101,LT-006,76.58,0.257,0.014,0.717,50.078,38.11,POSSIBLE_BROKEN_LT
4341,2026-08-01 01:12:20,TR-102,LT-005,233.76,7.233,1.477,0.874,49.959,1.08,NORMAL
911,2026-08-01 00:15:10,TR-101,LT-005,228.77,6.241,1.302,0.912,50.016,2.79,NORMAL
6269,2026-08-01 01:44:28,TR-101,LT-005,233.87,8.759,1.818,0.887,49.985,1.8,NORMAL
7772,2026-08-01 02:09:31,TR-103,LT-002,229.18,7.565,1.635,0.943,50.045,2.63,NORMAL
2310,2026-08-01 00:38:29,TR-101,LT-001,233.55,9.428,2.078,0.944,49.902,3.25,NORMAL
9659,2026-08-01 00:07:38,TR-104,LT-004,77.34,0.012,0.001,0.589,50.073,37.2,POSSIBLE_BROKEN_LT
3635,2026-08-01 01:00:34,TR-102,LT-005,231.69,9.955,2.153,0.933,50.045,1.93,NORMAL
1258,2026-08-01 00:20:57,TR-101,LT-005,231.68,5.808,1.264,0.939,50.028,2.33,NORMAL
6592,2026-08-01 01:49:51,TR-103,LT-006,225.29,6.679,1.417,0.942,49.866,1.38,NORMAL
4459,2026-08-01 01:14:18,TR-102,LT-001,223.79,4.414,0.9,0.912,49.945,2.03,NORMAL
6134,2026-08-01 01:42:13,TR-104,LT-004,230.14,5.96,1.245,0.907,50.052,3.52,NORMAL
1179,2026-08-01 00:19:38,TR-101,LT-005,226.05,5.947,1.304,0.97,49.958,2.63,NORMAL
4653,2026-08-01 01:17:32,TR-103,LT-005,230.18,11.018,2.375,0.936,50.143,0.38,NORMAL
6219,2026-08-01 01:43:38,TR-101,LT-006,228.94,9.533,2.049,0.939,49.78,1.91,NORMAL
3651,2026-08-01 01:00:50,TR-101,LT-003,231.63,10.982,2.432,0.956,49.861,1.34,NORMAL
443,2026-08-01 00:07:22,TR-101,LT-006,221.73,7.527,1.584,0.949,49.953,1.66,NORMAL
3416,2026-08-01 00:56:55,TR-103,LT-004,229.41,6.716,1.459,0.947,50.021,2.54,NORMAL
1400,2026-08-01 00:23:19,TR-101,LT-006,227.37,9.28,2.009,0.952,50.001,1.2,NORMAL
1458,2026-08-01 00:24:17,TR-102,LT-006,231.52,8.105,1.671,0.891,49.993,1.41,NORMAL
7525,2026-08-01 02:05:24,TR-104,LT-001,229.71,7.219,1.576,0.95,49.951,1.85,NORMAL
5745,2026-08-01 01:35:44,TR-101,LT-002,222.92,7.045,1.438,0.915,49.873,2.07,NORMAL
1055,2026-08-01 00:17:34,TR-104,LT-002,227.8,4.511,0.982,0.956,50.049,2.21,NORMAL
8999,2026-08-01 00:16:38,TR-102,LT-003,172.0,9.131,1.374,0.875,50.076,12.86,WARNING
3276,2026-08-01 00:54:35,TR-102,LT-002,235.42,9.551,1.996,0.888,50.088,3.58,NORMAL
1464,2026-08-01 00:24:23,TR-102,LT-006,226.6,8.518,1.772,0.918,49.917,4.1,NORMAL
3700,2026-08-01 01:01:39,TR-102,LT-005,229.11,5.088,1.092,0.937,49.955,1.98,NORMAL
3760,2026-08-01 01:02:39,TR-102,LT-003,229.91,8.485,1.766,0.905,50.095,3.94,NORMAL
930,2026-08-01 00:15:29,TR-103,LT-002,229.74,8.254,1.817,0.958,50.052,2.43,NORMAL
5512,2026-08-01 01:31:51,TR-103,LT-003,232.91,7.054,1.543,0.939,49.865,1.23,NORMAL
6469,2026-08-01 01:47:48,TR-104,LT-004,232.12,4.329,0.932,0.927,50.109,0.09,NORMAL
8413,2026-08-01 00:06:52,TR-103,LT-005,180.74,8.761,1.457,0.92,50.002,9.55,WARNING
1830,2026-08-01 00:30:29,TR-101,LT-002,230.08,6.694,1.441,0.936,49.935,1.11,NORMAL
2929,2026-08-01 00:48:48,TR-103,LT-001,236.31,5.909,1.295,0.928,50.104,2.0,NORMAL
8296,2026-08-01 00:04:55,TR-102,LT-002,171.67,12.269,1.629,0.774,50.17,16.59,WARNING
6539,2026-08-01 01:48:58,TR-104,LT-006,227.93,5.02,1.09,0.952,49.956,2.78,NORMAL
4222,2026-08-01 01:10:21,TR-102,LT-001,233.38,7.655,1.669,0.934,50.197,1.57,NORMAL
3547,2026-08-01 00:59:06,TR-104,LT-003,232.75,8.447,1.911,0.972,50.028,0.97,NORMAL
5599,2026-08-01 01:33:18,TR-102,LT-004,230.45,10.733,2.386,0.965,50.079,1.17,NORMAL
8938,2026-08-01 00:15:37,TR-102,LT-002,225.0,9.551,1.674,0.779,50.011,9.39,WARNING
7319,2026-08-01 02:01:58,TR-104,LT-006,231.42,7.123,1.57,0.952,50.157,1.69,NORMAL
8351,2026-08-01 00:05:50,TR-103,LT-003,174.66,13.147,2.003,0.872,49.948,12.72,WARNING
2012,2026-08-01 00:33:31,TR-103,LT-001,226.95,9.703,2.159,0.981,50.098,2.24,NORMAL
914,2026-08-01 00:15:13,TR-104,LT-003,236.31,8.564,1.891,0.934,50.192,2.25,NORMAL
8249,2026-08-01 00:04:08,TR-103,LT-005,172.24,10.148,1.653,0.945,50.05,8.46,WARNING
7266,2026-08-01 02:01:05,TR-103,LT-003,227.37,11.669,2.623,0.988,49.916,1.22,NORMAL
3220,2026-08-01 00:53:39,TR-104,LT-001,232.89,7.234,1.614,0.958,50.045,2.35,NORMAL
2607,2026-08-01 00:43:26,TR-103,LT-005,227.58,8.924,2.027,0.998,49.936,2.65,NORMAL
3265,2026-08-01 00:54:24,TR-102,LT-006,232.66,8.633,1.861,0.927,49.945,3.51,NORMAL
4929,2026-08-01 01:22:08,TR-101,LT-004,224.84,5.043,1.09,0.961,49.84,2.38,NORMAL
8662,2026-08-01 00:11:01,TR-102,LT-002,183.62,6.322,1.161,1.0,49.909,17.87,WARNING
6565,2026-08-01 01:49:24,TR-104,LT-002,229.91,5.703,1.276,0.973,49.941,3.27,NORMAL
8130,2026-08-01 00:02:09,TR-102,LT-004,162.32,12.018,1.544,0.792,50.03,14.17,WARNING
7,2026-08-01 00:00:06,TR-102,LT-002,236.32,8.203,1.799,0.928,49.803,3.14,NORMAL
2981,2026-08-01 00:49:40,TR-101,LT-001,231.06,3.315,0.73,0.953,49.971,3.51,NORMAL
6584,2026-08-01 01:49:43,TR-101,LT-003,223.83,7.398,1.57,0.948,49.978,2.4,NORMAL
3362,2026-08-01 00:56:01,TR-102,LT-004,223.25,6.821,1.423,0.934,50.094,1.94,NORMAL
4775,2026-08-01 01:19:34,TR-104,LT-005,220.72,7.692,1.536,0.905,49.988,0.75,NORMAL
1944,2026-08-01 00:32:23,TR-104,LT-002,228.63,11.662,2.596,0.974,50.007,1.23,NORMAL
7453,2026-08-01 02:04:12,TR-104,LT-002,225.75,7.503,1.587,0.937,49.991,1.71,NORMAL
5500,2026-08-01 01:31:39,TR-102,LT-005,236.4,7.595,1.64,0.913,49.949,3.82,NORMAL
1636,2026-08-01 00:27:15,TR-103,LT-004,228.39,5.187,1.123,0.948,49.835,1.05,NORMAL
1142,2026-08-01 00:19:01,TR-101,LT-002,235.5,7.646,1.798,0.999,50.02,3.12,NORMAL
2042,2026-08-01 00:34:01,TR-101,LT-001,228.36,7.567,1.526,0.883,50.053,1.88,NORMAL
6704,2026-08-01 01:51:43,TR-101,LT-002,224.4,9.526,1.956,0.915,50.054,3.12,NORMAL
7819,2026-08-01 02:10:18,TR-102,LT-004,228.21,9.652,2.061,0.936,50.155,1.96,NORMAL
2071,2026-08-01 00:34:30,TR-104,LT-006,233.86,7.118,1.615,0.97,49.881,1.3,NORMAL
3135,2026-08-01 00:52:14,TR-101,LT-006,230.17,8.361,1.762,0.916,49.761,1.17,NORMAL
5161,2026-08-01 01:26:00,TR-103,LT-006,231.09,7.837,1.617,0.893,49.938,1.9,NORMAL
8332,2026-08-01 00:05:31,TR-101,LT-002,210.06,8.951,1.567,0.833,50.018,14.07,WARNING
5276,2026-08-01 01:27:55,TR-101,LT-005,233.13,5.106,1.121,0.942,50.028,2.74,NORMAL
2243,2026-08-01 00:37:22,TR-104,LT-006,237.91,7.043,1.572,0.938,50.053,0.75,NORMAL
1475,2026-08-01 00:24:34,TR-103,LT-006,226.86,3.746,0.815,0.959,49.899,1.36,NORMAL
8591,2026-08-01 00:09:50,TR-102,LT-001,222.52,10.671,2.169,0.913,50.125,15.29,WARNING
1890,2026-08-01 00:31:29,TR-101,LT-003,229.94,5.761,1.296,0.979,49.926,0.65,NORMAL
3436,2026-08-01 00:57:15,TR-103,LT-001,233.56,5.583,1.211,0.929,50.132,2.97,NORMAL
7594,2026-08-01 02:06:33,TR-101,LT-001,229.59,10.588,2.352,0.968,50.087,1.47,NORMAL
7746,2026-08-01 02:09:05,TR-102,LT-002,226.76,9.875,2.106,0.94,50.056,1.01,NORMAL
3706,2026-08-01 01:01:45,TR-101,LT-006,231.23,9.499,2.031,0.925,50.193,0.86,NORMAL
2022,2026-08-01 00:33:41,TR-103,LT-003,231.11,9.208,2.113,0.993,50.014,2.99,NORMAL
4021,2026-08-01 01:07:00,TR-103,LT-004,238.68,6.807,1.617,0.995,50.093,1.43,NORMAL
8831,2026-08-01 00:13:50,TR-104,LT-006,171.88,8.412,1.119,0.774,50.082,5.71,WARNING
8444,2026-08-01 00:07:23,TR-104,LT-001,209.31,12.563,2.245,0.854,50.039,10.9,WARNING
3501,2026-08-01 00:58:20,TR-101,LT-006,234.72,9.107,2.027,0.948,49.892,1.3,NORMAL
2659,2026-08-01 00:44:18,TR-103,LT-002,230.69,9.346,2.054,0.953,49.912,0.93,NORMAL
8457,2026-08-01 00:07:36,TR-103,LT-003,186.2,11.752,1.806,0.825,50.044,11.5,WARNING
6889,2026-08-01 01:54:48,TR-102,LT-003,227.47,10.602,2.198,0.911,49.871,2.81,NORMAL
1131,2026-08-01 00:18:50,TR-101,LT-001,231.29,10.441,2.243,0.929,49.991,3.97,NORMAL
5558,2026-08-01 01:32:37,TR-102,LT-005,234.2,6.593,1.49,0.965,50.032,2.46,NORMAL
7359,2026-08-01 02:02:38,TR-101,LT-006,225.23,6.462,1.32,0.907,50.126,2.46,NORMAL
1820,2026-08-01 00:30:19,TR-103,LT-005,226.05,10.217,2.072,0.897,50.073,0.71,NORMAL
7539,2026-08-01 02:05:38,TR-104,LT-001,227.06,7.889,1.651,0.922,49.98,0.28,NORMAL
9387,2026-08-01 00:03:06,TR-103,LT-003,49.8,0.499,0.006,0.257,49.996,36.33,POSSIBLE_BROKEN_LT
4319,2026-08-01 01:11:58,TR-101,LT-001,230.62,10.337,2.17,0.91,50.079,2.51,NORMAL
9605,2026-08-01 00:06:44,TR-102,LT-003,84.77,0.094,0.006,0.759,49.763,37.75,POSSIBLE_BROKEN_LT
4145,2026-08-01 01:09:04,TR-101,LT-003,223.92,7.295,1.564,0.957,49.999,1.95,NORMAL
4670,2026-08-01 01:17:49,TR-103,LT-005,230.14,4.755,0.996,0.91,49.844,1.07,NORMAL
1237,2026-08-01 00:20:36,TR-102,LT-004,236.71,9.073,1.937,0.902,50.068,1.78,NORMAL
5477,2026-08-01 01:31:16,TR-104,LT-001,229.27,7.296,1.532,0.916,49.863,2.19,NORMAL
9837,2026-08-01 00:10:36,TR-104,LT-003,102.15,0.392,0.014,0.341,49.998,49.17,POSSIBLE_BROKEN_LT
1857,2026-08-01 00:30:56,TR-102,LT-002,235.57,6.285,1.317,0.889,49.934,1.82,NORMAL
2283,2026-08-01 00:38:02,TR-104,LT-005,234.78,10.084,2.19,0.925,49.948,2.44,NORMAL
8694,2026-08-01 00:11:33,TR-104,LT-001,166.89,10.96,1.516,0.829,50.002,7.52,WARNING
9321,2026-08-01 00:02:00,TR-101,LT-006,60.93,0.303,0.012,0.637,50.01,37.62,POSSIBLE_BROKEN_LT
4094,2026-08-01 01:08:13,TR-104,LT-006,230.89,7.377,1.638,0.962,50.117,1.83,NORMAL
7062,2026-08-01 01:57:41,TR-104,LT-001,232.39,8.076,1.732,0.923,50.058,1.19,NORMAL
5201,2026-08-01 01:26:40,TR-101,LT-005,228.68,8.334,1.883,0.988,50.019,1.03,NORMAL
6402,2026-08-01 01:46:41,TR-101,LT-004,226.74,5.406,1.175,0.958,49.965,2.03,NORMAL
9930,2026-08-01 00:12:09,TR-103,LT-001,84.37,0.01,0.0,0.462,49.883,25.38,POSSIBLE_BROKEN_LT
3422,2026-08-01 00:57:01,TR-104,LT-002,229.69,9.22,2.004,0.946,50.077,1.96,NORMAL
9270,2026-08-01 00:01:09,TR-104,LT-002,92.34,0.207,0.005,0.255,49.996,1.08,POSSIBLE_BROKEN_LT
387,2026-08-01 00:06:26,TR-102,LT-001,231.37,11.26,2.469,0.948,49.883,1.63,NORMAL
8549,2026-08-01 00:09:08,TR-101,LT-001,165.52,9.529,1.319,0.836,49.971,13.06,WARNING
1629,2026-08-01 00:27:08,TR-104,LT-002,230.27,6.274,1.383,0.958,50.07,1.86,NORMAL
3586,2026-08-01 00:59:45,TR-103,LT-005,224.83,10.167,2.205,0.965,50.037,3.22,NORMAL
7413,2026-08-01 02:03:32,TR-102,LT-006,229.09,7.132,1.501,0.919,50.012,1.87,NORMAL
2715,2026-08-01 00:45:14,TR-102,LT-004,231.47,7.51,1.639,0.943,49.957,0.77,NORMAL
7172,2026-08-01 01:59:31,TR-104,LT-003,229.01,11.541,2.538,0.96,49.945,1.91,NORMAL
8436,2026-08-01 00:07:15,TR-102,LT-002,194.4,7.834,1.421,0.933,50.002,20.28,WARNING
9322,2026-08-01 00:02:01,TR-101,LT-001,81.0,0.345,0.021,0.759,50.06,50.17,POSSIBLE_BROKEN_LT
5660,2026-08-01 01:34:19,TR-103,LT-006,227.31,8.401,1.792,0.938,49.957,2.0,NORMAL
3190,2026-08-01 00:53:09,TR-102,LT-001,237.32,4.548,1.068,0.989,50.041,3.93,NORMAL
9969,2026-08-01 00:12:48,TR-101,LT-005,56.95,0.01,0.0,0.4,50.153,39.32,POSSIBLE_BROKEN_LT
4306,2026-08-01 01:11:45,TR-104,LT-005,223.61,6.638,1.44,0.97,49.93,1.67,NORMAL
910,2026-08-01 00:15:09,TR-103,LT-006,238.65,9.369,2.236,1.0,50.0,0.08,NORMAL
5386,2026-08-01 01:29:45,TR-102,LT-006,230.09,8.408,1.843,0.953,49.923,1.43,NORMAL
1997,2026-08-01 00:33:16,TR-101,LT-004,229.89,4.003,0.847,0.92,49.891,2.55,NORMAL
1867,2026-08-01 00:31:06,TR-101,LT-005,234.13,8.643,1.826,0.902,50.098,2.2,NORMAL
1843,2026-08-01 00:30:42,TR-102,LT-004,227.81,6.906,1.456,0.925,50.087,3.65,NORMAL
2498,2026-08-01 00:41:37,TR-103,LT-006,228.88,8.174,1.768,0.945,49.872,1.23,NORMAL
202,2026-08-01 00:03:21,TR-101,LT-004,232.24,10.474,2.314,0.951,50.086,1.35,NORMAL
7906,2026-08-01 02:11:45,TR-103,LT-003,229.72,6.385,1.378,0.939,49.989,1.83,NORMAL
7725,2026-08-01 02:08:44,TR-101,LT-005,236.55,8.314,1.914,0.973,50.086,1.29,NORMAL
5055,2026-08-01 01:24:14,TR-102,LT-004,225.13,6.204,1.216,0.871,50.009,3.09,NORMAL
5890,2026-08-01 01:38:09,TR-101,LT-005,228.6,7.076,1.555,0.961,50.07,1.78,NORMAL
4007,2026-08-01 01:06:46,TR-103,LT-001,219.18,9.221,1.799,0.89,49.974,1.16,NORMAL
9902,2026-08-01 00:11:41,TR-104,LT-005,79.9,0.454,0.015,0.411,50.09,33.24,POSSIBLE_BROKEN_LT
2703,2026-08-01 00:45:02,TR-101,LT-001,238.05,7.157,1.553,0.912,49.97,2.12,NORMAL
3450,2026-08-01 00:57:29,TR-104,LT-001,228.35,4.654,0.995,0.936,50.14,1.79,NORMAL
332,2026-08-01 00:05:31,TR-101,LT-005,226.41,10.287,2.194,0.942,49.985,2.38,NORMAL
7140,2026-08-01 01:58:59,TR-104,LT-006,235.41,10.592,2.318,0.93,50.073,2.21,NORMAL
8961,2026-08-01 00:16:00,TR-104,LT-001,188.67,7.901,1.408,0.944,50.077,17.5,WARNING
9820,2026-08-01 00:10:19,TR-102,LT-004,58.59,0.01,0.0,0.544,49.899,26.07,POSSIBLE_BROKEN_LT
7177,2026-08-01 01:59:36,TR-103,LT-001,234.75,8.252,1.833,0.946,50.105,1.26,NORMAL
2460,2026-08-01 00:40:59,TR-104,LT-006,231.89,11.355,2.545,0.966,49.893,2.14,NORMAL
1775,2026-08-01 00:29:34,TR-103,LT-004,227.03,7.396,1.527,0.91,49.942,0.81,NORMAL
6629,2026-08-01 01:50:28,TR-101,LT-002,227.64,6.517,1.366,0.921,50.0,2.84,NORMAL
7597,2026-08-01 02:06:36,TR-103,LT-004,223.71,8.809,1.925,0.977,50.053,0.52,NORMAL
7987,2026-08-01 02:13:06,TR-101,LT-005,230.88,6.298,1.388,0.955,50.021,2.18,NORMAL
2687,2026-08-01 00:44:46,TR-104,LT-002,231.88,4.724,1.024,0.935,49.76,1.47,NORMAL
9148,2026-08-01 00:19:07,TR-101,LT-002,196.82,10.768,1.621,0.765,50.211,13.31,WARNING
990,2026-08-01 00:16:29,TR-102,LT-006,230.11,7.11,1.485,0.907,49.733,4.08,NORMAL
9047,2026-08-01 00:17:26,TR-104,LT-001,201.8,5.016,0.817,0.807,50.021,14.08,WARNING
8349,2026-08-01 00:05:48,TR-101,LT-003,169.57,6.871,0.987,0.847,49.904,12.11,WARNING
8876,2026-08-01 00:14:35,TR-104,LT-006,187.83,10.888,1.79,0.875,49.878,9.39,WARNING
8551,2026-08-01 00:09:10,TR-103,LT-003,203.93,9.064,1.566,0.847,49.898,6.01,WARNING
5807,2026-08-01 01:36:46,TR-103,LT-006,220.78,6.394,1.356,0.96,50.013,1.67,NORMAL
8734,2026-08-01 00:12:13,TR-103,LT-002,163.41,9.832,1.304,0.812,50.111,11.41,WARNING
8698,2026-08-01 00:11:37,TR-104,LT-001,203.08,8.206,1.29,0.774,49.886,14.91,WARNING
6575,2026-08-01 01:49:34,TR-104,LT-005,230.64,7.024,1.471,0.908,49.981,2.43,NORMAL
3053,2026-08-01 00:50:52,TR-101,LT-005,228.85,8.774,1.884,0.938,49.888,1.62,NORMAL
8638,2026-08-01 00:10:37,TR-103,LT-006,188.62,11.933,2.136,0.949,50.049,8.56,WARNING
5463,2026-08-01 01:31:02,TR-102,LT-002,234.36,9.394,2.016,0.916,49.919,0.03,NORMAL
174,2026-08-01 00:02:53,TR-101,LT-003,231.36,6.432,1.37,0.921,50.123,2.27,NORMAL
4955,2026-08-01 01:22:34,TR-102,LT-006,231.31,10.05,2.17,0.934,49.957,1.18,NORMAL
4616,2026-08-01 01:16:55,TR-104,LT-005,228.76,8.978,1.906,0.928,50.003,1.68,NORMAL
3322,2026-08-01 00:55:21,TR-103,LT-001,226.38,9.381,1.99,0.937,49.963,1.18,NORMAL
7066,2026-08-01 01:57:45,TR-104,LT-003,226.24,9.301,1.991,0.946,49.961,2.12,NORMAL
6247,2026-08-01 01:44:06,TR-103,LT-001,232.15,11.041,2.523,0.984,49.974,0.95,NORMAL
6746,2026-08-01 01:52:25,TR-104,LT-003,226.31,8.203,1.746,0.941,49.945,2.31,NORMAL
3373,2026-08-01 00:56:12,TR-104,LT-004,235.8,8.476,1.91,0.956,49.863,2.56,NORMAL
6049,2026-08-01 01:40:48,TR-102,LT-004,224.62,6.434,1.365,0.944,50.13,0.47,NORMAL
3312,2026-08-01 00:55:11,TR-104,LT-004,231.8,5.854,1.249,0.92,49.94,2.37,NORMAL
7417,2026-08-01 02:03:36,TR-103,LT-002,233.13,6.333,1.391,0.942,49.86,0.3,NORMAL
7294,2026-08-01 02:01:33,TR-101,LT-004,226.09,6.465,1.399,0.957,50.011,1.93,NORMAL
7585,2026-08-01 02:06:24,TR-103,LT-002,232.65,5.31,1.182,0.957,50.003,1.47,NORMAL
9378,2026-08-01 00:02:57,TR-102,LT-001,71.29,0.32,0.007,0.311,50.05,27.62,POSSIBLE_BROKEN_LT
8812,2026-08-01 00:13:31,TR-101,LT-006,180.4,11.687,1.685,0.799,50.008,14.09,WARNING
8161,2026-08-01 00:02:40,TR-102,LT-001,185.59,13.188,1.846,0.754,50.067,14.76,WARNING
4680,2026-08-01 01:17:59,TR-101,LT-003,231.01,8.403,1.858,0.957,49.86,1.15,NORMAL
3404,2026-08-01 00:56:43,TR-102,LT-004,229.6,5.839,1.253,0.934,50.041,1.68,NORMAL
19,2026-08-01 00:00:18,TR-104,LT-006,226.37,12.242,2.654,0.958,49.874,2.21,NORMAL
3692,2026-08-01 01:01:31,TR-104,LT-005,233.36,11.525,2.537,0.943,49.993,1.14,NORMAL
8655,2026-08-01 00:10:54,TR-101,LT-004,188.03,7.012,1.228,0.931,50.036,6.89,WARNING
4097,2026-08-01 01:08:16,TR-102,LT-001,232.38,10.69,2.275,0.916,49.988,2.04,NORMAL
3629,2026-08-01 01:00:28,TR-102,LT-001,223.83,13.017,2.675,0.918,50.115,2.19,NORMAL
8863,2026-08-01 00:14:22,TR-101,LT-005,174.09,13.931,2.109,0.869,49.831,10.14,WARNING
2175,2026-08-01 00:36:14,TR-101,LT-001,226.66,6.678,1.412,0.933,50.058,2.82,NORMAL
1357,2026-08-01 00:22:36,TR-102,LT-001,227.82,9.321,1.878,0.885,49.983,0.08,NORMAL
5003,2026-08-01 01:23:22,TR-101,LT-005,222.82,4.778,0.992,0.932,49.911,5.35,NORMAL
7392,2026-08-01 02:03:11,TR-103,LT-002,230.31,9.29,1.944,0.908,50.068,2.81,NORMAL
6923,2026-08-01 01:55:22,TR-101,LT-003,231.73,7.924,1.707,0.93,49.999,1.81,NORMAL
5824,2026-08-01 01:37:03,TR-101,LT-002,234.79,9.513,2.102,0.941,49.983,1.77,NORMAL
9503,2026-08-01 00:05:02,TR-103,LT-005,72.22,0.299,0.014,0.644,50.032,33.06,POSSIBLE_BROKEN_LT
5671,2026-08-01 01:34:30,TR-104,LT-001,239.99,11.566,2.644,0.953,50.037,3.59,NORMAL
3113,2026-08-01 00:51:52,TR-104,LT-006,228.8,8.066,1.736,0.941,50.107,1.85,NORMAL
183,2026-08-01 00:03:02,TR-102,LT-005,225.72,7.996,1.741,0.964,49.938,2.96,NORMAL
3643,2026-08-01 01:00:42,TR-101,LT-005,226.04,11.019,2.245,0.901,49.966,1.27,NORMAL
8858,2026-08-01 00:14:17,TR-101,LT-003,190.25,11.493,1.824,0.834,50.156,18.97,WARNING
1813,2026-08-01 00:30:12,TR-101,LT-004,236.45,8.77,1.928,0.93,49.912,2.75,NORMAL
7876,2026-08-01 02:11:15,TR-101,LT-003,228.58,5.551,1.257,0.99,50.127,3.32,NORMAL
8498,2026-08-01 00:08:17,TR-101,LT-001,192.83,10.258,1.611,0.814,49.955,13.66,WARNING
4913,2026-08-01 01:21:52,TR-101,LT-002,233.31,11.483,2.494,0.931,49.963,2.58,NORMAL
5669,2026-08-01 01:34:28,TR-102,LT-003,223.08,8.066,1.688,0.938,49.958,1.84,NORMAL
8543,2026-08-01 00:09:02,TR-102,LT-004,195.45,9.935,1.555,0.801,50.012,15.0,WARNING
1801,2026-08-01 00:30:00,TR-103,LT-006,237.6,9.868,2.272,0.969,50.003,2.01,NORMAL
9252,2026-08-01 00:00:51,TR-104,LT-004,64.68,0.559,0.015,0.427,50.048,50.35,POSSIBLE_BROKEN_LT
2430,2026-08-01 00:40:29,TR-101,LT-002,228.66,5.5,1.176,0.935,50.114,1.6,NORMAL
5483,2026-08-01 01:31:22,TR-104,LT-003,230.33,10.88,2.442,0.975,50.106,1.08,NORMAL
6762,2026-08-01 01:52:41,TR-101,LT-001,229.22,8.87,1.859,0.915,49.892,2.05,NORMAL
9840,2026-08-01 00:10:39,TR-104,LT-004,53.59,0.284,0.004,0.235,49.868,28.84,POSSIBLE_BROKEN_LT
9636,2026-08-01 00:07:15,TR-101,LT-006,69.73,0.657,0.017,0.363,49.965,40.25,POSSIBLE_BROKEN_LT
1969,2026-08-01 00:32:48,TR-101,LT-001,229.22,8.127,1.695,0.91,50.086,0.09,NORMAL
8340,2026-08-01 00:05:39,TR-101,LT-002,191.97,11.636,1.665,0.746,49.955,10.14,WARNING
8142,2026-08-01 00:02:21,TR-103,LT-003,175.8,10.358,1.397,0.767,50.03,7.89,WARNING
7697,2026-08-01 02:08:16,TR-104,LT-001,234.13,7.724,1.643,0.908,49.973,2.14,NORMAL
7542,2026-08-01 02:05:41,TR-104,LT-003,229.84,3.382,0.727,0.936,49.969,2.17,NORMAL
4988,2026-08-01 01:23:07,TR-104,LT-006,230.28,5.08,1.144,0.978,49.701,1.78,NORMAL
9757,2026-08-01 00:09:16,TR-101,LT-005,25.37,0.294,0.004,0.603,49.983,25.78,POSSIBLE_BROKEN_LT
4651,2026-08-01 01:17:30,TR-104,LT-005,229.01,10.719,2.396,0.976,50.04,1.42,NORMAL
1160,2026-08-01 00:19:19,TR-104,LT-004,228.7,10.382,2.229,0.939,50.046,0.23,NORMAL
1214,2026-08-01 00:20:13,TR-104,LT-006,233.58,9.066,2.025,0.956,49.912,0.55,NORMAL
7337,2026-08-01 02:02:16,TR-103,LT-004,229.85,4.919,1.038,0.918,50.031,3.02,NORMAL
1326,2026-08-01 00:22:05,TR-101,LT-006,222.1,8.724,1.818,0.938,50.022,1.25,NORMAL
7513,2026-08-01 02:05:12,TR-103,LT-004,230.87,7.341,1.597,0.942,49.951,1.55,NORMAL
7581,2026-08-01 02:06:20,TR-103,LT-006,234.76,7.907,1.84,0.991,49.921,0.87,NORMAL
4797,2026-08-01 01:19:56,TR-103,LT-004,231.94,6.075,1.255,0.89,50.064,1.23,NORMAL
6797,2026-08-01 01:53:16,TR-101,LT-002,236.16,10.004,2.272,0.962,49.994,0.06,NORMAL
5809,2026-08-01 01:36:48,TR-101,LT-003,240.81,11.171,2.413,0.897,50.001,0.08,NORMAL
5944,2026-08-01 01:39:03,TR-101,LT-004,223.82,6.954,1.461,0.939,50.099,2.66,NORMAL
9284,2026-08-01 00:01:23,TR-103,LT-006,59.39,0.418,0.015,0.624,49.903,43.07,POSSIBLE_BROKEN_LT
8145,2026-08-01 00:02:24,TR-104,LT-003,209.64,9.76,1.917,0.937,49.979,16.48,WARNING
1456,2026-08-01 00:24:15,TR-103,LT-005,222.96,6.535,1.403,0.963,50.084,2.27,NORMAL
5411,2026-08-01 01:30:10,TR-103,LT-005,227.89,6.507,1.432,0.965,49.981,0.7,NORMAL
7130,2026-08-01 01:58:49,TR-104,LT-006,235.24,4.876,1.093,0.953,49.847,2.45,NORMAL
8893,2026-08-01 00:14:52,TR-101,LT-003,171.96,12.36,1.798,0.846,49.87,12.16,WARNING
4963,2026-08-01 01:22:42,TR-101,LT-001,229.51,6.124,1.307,0.93,50.07,1.47,NORMAL
2801,2026-08-01 00:46:40,TR-104,LT-001,230.74,6.864,1.478,0.933,49.959,0.62,NORMAL
1645,2026-08-01 00:27:24,TR-103,LT-002,225.75,7.566,1.615,0.945,50.086,2.15,NORMAL
2141,2026-08-01 00:35:40,TR-104,LT-005,230.66,7.643,1.719,0.975,50.007,0.67,NORMAL
4537,2026-08-01 01:15:36,TR-101,LT-005,230.87,9.406,2.03,0.935,49.88,2.06,NORMAL
4458,2026-08-01 01:14:17,TR-102,LT-001,224.67,7.384,1.517,0.914,50.037,1.82,NORMAL
8952,2026-08-01 00:15:51,TR-103,LT-005,180.7,9.029,1.388,0.851,50.069,12.42,WARNING
5587,2026-08-01 01:33:06,TR-103,LT-001,227.42,6.785,1.464,0.949,50.1,2.09,NORMAL
4379,2026-08-01 01:12:58,TR-102,LT-004,231.18,8.91,2.016,0.979,49.99,2.06,NORMAL
730,2026-08-01 00:12:09,TR-102,LT-004,226.89,7.534,1.561,0.913,49.994,3.11,NORMAL
4358,2026-08-01 01:12:37,TR-102,LT-005,228.7,8.094,1.839,0.993,49.993,0.94,NORMAL
7749,2026-08-01 02:09:08,TR-103,LT-001,232.92,9.979,2.23,0.959,50.039,3.32,NORMAL
6717,2026-08-01 01:51:56,TR-101,LT-004,234.19,7.575,1.709,0.964,50.02,0.95,NORMAL
1937,2026-08-01 00:32:16,TR-104,LT-004,231.01,8.624,1.947,0.977,49.894,2.05,NORMAL
3794,2026-08-01 01:03:13,TR-104,LT-006,229.04,8.038,1.733,0.941,50.127,2.73,NORMAL
3737,2026-08-01 01:02:16,TR-103,LT-001,228.17,7.32,1.669,0.999,49.879,1.85,NORMAL
2262,2026-08-01 00:37:41,TR-103,LT-004,231.62,9.79,2.122,0.936,50.009,2.29,NORMAL
4006,2026-08-01 01:06:45,TR-104,LT-003,232.37,8.361,1.795,0.924,50.027,3.38,NORMAL
1111,2026-08-01 00:18:30,TR-104,LT-006,229.24,11.696,2.487,0.928,49.994,2.95,NORMAL
9029,2026-08-01 00:17:08,TR-101,LT-001,194.6,11.114,1.902,0.88,50.077,6.41,WARNING
5481,2026-08-01 01:31:20,TR-104,LT-004,237.84,12.221,2.654,0.913,49.954,0.05,NORMAL
2999,2026-08-01 00:49:58,TR-104,LT-006,231.34,9.582,2.099,0.947,49.919,2.12,NORMAL
2395,2026-08-01 00:39:54,TR-102,LT-003,229.67,9.435,1.996,0.921,49.93,1.08,NORMAL
1186,2026-08-01 00:19:45,TR-104,LT-004,233.76,7.868,1.69,0.919,49.98,1.82,NORMAL
2008,2026-08-01 00:33:27,TR-103,LT-003,226.73,6.437,1.336,0.915,50.08,4.01,NORMAL
194,2026-08-01 00:03:13,TR-104,LT-006,225.02,8.182,1.714,0.931,50.039,2.62,NORMAL
5612,2026-08-01 01:33:31,TR-104,LT-003,237.07,6.365,1.482,0.982,50.027,2.11,NORMAL
2902,2026-08-01 00:48:21,TR-104,LT-005,228.3,6.933,1.502,0.949,50.101,1.27,NORMAL
579,2026-08-01 00:09:38,TR-102,LT-002,224.09,3.488,0.763,0.976,49.979,3.01,NORMAL
6220,2026-08-01 01:43:39,TR-104,LT-006,235.48,10.866,2.346,0.917,49.982,3.15,NORMAL
5526,2026-08-01 01:32:05,TR-104,LT-006,227.55,9.414,2.027,0.946,50.024,2.19,NORMAL
772,2026-08-01 00:12:51,TR-101,LT-006,227.75,11.137,2.273,0.896,50.046,2.05,NORMAL
7840,2026-08-01 02:10:39,TR-103,LT-004,228.55,6.71,1.403,0.915,49.961,0.57,NORMAL
2396,2026-08-01 00:39:55,TR-104,LT-003,224.2,6.281,1.354,0.962,50.009,2.56,NORMAL
1479,2026-08-01 00:24:38,TR-102,LT-005,226.45,8.241,1.773,0.95,49.983,0.98,NORMAL
1847,2026-08-01 00:30:46,TR-102,LT-002,235.06,8.537,1.855,0.924,50.002,3.51,NORMAL
9109,2026-08-01 00:18:28,TR-104,LT-003,190.14,12.635,2.371,0.987,49.867,20.01,WARNING
4275,2026-08-01 01:11:14,TR-102,LT-003,221.91,8.388,1.732,0.93,50.107,2.31,NORMAL
3741,2026-08-01 01:02:20,TR-102,LT-005,227.14,7.963,1.693,0.936,49.944,0.28,NORMAL
4601,2026-08-01 01:16:40,TR-101,LT-005,229.14,10.504,2.172,0.902,49.762,2.19,NORMAL
8088,2026-08-01 00:01:27,TR-103,LT-005,172.22,8.684,1.341,0.897,49.949,9.89,WARNING
8711,2026-08-01 00:11:50,TR-103,LT-003,182.4,11.67,1.975,0.928,50.061,19.37,WARNING
6677,2026-08-01 01:51:16,TR-103,LT-004,230.12,7.189,1.558,0.942,50.175,1.94,NORMAL
6376,2026-08-01 01:46:15,TR-104,LT-004,234.39,9.567,2.144,0.956,50.036,2.75,NORMAL
8125,2026-08-01 00:02:04,TR-104,LT-005,164.09,14.588,1.893,0.791,50.038,13.1,WARNING
9539,2026-08-01 00:05:38,TR-101,LT-002,79.54,0.325,0.014,0.528,49.87,35.85,POSSIBLE_BROKEN_LT
4916,2026-08-01 01:21:55,TR-101,LT-004,230.85,8.706,1.839,0.915,50.035,2.86,NORMAL
2074,2026-08-01 00:34:33,TR-102,LT-003,230.79,8.918,1.893,0.92,49.928,2.22,NORMAL
4755,2026-08-01 01:19:14,TR-103,LT-006,227.86,4.519,0.903,0.877,49.987,2.87,NORMAL
1897,2026-08-01 00:31:36,TR-101,LT-003,228.96,7.113,1.563,0.96,49.818,2.38,NORMAL
8553,2026-08-01 00:09:12,TR-103,LT-003,152.74,7.898,1.141,0.946,49.786,13.12,WARNING
6703,2026-08-01 01:51:42,TR-101,LT-002,221.12,8.109,1.747,0.974,50.025,3.58,NORMAL
6318,2026-08-01 01:45:17,TR-103,LT-003,227.88,9.172,2.001,0.957,49.938,3.87,NORMAL
3660,2026-08-01 01:00:59,TR-103,LT-003,238.85,7.103,1.587,0.935,49.958,0.38,NORMAL
6582,2026-08-01 01:49:41,TR-104,LT-001,230.98,1.341,0.302,0.975,49.982,2.41,NORMAL
2380,2026-08-01 00:39:39,TR-103,LT-003,231.04,7.707,1.733,0.973,49.98,2.53,NORMAL
1448,2026-08-01 00:24:07,TR-101,LT-002,232.35,6.895,1.5,0.937,49.985,4.49,NORMAL
343,2026-08-01 00:05:42,TR-103,LT-004,230.98,13.167,2.825,0.929,50.048,1.56,NORMAL
5128,2026-08-01 01:25:27,TR-103,LT-001,229.94,7.011,1.481,0.919,49.943,2.24,NORMAL
3137,2026-08-01 00:52:16,TR-104,LT-005,233.81,6.081,1.319,0.928,49.989,2.65,NORMAL
2528,2026-08-01 00:42:07,TR-103,LT-003,232.43,6.107,1.336,0.942,50.056,2.09,NORMAL
728,2026-08-01 00:12:07,TR-103,LT-004,231.39,9.814,2.112,0.93,50.038,1.73,NORMAL
4578,2026-08-01 01:16:17,TR-101,LT-001,237.28,7.902,1.799,0.959,50.059,3.06,NORMAL
977,2026-08-01 00:16:16,TR-102,LT-002,228.19,8.614,1.903,0.968,49.942,1.06,NORMAL
8392,2026-08-01 00:06:31,TR-102,LT-005,190.56,8.991,1.408,0.822,50.103,9.07,WARNING
5444,2026-08-01 01:30:43,TR-101,LT-004,227.84,8.679,1.952,0.987,49.808,1.99,NORMAL
9035,2026-08-01 00:17:14,TR-101,LT-003,207.19,7.848,1.276,0.785,50.123,21.04,WARNING
3517,2026-08-01 00:58:36,TR-103,LT-001,226.82,7.38,1.597,0.954,49.918,1.68,NORMAL
7976,2026-08-01 02:12:55,TR-101,LT-001,231.28,8.124,1.821,0.969,49.995,1.03,NORMAL
9788,2026-08-01 00:09:47,TR-101,LT-002,78.76,0.461,0.014,0.379,49.947,19.03,POSSIBLE_BROKEN_LT
3941,2026-08-01 01:05:40,TR-104,LT-003,231.52,9.969,2.13,0.923,50.088,1.02,NORMAL
1300,2026-08-01 00:21:39,TR-102,LT-002,231.29,5.874,1.33,0.979,50.085,3.24,NORMAL
9765,2026-08-01 00:09:24,TR-103,LT-001,50.43,0.34,0.008,0.474,49.962,21.94,POSSIBLE_BROKEN_LT
1349,2026-08-01 00:22:28,TR-103,LT-001,224.53,9.218,1.99,0.961,50.117,0.7,NORMAL
661,2026-08-01 00:11:00,TR-102,LT-005,227.71,12.612,2.594,0.903,50.085,1.62,NORMAL
5887,2026-08-01 01:38:06,TR-103,LT-003,227.05,9.709,2.094,0.95,49.858,1.84,NORMAL
1493,2026-08-01 00:24:52,TR-102,LT-005,227.74,7.135,1.543,0.95,50.095,1.71,NORMAL
9947,2026-08-01 00:12:26,TR-103,LT-002,65.12,0.286,0.009,0.479,50.008,28.49,POSSIBLE_BROKEN_LT
4590,2026-08-01 01:16:29,TR-103,LT-003,225.68,9.011,1.937,0.952,49.916,2.08,NORMAL
8531,2026-08-01 00:08:50,TR-102,LT-006,198.64,11.382,2.045,0.905,50.02,11.95,WARNING
5155,2026-08-01 01:25:54,TR-102,LT-003,226.52,4.603,0.999,0.958,50.036,0.01,NORMAL
2316,2026-08-01 00:38:35,TR-102,LT-001,231.69,9.831,2.098,0.921,50.093,4.2,NORMAL
9615,2026-08-01 00:06:54,TR-103,LT-002,88.36,0.529,0.025,0.539,49.968,43.53,POSSIBLE_BROKEN_LT
9578,2026-08-01 00:06:17,TR-102,LT-001,46.51,0.306,0.005,0.356,50.045,18.57,POSSIBLE_BROKEN_LT
7025,2026-08-01 01:57:04,TR-103,LT-005,234.55,9.0,1.96,0.928,50.082,1.97,NORMAL
1086,2026-08-01 00:18:05,TR-101,LT-001,231.72,7.192,1.593,0.956,49.955,2.38,NORMAL
2525,2026-08-01 00:42:04,TR-104,LT-001,233.69,8.457,1.888,0.955,50.08,2.14,NORMAL
8969,2026-08-01 00:16:08,TR-102,LT-002,191.1,11.677,1.901,0.852,49.792,13.61,WARNING
5375,2026-08-01 01:29:34,TR-104,LT-002,231.73,7.95,1.725,0.936,50.154,2.8,NORMAL
3199,2026-08-01 00:53:18,TR-103,LT-003,228.51,8.968,1.951,0.952,50.036,2.42,NORMAL
5752,2026-08-01 01:35:51,TR-101,LT-002,225.07,7.891,1.652,0.93,49.903,0.27,NORMAL
4009,2026-08-01 01:06:48,TR-101,LT-004,228.05,7.264,1.548,0.934,50.088,3.25,NORMAL
5718,2026-08-01 01:35:17,TR-102,LT-001,228.95,9.642,1.993,0.903,50.099,1.99,NORMAL
6658,2026-08-01 01:50:57,TR-103,LT-002,236.14,6.151,1.384,0.953,50.009,1.81,NORMAL
9358,2026-08-01 00:02:37,TR-102,LT-001,76.72,0.354,0.016,0.586,49.947,34.51,POSSIBLE_BROKEN_LT
8791,2026-08-01 00:13:10,TR-104,LT-005,171.8,9.462,1.402,0.863,50.113,21.64,WARNING
68,2026-08-01 00:01:07,TR-104,LT-005,234.01,9.851,2.135,0.926,50.085,0.19,NORMAL
7924,2026-08-01 02:12:03,TR-103,LT-005,235.16,10.376,2.254,0.924,50.099,2.02,NORMAL
41,2026-08-01 00:00:40,TR-104,LT-005,232.95,7.595,1.672,0.945,49.93,2.92,NORMAL
2270,2026-08-01 00:37:49,TR-103,LT-004,229.67,9.011,1.945,0.94,49.937,1.6,NORMAL
2382,2026-08-01 00:39:41,TR-104,LT-001,226.17,9.9,2.091,0.934,50.117,0.91,NORMAL
7342,2026-08-01 02:02:21,TR-104,LT-001,231.65,6.617,1.437,0.938,50.017,1.28,NORMAL
9962,2026-08-01 00:12:41,TR-104,LT-005,104.27,0.241,0.009,0.376,50.144,35.63,POSSIBLE_BROKEN_LT
4917,2026-08-01 01:21:56,TR-102,LT-004,234.25,8.195,1.788,0.931,50.039,2.55,NORMAL
5323,2026-08-01 01:28:42,TR-103,LT-001,234.34,10.742,2.33,0.926,49.993,3.69,NORMAL
5774,2026-08-01 01:36:13,TR-104,LT-001,226.66,9.127,1.946,0.941,49.978,2.01,NORMAL
6233,2026-08-01 01:43:52,TR-102,LT-005,229.26,5.5,1.174,0.931,49.942,3.05,NORMAL
6964,2026-08-01 01:56:03,TR-102,LT-003,228.63,7.924,1.691,0.933,49.985,3.58,NORMAL
3448,2026-08-01 00:57:27,TR-101,LT-006,226.78,9.651,2.003,0.915,49.943,4.71,NORMAL
6817,2026-08-01 01:53:36,TR-101,LT-006,222.14,4.277,0.897,0.944,49.933,2.36,NORMAL
2368,2026-08-01 00:39:27,TR-104,LT-002,223.17,9.076,1.917,0.946,50.036,2.51,NORMAL
7982,2026-08-01 02:13:01,TR-104,LT-003,227.98,7.166,1.51,0.924,50.043,0.8,NORMAL
8167,2026-08-01 00:02:46,TR-103,LT-003,208.12,5.521,1.047,0.911,49.837,13.04,WARNING
2513,2026-08-01 00:41:52,TR-104,LT-004,232.2,7.81,1.723,0.95,49.897,1.39,NORMAL
9620,2026-08-01 00:06:59,TR-102,LT-006,60.47,0.578,0.007,0.186,49.94,39.44,POSSIBLE_BROKEN_LT
2724,2026-08-01 00:45:23,TR-103,LT-005,235.93,8.143,1.714,0.892,49.988,1.91,NORMAL
5949,2026-08-01 01:39:08,TR-101,LT-004,223.33,13.472,2.832,0.941,50.024,2.92,NORMAL
9186,2026-08-01 00:19:45,TR-102,LT-004,170.77,12.45,1.748,0.822,49.932,8.95,WARNING
9005,2026-08-01 00:16:44,TR-101,LT-004,197.69,14.609,2.409,0.834,50.115,14.88,WARNING
1144,2026-08-01 00:19:03,TR-102,LT-006,230.5,7.218,1.634,0.982,50.123,0.98,NORMAL
9737,2026-08-01 00:08:56,TR-101,LT-002,82.27,0.347,0.006,0.221,49.976,17.02,POSSIBLE_BROKEN_LT
7223,2026-08-01 02:00:22,TR-102,LT-001,229.18,6.677,1.435,0.937,50.122,1.26,NORMAL
8293,2026-08-01 00:04:52,TR-102,LT-001,164.67,13.518,1.959,0.88,49.915,14.83,WARNING
9221,2026-08-01 00:00:20,TR-101,LT-004,67.61,0.228,0.007,0.467,49.996,46.29,POSSIBLE_BROKEN_LT
4729,2026-08-01 01:18:48,TR-101,LT-005,236.37,8.099,1.897,0.991,50.133,2.49,NORMAL
5495,2026-08-01 01:31:34,TR-102,LT-005,231.72,8.56,1.873,0.944,49.926,1.57,NORMAL
5756,2026-08-01 01:35:55,TR-104,LT-002,225.83,6.318,1.318,0.924,50.021,2.26,NORMAL
7563,2026-08-01 02:06:02,TR-104,LT-006,233.89,7.986,1.742,0.933,49.938,2.42,NORMAL
3790,2026-08-01 01:03:09,TR-102,LT-001,235.21,9.359,2.073,0.942,49.946,3.66,NORMAL
2221,2026-08-01 00:37:00,TR-102,LT-001,228.57,10.632,2.323,0.956,50.115,3.17,NORMAL
5076,2026-08-01 01:24:35,TR-103,LT-004,230.4,6.728,1.504,0.97,50.016,2.7,NORMAL
2332,2026-08-01 00:38:51,TR-104,LT-002,229.71,6.935,1.53,0.961,50.123,1.17,NORMAL
5395,2026-08-01 01:29:54,TR-104,LT-004,224.36,8.72,1.789,0.915,50.173,3.1,NORMAL
7440,2026-08-01 02:03:59,TR-102,LT-003,232.52,11.309,2.395,0.911,49.984,1.63,NORMAL
8068,2026-08-01 00:01:07,TR-104,LT-004,162.54,10.33,1.557,0.927,49.969,12.77,WARNING
7091,2026-08-01 01:58:10,TR-102,LT-006,228.09,6.372,1.343,0.924,49.867,2.7,NORMAL
9337,2026-08-01 00:02:16,TR-102,LT-004,100.26,0.761,0.024,0.32,49.936,41.31,POSSIBLE_BROKEN_LT
4089,2026-08-01 01:08:08,TR-104,LT-004,234.56,10.472,2.297,0.935,50.002,1.76,NORMAL
1968,2026-08-01 00:32:47,TR-104,LT-006,229.39,7.98,1.712,0.935,50.054,2.33,NORMAL
9364,2026-08-01 00:02:43,TR-102,LT-002,79.56,0.426,0.024,0.704,49.818,31.49,POSSIBLE_BROKEN_LT
9797,2026-08-01 00:09:56,TR-101,LT-001,85.75,0.554,0.032,0.683,50.025,21.05,POSSIBLE_BROKEN_LT
6758,2026-08-01 01:52:37,TR-104,LT-005,231.97,6.374,1.42,0.961,50.026,2.54,NORMAL
9587,2026-08-01 00:06:26,TR-103,LT-005,94.54,0.631,0.038,0.63,50.017,19.89,POSSIBLE_BROKEN_LT
4366,2026-08-01 01:12:45,TR-102,LT-003,238.39,4.626,1.032,0.936,50.011,1.37,NORMAL
7000,2026-08-01 01:56:39,TR-104,LT-003,231.6,7.692,1.73,0.971,50.02,2.86,NORMAL
424,2026-08-01 00:07:03,TR-103,LT-004,233.89,6.262,1.41,0.963,50.04,2.66,NORMAL
281,2026-08-01 00:04:40,TR-104,LT-006,230.45,7.367,1.543,0.909,50.031,1.95,NORMAL
1905,2026-08-01 00:31:44,TR-102,LT-001,229.57,9.941,2.17,0.951,50.095,1.08,NORMAL
596,2026-08-01 00:09:55,TR-102,LT-005,227.96,7.604,1.604,0.925,49.912,1.98,NORMAL
8580,2026-08-01 00:09:39,TR-101,LT-002,189.96,16.115,2.708,0.885,49.954,6.86,WARNING
3918,2026-08-01 01:05:17,TR-102,LT-006,232.19,9.682,2.069,0.92,50.067,2.67,NORMAL
6143,2026-08-01 01:42:22,TR-101,LT-005,229.93,9.528,1.956,0.893,49.968,1.79,NORMAL
5662,2026-08-01 01:34:21,TR-103,LT-002,226.31,9.159,1.95,0.941,49.988,2.42,NORMAL
5779,2026-08-01 01:36:18,TR-103,LT-003,230.12,6.727,1.46,0.943,50.074,1.98,NORMAL
3619,2026-08-01 01:00:18,TR-102,LT-002,234.78,8.435,1.848,0.933,50.103,3.71,NORMAL
6846,2026-08-01 01:54:05,TR-101,LT-004,231.75,6.084,1.317,0.934,50.009,0.84,NORMAL
840,2026-08-01 00:13:59,TR-104,LT-005,229.14,9.184,1.935,0.92,50.017,3.55,NORMAL
4597,2026-08-01 01:16:36,TR-102,LT-006,228.89,8.04,1.783,0.969,49.941,0.44,NORMAL
7497,2026-08-01 02:04:56,TR-102,LT-006,227.94,11.888,2.445,0.902,49.915,1.92,NORMAL
142,2026-08-01 00:02:21,TR-103,LT-006,235.23,6.532,1.442,0.939,50.135,2.78,NORMAL
2598,2026-08-01 00:43:17,TR-104,LT-002,230.85,9.769,2.086,0.925,49.989,0.96,NORMAL
6702,2026-08-01 01:51:41,TR-104,LT-001,229.41,8.724,1.89,0.944,49.837,2.36,NORMAL
7757,2026-08-01 02:09:16,TR-102,LT-005,226.18,7.836,1.63,0.92,49.918,1.16,NORMAL
1378,2026-08-01 00:22:57,TR-101,LT-005,234.16,10.444,2.216,0.906,49.953,2.59,NORMAL
3675,2026-08-01 01:01:14,TR-103,LT-002,229.74,3.877,0.751,0.844,49.957,1.51,NORMAL
8771,2026-08-01 00:12:50,TR-102,LT-001,155.18,11.051,1.385,0.808,50.064,18.9,WARNING
9896,2026-08-01 00:11:35,TR-103,LT-002,48.79,0.23,0.005,0.442,49.994,26.88,POSSIBLE_BROKEN_LT
6363,2026-08-01 01:46:02,TR-102,LT-001,227.95,6.421,1.339,0.915,50.169,2.8,NORMAL
4742,2026-08-01 01:19:01,TR-101,LT-001,231.98,11.008,2.451,0.96,49.964,2.05,NORMAL
3809,2026-08-01 01:03:28,TR-101,LT-003,232.62,10.147,2.28,0.966,50.01,2.55,NORMAL
1139,2026-08-01 00:18:58,TR-102,LT-001,232.39,6.778,1.497,0.951,50.009,3.04,NORMAL
2258,2026-08-01 00:37:37,TR-102,LT-003,228.32,7.476,1.619,0.948,49.898,1.71,NORMAL
7866,2026-08-01 02:11:05,TR-102,LT-006,225.93,6.711,1.447,0.955,49.969,3.22,NORMAL
1788,2026-08-01 00:29:47,TR-104,LT-005,226.99,11.353,2.443,0.948,49.853,2.92,NORMAL
3939,2026-08-01 01:05:38,TR-103,LT-002,228.6,6.718,1.437,0.936,49.97,3.21,NORMAL
9317,2026-08-01 00:01:56,TR-102,LT-005,58.16,0.368,0.006,0.29,50.1,29.0,POSSIBLE_BROKEN_LT
4647,2026-08-01 01:17:26,TR-102,LT-004,224.43,10.395,2.21,0.947,49.981,2.33,NORMAL
460,2026-08-01 00:07:39,TR-102,LT-003,225.21,11.179,2.468,0.98,50.034,1.02,NORMAL
6116,2026-08-01 01:41:55,TR-102,LT-002,225.88,8.772,1.845,0.931,49.972,2.39,NORMAL
9543,2026-08-01 00:05:42,TR-104,LT-001,72.86,0.205,0.006,0.429,49.954,37.88,POSSIBLE_BROKEN_LT
949,2026-08-01 00:15:48,TR-102,LT-003,229.82,8.666,1.845,0.926,49.921,3.76,NORMAL
3701,2026-08-01 01:01:40,TR-101,LT-002,234.26,9.207,2.029,0.941,49.927,1.79,NORMAL
1337,2026-08-01 00:22:16,TR-104,LT-006,227.55,10.783,2.388,0.973,50.027,2.23,NORMAL
6371,2026-08-01 01:46:10,TR-104,LT-006,228.96,6.546,1.43,0.954,49.932,2.55,NORMAL
4629,2026-08-01 01:17:08,TR-101,LT-005,234.38,8.44,1.889,0.955,49.925,2.82,NORMAL
6287,2026-08-01 01:44:46,TR-103,LT-005,225.84,9.187,1.912,0.922,49.853,1.19,NORMAL
5926,2026-08-01 01:38:45,TR-101,LT-006,226.56,6.826,1.417,0.916,50.01,4.6,NORMAL
5935,2026-08-01 01:38:54,TR-104,LT-002,236.69,8.416,1.905,0.956,50.007,1.56,NORMAL
6041,2026-08-01 01:40:40,TR-102,LT-001,233.82,6.275,1.371,0.935,50.046,2.62,NORMAL
442,2026-08-01 00:07:21,TR-102,LT-002,229.87,10.799,2.416,0.973,50.116,0.76,NORMAL
6660,2026-08-01 01:50:59,TR-103,LT-006,231.2,8.379,1.756,0.907,50.137,1.87,NORMAL
1603,2026-08-01 00:26:42,TR-102,LT-005,227.42,8.38,1.732,0.909,49.933,2.54,NORMAL
2239,2026-08-01 00:37:18,TR-103,LT-001,228.37,4.989,1.061,0.931,50.064,3.78,NORMAL
640,2026-08-01 00:10:39,TR-101,LT-003,224.82,6.768,1.451,0.954,49.99,1.98,NORMAL
9821,2026-08-01 00:10:20,TR-102,LT-003,67.57,0.368,0.009,0.357,49.957,34.41,POSSIBLE_BROKEN_LT
3831,2026-08-01 01:03:50,TR-103,LT-001,229.19,6.899,1.521,0.962,50.229,2.47,NORMAL
9396,2026-08-01 00:03:15,TR-102,LT-001,69.63,0.152,0.006,0.576,49.904,50.84,POSSIBLE_BROKEN_LT
6145,2026-08-01 01:42:24,TR-103,LT-001,232.36,5.362,1.175,0.943,50.005,0.91,NORMAL
7986,2026-08-01 02:13:05,TR-101,LT-003,226.64,9.759,2.027,0.917,49.951,3.79,NORMAL
9053,2026-08-01 00:17:32,TR-103,LT-005,201.16,6.956,1.274,0.911,50.111,14.33,WARNING
6345,2026-08-01 01:45:44,TR-101,LT-001,230.13,5.568,1.166,0.91,50.048,2.29,NORMAL
2502,2026-08-01 00:41:41,TR-102,LT-004,233.87,10.668,2.288,0.917,49.928,1.92,NORMAL
1959,2026-08-01 00:32:38,TR-101,LT-003,234.22,9.301,2.091,0.96,49.89,2.53,NORMAL
1071,2026-08-01 00:17:50,TR-104,LT-001,229.81,9.846,2.181,0.964,50.151,2.81,NORMAL
156,2026-08-01 00:02:35,TR-103,LT-006,227.14,7.228,1.512,0.921,49.992,1.88,NORMAL
2296,2026-08-01 00:38:15,TR-102,LT-005,232.09,7.457,1.57,0.907,49.966,2.81,NORMAL
9802,2026-08-01 00:10:01,TR-103,LT-001,86.54,0.298,0.013,0.51,49.962,32.69,POSSIBLE_BROKEN_LT
4579,2026-08-01 01:16:18,TR-101,LT-001,227.73,5.507,1.227,0.978,49.953,2.54,NORMAL
1090,2026-08-01 00:18:09,TR-103,LT-003,229.21,6.845,1.367,0.871,49.977,2.97,NORMAL
6050,2026-08-01 01:40:49,TR-103,LT-001,226.56,6.079,1.25,0.908,50.034,2.05,NORMAL
6416,2026-08-01 01:46:55,TR-102,LT-002,227.28,6.308,1.295,0.903,50.11,2.88,NORMAL
2941,2026-08-01 00:49:00,TR-102,LT-005,233.99,5.766,1.276,0.946,50.047,2.48,NORMAL
724,2026-08-01 00:12:03,TR-104,LT-004,232.97,8.64,1.949,0.968,50.093,2.75,NORMAL
4385,2026-08-01 01:13:04,TR-101,LT-003,227.57,7.21,1.517,0.925,50.072,2.61,NORMAL
931,2026-08-01 00:15:30,TR-104,LT-005,227.78,7.267,1.57,0.949,50.045,1.94,NORMAL
2910,2026-08-01 00:48:29,TR-103,LT-003,235.03,6.606,1.496,0.963,49.985,2.67,NORMAL
7846,2026-08-01 02:10:45,TR-102,LT-002,235.86,9.722,2.157,0.941,49.984,3.4,NORMAL
6764,2026-08-01 01:52:43,TR-104,LT-004,236.67,7.025,1.645,0.989,50.009,1.94,NORMAL
8389,2026-08-01 00:06:28,TR-102,LT-005,192.9,4.593,0.804,0.907,50.158,17.72,WARNING
6417,2026-08-01 01:46:56,TR-102,LT-006,224.86,4.516,0.965,0.95,50.104,1.41,NORMAL
896,2026-08-01 00:14:55,TR-101,LT-002,232.59,12.091,2.7,0.96,49.961,2.49,NORMAL
3248,2026-08-01 00:54:07,TR-102,LT-006,227.07,7.807,1.697,0.957,50.093,1.48,NORMAL
2327,2026-08-01 00:38:46,TR-103,LT-006,225.63,8.277,1.737,0.93,49.964,1.26,NORMAL
7097,2026-08-01 01:58:16,TR-103,LT-005,240.84,7.808,1.769,0.941,50.098,2.56,NORMAL
9506,2026-08-01 00:05:05,TR-103,LT-005,47.22,0.24,0.005,0.455,50.033,38.9,POSSIBLE_BROKEN_LT
7582,2026-08-01 02:06:21,TR-103,LT-006,232.67,8.547,1.826,0.918,49.948,2.68,NORMAL
9743,2026-08-01 00:09:02,TR-102,LT-001,98.3,0.31,0.011,0.352,50.079,22.58,POSSIBLE_BROKEN_LT
5039,2026-08-01 01:23:58,TR-102,LT-004,236.5,9.404,2.063,0.928,49.868,0.9,NORMAL
6451,2026-08-01 01:47:30,TR-104,LT-006,228.91,7.664,1.628,0.928,49.852,1.6,NORMAL
4137,2026-08-01 01:08:56,TR-103,LT-006,229.78,7.914,1.724,0.948,49.977,1.5,NORMAL
9249,2026-08-01 00:00:48,TR-101,LT-005,66.26,0.219,0.011,0.753,49.866,26.47,POSSIBLE_BROKEN_LT
1716,2026-08-01 00:28:35,TR-102,LT-003,229.64,7.868,1.718,0.951,50.048,0.55,NORMAL
1699,2026-08-01 00:28:18,TR-103,LT-005,232.06,10.407,2.23,0.923,49.899,0.54,NORMAL
9691,2026-08-01 00:08:10,TR-103,LT-005,40.98,0.515,0.007,0.34,50.19,25.35,POSSIBLE_BROKEN_LT
9550,2026-08-01 00:05:49,TR-101,LT-002,51.56,0.122,0.003,0.51,49.924,32.85,POSSIBLE_BROKEN_LT
9972,2026-08-01 00:12:51,TR-103,LT-001,62.06,0.206,0.004,0.288,50.1,39.21,POSSIBLE_BROKEN_LT
8225,2026-08-01 00:03:44,TR-103,LT-001,214.39,5.253,0.931,0.827,50.148,1.53,WARNING
3832,2026-08-01 01:03:51,TR-103,LT-001,227.89,6.767,1.461,0.947,50.14,0.57,NORMAL
6300,2026-08-01 01:44:59,TR-104,LT-005,227.66,12.823,2.815,0.964,49.965,0.68,NORMAL
3349,2026-08-01 00:55:48,TR-104,LT-001,232.72,10.769,2.335,0.932,50.084,0.5,NORMAL
9519,2026-08-01 00:05:18,TR-103,LT-002,82.34,0.411,0.011,0.335,49.962,30.48,POSSIBLE_BROKEN_LT
986,2026-08-01 00:16:25,TR-104,LT-006,225.37,11.333,2.411,0.944,49.894,3.17,NORMAL
1822,2026-08-01 00:30:21,TR-103,LT-005,230.31,8.79,1.774,0.876,50.104,3.93,NORMAL
4572,2026-08-01 01:16:11,TR-101,LT-005,228.8,8.534,1.814,0.929,49.985,2.93,NORMAL
588,2026-08-01 00:09:47,TR-101,LT-001,226.6,3.717,0.761,0.904,49.981,2.11,NORMAL
9758,2026-08-01 00:09:17,TR-101,LT-006,119.38,0.378,0.04,0.881,50.056,33.28,POSSIBLE_BROKEN_LT
5078,2026-08-01 01:24:37,TR-103,LT-005,234.15,11.71,2.6,0.948,49.982,1.46,NORMAL
7783,2026-08-01 02:09:42,TR-102,LT-005,230.43,7.191,1.557,0.94,49.99,1.41,NORMAL
8324,2026-08-01 00:05:23,TR-104,LT-003,162.07,5.604,0.763,0.84,50.18,6.95,WARNING
9523,2026-08-01 00:05:22,TR-101,LT-004,67.08,0.487,0.013,0.385,50.145,35.5,POSSIBLE_BROKEN_LT
9968,2026-08-01 00:12:47,TR-104,LT-001,56.76,0.264,0.008,0.503,49.997,38.39,POSSIBLE_BROKEN_LT
5484,2026-08-01 01:31:23,TR-104,LT-001,230.15,8.705,1.906,0.952,50.025,0.79,NORMAL
7747,2026-08-01 02:09:06,TR-102,LT-005,235.68,10.965,2.467,0.954,50.062,3.16,NORMAL
9281,2026-08-01 00:01:20,TR-102,LT-004,50.37,0.168,0.003,0.309,50.032,14.71,POSSIBLE_BROKEN_LT
5515,2026-08-01 01:31:54,TR-103,LT-001,234.78,8.298,1.779,0.913,50.067,2.56,NORMAL
9528,2026-08-01 00:05:27,TR-103,LT-001,50.09,0.573,0.013,0.465,49.89,38.49,POSSIBLE_BROKEN_LT
8872,2026-08-01 00:14:31,TR-103,LT-001,171.36,10.604,1.298,0.714,49.994,6.81,WARNING
5554,2026-08-01 01:32:33,TR-103,LT-001,232.55,9.522,2.043,0.923,49.987,3.07,NORMAL
3558,2026-08-01 00:59:17,TR-103,LT-002,230.49,3.972,0.876,0.957,49.976,2.8,NORMAL
1396,2026-08-01 00:23:15,TR-101,LT-006,230.74,9.404,2.001,0.922,49.992,0.53,NORMAL
265,2026-08-01 00:04:24,TR-103,LT-002,228.99,3.568,0.78,0.954,50.081,2.54,NORMAL
3548,2026-08-01 00:59:07,TR-103,LT-006,235.87,5.032,1.132,0.954,50.027,1.25,NORMAL
6845,2026-08-01 01:54:04,TR-104,LT-004,239.76,8.402,1.974,0.98,49.98,3.34,NORMAL
7629,2026-08-01 02:07:08,TR-103,LT-002,223.57,4.14,0.853,0.922,50.108,2.49,NORMAL
6789,2026-08-01 01:53:08,TR-103,LT-005,225.6,7.301,1.542,0.936,49.966,2.1,NORMAL
3070,2026-08-01 00:51:09,TR-103,LT-006,232.77,8.817,1.978,0.964,49.99,1.41,NORMAL
5026,2026-08-01 01:23:45,TR-101,LT-002,225.06,10.124,2.141,0.94,50.045,1.79,NORMAL
8397,2026-08-01 00:06:36,TR-104,LT-004,195.33,10.705,1.863,0.891,50.028,11.32,WARNING
3865,2026-08-01 01:04:24,TR-103,LT-006,228.51,7.654,1.699,0.971,49.952,4.9,NORMAL
9073,2026-08-01 00:17:52,TR-104,LT-002,199.66,7.434,1.267,0.854,49.971,8.54,WARNING
2401,2026-08-01 00:40:00,TR-101,LT-004,227.11,7.873,1.612,0.902,50.085,1.7,NORMAL
6275,2026-08-01 01:44:34,TR-103,LT-005,228.39,11.016,2.356,0.936,50.023,2.31,NORMAL
8485,2026-08-01 00:08:04,TR-104,LT-004,158.1,9.305,1.225,0.833,49.974,11.11,WARNING
3712,2026-08-01 01:01:51,TR-101,LT-001,224.74,8.088,1.798,0.989,50.08,3.54,NORMAL
247,2026-08-01 00:04:06,TR-103,LT-004,228.1,8.04,1.796,0.979,50.005,0.56,NORMAL
1595,2026-08-01 00:26:34,TR-101,LT-001,220.55,8.206,1.598,0.883,49.787,3.37,NORMAL
9683,2026-08-01 00:08:02,TR-103,LT-003,38.36,0.491,0.009,0.463,50.038,25.05,POSSIBLE_BROKEN_LT
1530,2026-08-01 00:25:29,TR-103,LT-002,225.52,7.696,1.647,0.949,50.004,2.18,NORMAL
8224,2026-08-01 00:03:43,TR-103,LT-006,202.25,11.828,1.957,0.818,49.962,12.01,WARNING
924,2026-08-01 00:15:23,TR-104,LT-003,227.2,7.752,1.703,0.967,50.11,0.75,NORMAL
7554,2026-08-01 02:05:53,TR-102,LT-005,225.38,7.421,1.575,0.941,50.077,0.35,NORMAL
4365,2026-08-01 01:12:44,TR-101,LT-002,227.61,9.5,1.997,0.923,49.878,1.24,NORMAL
670,2026-08-01 00:11:09,TR-101,LT-002,234.37,9.597,2.104,0.935,49.913,0.99,NORMAL
3605,2026-08-01 01:00:04,TR-102,LT-003,233.13,6.911,1.509,0.937,50.011,2.99,NORMAL
5109,2026-08-01 01:25:08,TR-103,LT-005,225.71,6.906,1.472,0.945,49.994,3.91,NORMAL
1911,2026-08-01 00:31:50,TR-104,LT-002,236.93,8.437,1.792,0.896,50.207,2.09,NORMAL
8345,2026-08-01 00:05:44,TR-103,LT-001,163.29,13.959,1.878,0.824,50.136,10.8,WARNING
5249,2026-08-01 01:27:28,TR-104,LT-002,233.28,10.588,2.234,0.905,49.955,2.2,NORMAL
7184,2026-08-01 01:59:43,TR-104,LT-006,226.28,6.067,1.262,0.919,49.895,2.47,NORMAL
3959,2026-08-01 01:05:58,TR-104,LT-003,234.47,6.334,1.461,0.984,49.981,1.04,NORMAL
6958,2026-08-01 01:55:57,TR-102,LT-003,237.22,6.996,1.53,0.922,50.052,2.46,NORMAL
6027,2026-08-01 01:40:26,TR-102,LT-006,234.29,7.314,1.565,0.913,49.883,3.04,NORMAL
5644,2026-08-01 01:34:03,TR-101,LT-002,235.44,5.391,1.238,0.976,49.929,1.81,NORMAL
2697,2026-08-01 00:44:56,TR-103,LT-001,234.33,10.756,2.347,0.931,49.876,1.14,NORMAL
2592,2026-08-01 00:43:11,TR-102,LT-001,228.17,7.258,1.478,0.892,50.05,1.11,NORMAL
5907,2026-08-01 01:38:26,TR-101,LT-002,229.3,7.738,1.718,0.968,50.064,0.42,NORMAL
1782,2026-08-01 00:29:41,TR-104,LT-003,229.67,10.143,2.145,0.921,50.006,3.67,NORMAL
6510,2026-08-01 01:48:29,TR-102,LT-004,235.7,5.663,1.29,0.966,50.119,2.85,NORMAL
3014,2026-08-01 00:50:13,TR-103,LT-006,224.41,6.447,1.319,0.912,49.999,1.85,NORMAL
7134,2026-08-01 01:58:53,TR-104,LT-002,230.4,8.066,1.791,0.964,50.028,1.23,NORMAL
2308,2026-08-01 00:38:27,TR-103,LT-006,229.27,8.772,1.86,0.925,50.013,2.92,NORMAL
7277,2026-08-01 02:01:16,TR-101,LT-006,225.78,5.374,1.129,0.93,49.944,0.29,NORMAL
3691,2026-08-01 01:01:30,TR-101,LT-002,232.13,6.857,1.514,0.951,49.941,2.48,NORMAL
688,2026-08-01 00:11:27,TR-103,LT-005,228.5,10.76,2.343,0.953,49.773,2.07,NORMAL
6012,2026-08-01 01:40:11,TR-103,LT-005,231.79,11.839,2.687,0.979,50.025,0.28,NORMAL
7072,2026-08-01 01:57:51,TR-104,LT-002,226.25,9.046,1.929,0.943,49.995,0.8,NORMAL
613,2026-08-01 00:10:12,TR-104,LT-005,231.12,8.437,1.815,0.931,50.026,2.77,NORMAL
7168,2026-08-01 01:59:27,TR-101,LT-004,229.54,7.009,1.462,0.909,50.094,1.92,NORMAL
9206,2026-08-01 00:00:05,TR-102,LT-001,75.85,0.464,0.019,0.541,49.945,39.91,POSSIBLE_BROKEN_LT
3201,2026-08-01 00:53:20,TR-104,LT-006,230.74,9.814,2.102,0.928,50.024,3.11,NORMAL
2268,2026-08-01 00:37:47,TR-101,LT-004,231.28,7.751,1.722,0.961,50.021,0.46,NORMAL
9782,2026-08-01 00:09:41,TR-103,LT-006,43.07,0.497,0.004,0.21,50.109,23.22,POSSIBLE_BROKEN_LT
6630,2026-08-01 01:50:29,TR-101,LT-003,231.76,11.077,2.418,0.942,49.982,1.68,NORMAL
4136,2026-08-01 01:08:55,TR-101,LT-002,228.45,8.868,1.895,0.935,50.074,1.51,NORMAL
1899,2026-08-01 00:31:38,TR-102,LT-003,232.24,11.226,2.405,0.923,50.065,0.91,NORMAL
9531,2026-08-01 00:05:30,TR-104,LT-002,97.82,0.293,0.012,0.417,50.027,25.48,POSSIBLE_BROKEN_LT
8154,2026-08-01 00:02:33,TR-102,LT-006,175.26,3.741,0.485,0.739,49.939,18.73,WARNING
259,2026-08-01 00:04:18,TR-104,LT-001,231.78,7.354,1.646,0.966,50.071,2.6,NORMAL
2925,2026-08-01 00:48:44,TR-104,LT-003,230.37,8.071,1.75,0.941,49.874,2.01,NORMAL
9425,2026-08-01 00:03:44,TR-104,LT-002,86.95,0.377,0.01,0.298,50.081,48.44,POSSIBLE_BROKEN_LT
4944,2026-08-01 01:22:23,TR-104,LT-002,227.09,10.55,2.174,0.907,50.142,0.01,NORMAL
2823,2026-08-01 00:47:02,TR-102,LT-001,229.8,4.853,1.108,0.994,49.917,1.12,NORMAL
6530,2026-08-01 01:48:49,TR-103,LT-001,226.79,6.753,1.418,0.926,50.118,1.68,NORMAL
3340,2026-08-01 00:55:39,TR-103,LT-003,237.19,9.031,2.013,0.94,50.015,2.0,NORMAL
3526,2026-08-01 00:58:45,TR-104,LT-003,225.3,8.673,1.933,0.989,49.973,2.63,NORMAL
4564,2026-08-01 01:16:03,TR-103,LT-004,230.88,7.833,1.701,0.941,49.899,1.9,NORMAL
9657,2026-08-01 00:07:36,TR-102,LT-003,60.13,0.459,0.012,0.436,50.016,51.02,POSSIBLE_BROKEN_LT
7909,2026-08-01 02:11:48,TR-101,LT-002,233.09,10.375,2.347,0.97,49.997,3.8,NORMAL
5330,2026-08-01 01:28:49,TR-104,LT-003,223.01,8.87,1.813,0.917,49.966,1.63,NORMAL
5224,2026-08-01 01:27:03,TR-101,LT-006,226.28,7.673,1.653,0.952,49.846,4.15,NORMAL
2286,2026-08-01 00:38:05,TR-104,LT-004,231.85,8.628,1.864,0.932,50.105,2.3,NORMAL
6064,2026-08-01 01:41:03,TR-101,LT-006,239.55,6.51,1.501,0.962,49.939,2.62,NORMAL
4655,2026-08-01 01:17:34,TR-101,LT-005,232.81,8.321,1.825,0.942,50.091,2.92,NORMAL
5001,2026-08-01 01:23:20,TR-104,LT-005,228.3,8.023,1.832,1.0,49.939,2.59,NORMAL
6711,2026-08-01 01:51:50,TR-101,LT-004,234.29,5.432,1.136,0.893,49.976,3.45,NORMAL
9325,2026-08-01 00:02:04,TR-103,LT-001,74.66,0.36,0.017,0.615,50.081,56.73,POSSIBLE_BROKEN_LT
485,2026-08-01 00:08:04,TR-102,LT-001,226.97,11.967,2.502,0.921,50.029,2.72,NORMAL
2212,2026-08-01 00:36:51,TR-103,LT-003,232.42,8.805,1.981,0.968,49.935,1.11,NORMAL
5417,2026-08-01 01:30:16,TR-103,LT-002,228.47,3.923,0.846,0.943,49.942,2.13,NORMAL
7564,2026-08-01 02:06:03,TR-103,LT-004,233.49,3.035,0.659,0.93,50.048,3.44,NORMAL
2556,2026-08-01 00:42:35,TR-104,LT-004,232.14,4.971,1.093,0.948,50.026,2.1,NORMAL
8,2026-08-01 00:00:07,TR-103,LT-003,233.07,10.996,2.461,0.96,49.955,2.53,NORMAL
3658,2026-08-01 01:00:57,TR-101,LT-004,221.65,10.185,2.068,0.916,50.087,0.42,NORMAL
6412,2026-08-01 01:46:51,TR-102,LT-006,229.61,6.871,1.486,0.942,49.97,2.97,NORMAL
9165,2026-08-01 00:19:24,TR-104,LT-002,182.31,8.266,1.335,0.886,50.038,16.22,WARNING
4875,2026-08-01 01:21:14,TR-102,LT-004,227.57,5.454,1.221,0.984,49.876,2.58,NORMAL
4403,2026-08-01 01:13:22,TR-103,LT-006,226.48,7.6,1.705,0.99,50.1,0.99,NORMAL
8917,2026-08-01 00:15:16,TR-102,LT-001,196.55,10.575,1.823,0.877,50.051,7.51,WARNING
5547,2026-08-01 01:32:26,TR-103,LT-005,238.14,5.833,1.356,0.976,49.969,0.54,NORMAL
5298,2026-08-01 01:28:17,TR-101,LT-005,233.04,10.137,2.165,0.916,49.971,0.77,NORMAL
2427,2026-08-01 00:40:26,TR-103,LT-004,232.29,7.92,1.731,0.941,50.143,0.75,NORMAL
6745,2026-08-01 01:52:24,TR-104,LT-005,225.99,8.946,1.873,0.927,50.084,3.09,NORMAL
1815,2026-08-01 00:30:14,TR-104,LT-005,228.93,7.733,1.686,0.952,49.905,0.95,NORMAL
6823,2026-08-01 01:53:42,TR-101,LT-002,226.53,9.65,2.099,0.96,49.938,2.93,NORMAL
9626,2026-08-01 00:07:05,TR-104,LT-004,86.63,0.183,0.007,0.426,49.962,45.29,POSSIBLE_BROKEN_LT
2275,2026-08-01 00:37:54,TR-102,LT-001,225.65,6.479,1.369,0.937,49.962,0.75,NORMAL
1012,2026-08-01 00:16:51,TR-103,LT-002,230.79,5.403,1.168,0.937,50.006,3.29,NORMAL
1578,2026-08-01 00:26:17,TR-103,LT-003,234.66,9.506,2.114,0.947,49.968,3.91,NORMAL
7265,2026-08-01 02:01:04,TR-104,LT-003,229.41,8.615,1.792,0.907,49.964,3.36,NORMAL
1068,2026-08-01 00:17:47,TR-104,LT-004,234.64,9.147,2.029,0.945,49.937,1.58,NORMAL
1992,2026-08-01 00:33:11,TR-102,LT-003,233.02,8.383,1.886,0.966,49.834,1.29,NORMAL
3971,2026-08-01 01:06:10,TR-102,LT-006,228.41,8.525,1.883,0.967,50.142,0.71,NORMAL
9074,2026-08-01 00:17:53,TR-101,LT-004,195.44,7.814,1.319,0.864,49.981,13.71,WARNING
5880,2026-08-01 01:37:59,TR-104,LT-001,231.29,6.975,1.49,0.923,49.994,2.78,NORMAL
8431,2026-08-01 00:07:10,TR-102,LT-002,173.24,13.578,1.726,0.734,50.048,3.3,WARNING
4543,2026-08-01 01:15:42,TR-104,LT-006,222.72,7.353,1.554,0.949,50.122,1.58,NORMAL
9327,2026-08-01 00:02:06,TR-103,LT-005,33.01,0.33,0.006,0.537,49.986,33.82,POSSIBLE_BROKEN_LT
7194,2026-08-01 01:59:53,TR-102,LT-004,233.96,9.589,2.113,0.942,49.969,2.28,NORMAL
3868,2026-08-01 01:04:27,TR-103,LT-001,236.61,3.551,0.747,0.889,50.107,1.83,NORMAL
9416,2026-08-01 00:03:35,TR-103,LT-006,85.98,0.14,0.006,0.52,49.99,16.86,POSSIBLE_BROKEN_LT
6824,2026-08-01 01:53:43,TR-104,LT-003,232.23,8.964,1.996,0.959,49.978,1.49,NORMAL
3049,2026-08-01 00:50:48,TR-103,LT-002,231.7,7.627,1.737,0.983,50.017,0.53,NORMAL
782,2026-08-01 00:13:01,TR-101,LT-002,224.66,9.912,2.101,0.944,49.997,1.96,NORMAL
6748,2026-08-01 01:52:27,TR-104,LT-005,232.07,3.162,0.665,0.906,49.977,1.34,NORMAL
2676,2026-08-01 00:44:35,TR-103,LT-004,222.15,6.979,1.46,0.942,49.896,0.89,NORMAL
1750,2026-08-01 00:29:09,TR-102,LT-004,234.0,10.305,2.296,0.952,49.895,1.43,NORMAL
6223,2026-08-01 01:43:42,TR-101,LT-006,229.65,9.846,2.258,0.999,49.98,1.82,NORMAL
7947,2026-08-01 02:12:26,TR-101,LT-001,234.48,10.32,2.334,0.964,50.059,2.52,NORMAL
2792,2026-08-01 00:46:31,TR-103,LT-004,227.77,7.006,1.561,0.978,49.999,3.14,NORMAL
6520,2026-08-01 01:48:39,TR-102,LT-005,231.36,9.877,2.215,0.969,50.127,1.88,NORMAL
5775,2026-08-01 01:36:14,TR-104,LT-005,231.23,7.674,1.746,0.984,50.077,1.01,NORMAL
6358,2026-08-01 01:45:57,TR-104,LT-003,223.82,8.604,1.869,0.971,50.094,2.64,NORMAL
4980,2026-08-01 01:22:59,TR-103,LT-001,221.12,6.243,1.247,0.903,49.939,2.09,NORMAL
7589,2026-08-01 02:06:28,TR-104,LT-004,231.59,5.816,1.251,0.929,49.909,3.42,NORMAL
1092,2026-08-01 00:18:11,TR-104,LT-005,229.85,7.305,1.6,0.953,49.986,2.5,NORMAL
6527,2026-08-01 01:48:46,TR-103,LT-006,228.64,8.083,1.759,0.952,49.939,2.18,NORMAL
9608,2026-08-01 00:06:47,TR-104,LT-006,35.82,0.174,0.003,0.513,50.042,16.31,POSSIBLE_BROKEN_LT
4628,2026-08-01 01:17:07,TR-104,LT-006,227.07,7.328,1.53,0.919,50.194,1.0,NORMAL
2325,2026-08-01 00:38:44,TR-103,LT-001,229.98,8.365,1.803,0.937,50.075,2.83,NORMAL
6535,2026-08-01 01:48:54,TR-104,LT-003,227.26,7.538,1.589,0.928,49.94,1.51,NORMAL
8972,2026-08-01 00:16:11,TR-104,LT-005,188.46,9.015,1.484,0.874,50.17,1.51,WARNING
5056,2026-08-01 01:24:15,TR-104,LT-004,225.51,7.961,1.768,0.985,49.987,4.27,NORMAL
2609,2026-08-01 00:43:28,TR-101,LT-004,233.59,10.269,2.332,0.972,50.003,1.9,NORMAL
9021,2026-08-01 00:17:00,TR-102,LT-003,194.14,9.559,1.568,0.845,49.979,20.24,WARNING
2291,2026-08-01 00:38:10,TR-103,LT-003,236.96,6.003,1.356,0.953,50.104,1.12,NORMAL
1728,2026-08-01 00:28:47,TR-101,LT-004,233.23,5.25,1.174,0.959,50.061,1.85,NORMAL
611,2026-08-01 00:10:10,TR-103,LT-006,232.62,7.082,1.64,0.996,49.954,0.5,NORMAL
4667,2026-08-01 01:17:46,TR-101,LT-002,227.43,8.273,1.74,0.925,50.037,2.1,NORMAL
8052,2026-08-01 00:00:51,TR-104,LT-003,179.58,11.141,1.617,0.808,49.986,17.08,WARNING
5414,2026-08-01 01:30:13,TR-104,LT-001,233.5,9.989,2.132,0.914,49.975,3.49,NORMAL
344,2026-08-01 00:05:43,TR-102,LT-005,227.97,5.34,1.174,0.964,49.943,2.29,NORMAL
4684,2026-08-01 01:18:03,TR-103,LT-001,227.2,4.846,1.07,0.972,49.941,0.85,NORMAL
8785,2026-08-01 00:13:04,TR-103,LT-001,191.95,8.953,1.384,0.805,50.053,24.31,WARNING
3751,2026-08-01 01:02:30,TR-104,LT-006,227.66,9.293,2.031,0.96,49.891,3.78,NORMAL
8454,2026-08-01 00:07:33,TR-101,LT-006,185.79,7.848,1.225,0.84,49.899,11.34,WARNING
9308,2026-08-01 00:01:47,TR-101,LT-003,49.44,0.518,0.011,0.418,49.965,31.28,POSSIBLE_BROKEN_LT
6000,2026-08-01 01:39:59,TR-102,LT-002,225.32,8.214,1.756,0.949,49.912,1.77,NORMAL
3216,2026-08-01 00:53:35,TR-101,LT-001,237.13,10.224,2.255,0.93,49.965,1.59,NORMAL
98,2026-08-01 00:01:37,TR-104,LT-003,231.04,10.325,2.386,1.0,50.001,3.46,NORMAL
7388,2026-08-01 02:03:07,TR-104,LT-004,231.26,9.59,2.024,0.913,50.018,3.56,NORMAL
7666,2026-08-01 02:07:45,TR-104,LT-005,232.57,9.802,2.053,0.901,50.093,0.05,NORMAL
5177,2026-08-01 01:26:16,TR-101,LT-006,224.79,7.599,1.659,0.971,50.107,2.55,NORMAL
7280,2026-08-01 02:01:19,TR-102,LT-002,233.08,8.481,1.852,0.937,50.088,2.14,NORMAL
6166,2026-08-01 01:42:45,TR-103,LT-001,227.55,8.406,1.845,0.965,50.139,0.27,NORMAL
1538,2026-08-01 00:25:37,TR-103,LT-005,227.87,10.037,2.207,0.965,50.061,1.84,NORMAL
3589,2026-08-01 00:59:48,TR-104,LT-005,234.96,7.385,1.73,0.997,50.038,2.23,NORMAL
9443,2026-08-01 00:04:02,TR-101,LT-002,105.62,0.595,0.016,0.259,49.873,34.29,POSSIBLE_BROKEN_LT
6986,2026-08-01 01:56:25,TR-104,LT-003,227.78,8.02,1.685,0.922,50.07,2.81,NORMAL
3649,2026-08-01 01:00:48,TR-101,LT-003,233.13,8.416,1.883,0.96,49.99,2.29,NORMAL
2658,2026-08-01 00:44:17,TR-102,LT-003,233.56,6.227,1.385,0.952,50.054,1.56,NORMAL
9827,2026-08-01 00:10:26,TR-102,LT-004,55.68,0.321,0.007,0.406,50.072,47.22,POSSIBLE_BROKEN_LT
1518,2026-08-01 00:25:17,TR-104,LT-004,232.52,10.381,2.311,0.957,49.936,1.62,NORMAL
5062,2026-08-01 01:24:21,TR-102,LT-003,234.19,12.341,2.651,0.917,50.008,2.62,NORMAL
9350,2026-08-01 00:02:29,TR-102,LT-002,52.55,0.17,0.003,0.319,50.056,41.01,POSSIBLE_BROKEN_LT
4625,2026-08-01 01:17:04,TR-101,LT-002,231.43,3.328,0.72,0.935,50.026,0.13,NORMAL
4273,2026-08-01 01:11:12,TR-101,LT-005,224.57,7.678,1.656,0.961,49.935,1.5,NORMAL
3670,2026-08-01 01:01:09,TR-104,LT-003,231.35,4.633,0.985,0.919,50.005,2.39,NORMAL
6567,2026-08-01 01:49:26,TR-102,LT-006,235.9,6.555,1.388,0.897,49.939,1.59,NORMAL
5801,2026-08-01 01:36:40,TR-102,LT-003,231.18,8.222,1.763,0.928,49.988,2.85,NORMAL
2091,2026-08-01 00:34:50,TR-103,LT-003,231.31,7.122,1.587,0.963,50.065,2.65,NORMAL
7098,2026-08-01 01:58:17,TR-103,LT-006,229.75,9.508,2.041,0.934,49.996,1.82,NORMAL
6172,2026-08-01 01:42:51,TR-101,LT-004,230.53,10.918,2.285,0.908,49.921,2.62,NORMAL
573,2026-08-01 00:09:32,TR-104,LT-005,231.31,8.821,1.989,0.975,50.021,1.89,NORMAL
9559,2026-08-01 00:05:58,TR-103,LT-001,96.43,0.216,0.009,0.412,50.14,37.92,POSSIBLE_BROKEN_LT
4689,2026-08-01 01:18:08,TR-101,LT-003,224.23,10.345,2.213,0.954,50.001,0.46,NORMAL
9075,2026-08-01 00:17:54,TR-101,LT-001,144.73,14.998,1.592,0.733,50.086,4.37,WARNING
3063,2026-08-01 00:51:02,TR-103,LT-006,229.63,4.422,0.957,0.942,49.912,0.89,NORMAL
9294,2026-08-01 00:01:33,TR-104,LT-005,68.15,0.282,0.008,0.419,50.052,33.81,POSSIBLE_BROKEN_LT
6471,2026-08-01 01:47:50,TR-103,LT-004,230.15,9.919,2.006,0.879,49.983,1.76,NORMAL
7161,2026-08-01 01:59:20,TR-102,LT-006,231.09,6.32,1.382,0.946,49.882,3.1,NORMAL
6634,2026-08-01 01:50:33,TR-101,LT-004,226.95,6.936,1.465,0.93,49.94,3.6,NORMAL
8492,2026-08-01 00:08:11,TR-103,LT-002,177.64,13.356,1.908,0.804,50.08,7.59,WARNING
7926,2026-08-01 02:12:05,TR-104,LT-001,232.4,7.01,1.51,0.927,49.89,1.39,NORMAL
7346,2026-08-01 02:02:25,TR-103,LT-002,225.93,9.474,2.035,0.951,49.938,1.92,NORMAL
6305,2026-08-01 01:45:04,TR-104,LT-004,222.21,7.33,1.467,0.901,49.928,1.02,NORMAL
7901,2026-08-01 02:11:40,TR-104,LT-004,224.05,9.12,1.892,0.926,49.805,0.64,NORMAL
9440,2026-08-01 00:03:59,TR-103,LT-001,99.54,0.194,0.011,0.567,49.98,37.89,POSSIBLE_BROKEN_LT
8186,2026-08-01 00:03:05,TR-101,LT-005,159.54,7.871,1.036,0.825,49.974,12.04,WARNING
4480,2026-08-01 01:14:39,TR-103,LT-001,234.22,4.444,0.949,0.911,50.115,3.32,NORMAL
4949,2026-08-01 01:22:28,TR-101,LT-002,228.46,11.967,2.541,0.93,49.98,2.37,NORMAL
5977,2026-08-01 01:39:36,TR-101,LT-002,236.61,9.761,2.15,0.931,49.987,3.72,NORMAL
371,2026-08-01 00:06:10,TR-101,LT-001,230.1,7.228,1.598,0.961,49.932,2.21,NORMAL
1939,2026-08-01 00:32:18,TR-101,LT-003,234.34,5.474,1.239,0.966,49.889,3.85,NORMAL
2353,2026-08-01 00:39:12,TR-104,LT-006,232.73,7.732,1.715,0.953,49.881,2.2,NORMAL
7128,2026-08-01 01:58:47,TR-103,LT-003,232.5,8.533,1.801,0.908,49.966,1.55,NORMAL
1754,2026-08-01 00:29:13,TR-102,LT-001,222.68,8.673,1.85,0.958,50.019,2.5,NORMAL
3671,2026-08-01 01:01:10,TR-102,LT-002,234.12,4.773,1.009,0.903,50.196,1.88,NORMAL
7299,2026-08-01 02:01:38,TR-101,LT-006,227.14,3.401,0.703,0.91,50.029,2.12,NORMAL
3653,2026-08-01 01:00:52,TR-103,LT-004,231.78,8.534,1.883,0.952,50.087,2.61,NORMAL
5202,2026-08-01 01:26:41,TR-104,LT-005,227.96,10.921,2.273,0.913,49.945,3.06,NORMAL
7910,2026-08-01 02:11:49,TR-101,LT-005,233.13,7.701,1.671,0.931,49.991,0.23,NORMAL
2362,2026-08-01 00:39:21,TR-101,LT-006,224.59,6.538,1.368,0.932,49.877,2.71,NORMAL
4261,2026-08-01 01:11:00,TR-104,LT-002,233.99,4.105,0.907,0.944,50.01,0.58,NORMAL
5433,2026-08-01 01:30:32,TR-104,LT-001,230.43,8.695,1.84,0.918,50.01,0.86,NORMAL
6286,2026-08-01 01:44:45,TR-104,LT-001,227.54,3.97,0.863,0.955,49.771,0.03,NORMAL
4992,2026-08-01 01:23:11,TR-104,LT-002,232.73,6.82,1.476,0.93,50.016,3.29,NORMAL
7601,2026-08-01 02:06:40,TR-104,LT-005,229.48,8.461,1.786,0.92,50.144,1.9,NORMAL
9463,2026-08-01 00:04:22,TR-103,LT-004,62.59,0.677,0.02,0.478,50.027,42.89,POSSIBLE_BROKEN_LT
3738,2026-08-01 01:02:17,TR-101,LT-002,229.36,11.906,2.627,0.962,49.884,3.66,NORMAL
7521,2026-08-01 02:05:20,TR-102,LT-005,233.94,8.014,1.803,0.962,49.883,1.25,NORMAL
8560,2026-08-01 00:09:19,TR-102,LT-005,204.67,12.09,1.763,0.713,50.16,19.55,WARNING
8927,2026-08-01 00:15:26,TR-102,LT-004,186.57,9.977,1.62,0.87,50.095,1.77,WARNING
9991,2026-08-01 00:13:10,TR-102,LT-004,82.52,0.368,0.013,0.434,49.958,31.21,POSSIBLE_BROKEN_LT
5592,2026-08-01 01:33:11,TR-104,LT-001,228.98,11.033,2.249,0.89,49.983,0.6,NORMAL
1172,2026-08-01 00:19:31,TR-104,LT-004,231.12,8.089,1.796,0.96,49.921,2.77,NORMAL
7371,2026-08-01 02:02:50,TR-103,LT-002,230.84,5.303,1.192,0.973,50.083,2.42,NORMAL
7938,2026-08-01 02:12:17,TR-104,LT-004,239.68,8.802,1.924,0.912,50.058,0.14,NORMAL
8087,2026-08-01 00:01:26,TR-103,LT-002,160.3,13.53,1.893,0.873,50.044,3.09,WARNING
1423,2026-08-01 00:23:42,TR-101,LT-002,228.54,8.584,1.841,0.938,49.982,4.24,NORMAL
6783,2026-08-01 01:53:02,TR-101,LT-004,230.23,7.915,1.765,0.968,50.095,2.66,NORMAL
9444,2026-08-01 00:04:03,TR-102,LT-001,46.41,0.376,0.011,0.625,50.123,45.24,POSSIBLE_BROKEN_LT
8140,2026-08-01 00:02:19,TR-104,LT-006,178.98,11.03,1.685,0.854,49.888,10.0,WARNING
9351,2026-08-01 00:02:30,TR-101,LT-002,73.65,0.415,0.009,0.297,49.862,46.89,POSSIBLE_BROKEN_LT
8019,2026-08-01 00:00:18,TR-101,LT-002,183.25,11.162,1.787,0.874,49.979,14.37,WARNING
6340,2026-08-01 01:45:39,TR-103,LT-005,229.82,10.392,2.148,0.899,50.014,3.3,NORMAL
9648,2026-08-01 00:07:27,TR-104,LT-006,82.42,0.439,0.021,0.59,49.98,64.08,POSSIBLE_BROKEN_LT
875,2026-08-01 00:14:34,TR-101,LT-005,229.87,8.927,1.814,0.884,49.941,1.56,NORMAL
2298,2026-08-01 00:38:17,TR-103,LT-002,235.61,11.149,2.51,0.956,49.94,2.72,NORMAL
2644,2026-08-01 00:44:03,TR-104,LT-001,227.39,7.584,1.63,0.946,50.122,3.14,NORMAL
7532,2026-08-01 02:05:31,TR-103,LT-002,232.47,10.127,2.176,0.924,50.146,1.47,NORMAL
1720,2026-08-01 00:28:39,TR-104,LT-004,228.26,6.774,1.48,0.957,49.968,3.31,NORMAL
5348,2026-08-01 01:29:07,TR-102,LT-005,221.2,6.837,1.425,0.942,50.021,0.76,NORMAL
5933,2026-08-01 01:38:52,TR-101,LT-006,230.41,6.494,1.448,0.968,49.94,1.84,NORMAL
841,2026-08-01 00:14:00,TR-101,LT-002,229.8,6.587,1.342,0.886,50.009,2.05,NORMAL
9938,2026-08-01 00:12:17,TR-101,LT-003,85.09,0.48,0.018,0.438,50.005,30.9,POSSIBLE_BROKEN_LT
582,2026-08-01 00:09:41,TR-103,LT-002,228.34,6.764,1.473,0.954,50.01,1.79,NORMAL
205,2026-08-01 00:03:24,TR-103,LT-002,224.49,7.203,1.523,0.942,50.003,1.29,NORMAL
1642,2026-08-01 00:27:21,TR-102,LT-006,235.65,8.748,1.92,0.931,49.999,3.25,NORMAL
2015,2026-08-01 00:33:34,TR-102,LT-002,233.32,9.646,2.105,0.935,50.097,2.0,NORMAL
3254,2026-08-01 00:54:13,TR-104,LT-005,234.23,9.359,2.045,0.933,49.923,0.15,NORMAL
7541,2026-08-01 02:05:40,TR-102,LT-004,232.44,6.476,1.43,0.95,50.078,2.1,NORMAL
906,2026-08-01 00:15:05,TR-104,LT-005,230.19,6.469,1.46,0.981,49.961,0.37,NORMAL
632,2026-08-01 00:10:31,TR-104,LT-002,236.12,7.423,1.66,0.947,50.027,2.95,NORMAL
8421,2026-08-01 00:07:00,TR-101,LT-002,200.07,8.024,1.47,0.916,49.855,10.16,WARNING
7824,2026-08-01 02:10:23,TR-101,LT-006,231.14,5.236,1.122,0.927,49.891,1.14,NORMAL
1975,2026-08-01 00:32:54,TR-101,LT-003,229.93,11.031,2.375,0.936,50.083,1.93,NORMAL
163,2026-08-01 00:02:42,TR-101,LT-001,234.63,9.582,2.025,0.901,49.856,2.48,NORMAL
4999,2026-08-01 01:23:18,TR-101,LT-004,233.23,11.086,2.444,0.945,50.048,3.86,NORMAL
1244,2026-08-01 00:20:43,TR-104,LT-005,225.94,5.787,1.281,0.98,49.958,2.97,NORMAL
9451,2026-08-01 00:04:10,TR-102,LT-003,83.86,0.01,0.0,0.296,50.088,30.43,POSSIBLE_BROKEN_LT
7765,2026-08-01 02:09:24,TR-103,LT-006,235.87,11.019,2.369,0.911,49.855,1.7,NORMAL
4714,2026-08-01 01:18:33,TR-104,LT-001,231.43,9.734,2.149,0.954,50.013,1.64,NORMAL
876,2026-08-01 00:14:35,TR-103,LT-001,237.18,7.334,1.624,0.933,49.926,1.87,NORMAL
1432,2026-08-01 00:23:51,TR-103,LT-003,233.26,6.34,1.451,0.981,50.15,2.2,NORMAL
8739,2026-08-01 00:12:18,TR-101,LT-006,190.34,5.819,0.976,0.881,49.865,3.57,WARNING
6869,2026-08-01 01:54:28,TR-101,LT-006,227.89,9.71,2.038,0.921,49.977,0.87,NORMAL
4644,2026-08-01 01:17:23,TR-102,LT-001,235.56,10.098,2.31,0.971,50.056,3.81,NORMAL
5081,2026-08-01 01:24:40,TR-103,LT-003,226.03,10.059,2.232,0.982,49.967,2.2,NORMAL
5784,2026-08-01 01:36:23,TR-101,LT-002,238.39,7.897,1.754,0.932,50.013,2.54,NORMAL
9139,2026-08-01 00:18:58,TR-102,LT-002,183.22,9.689,1.605,0.904,49.844,7.34,WARNING
7617,2026-08-01 02:06:56,TR-101,LT-004,230.65,7.226,1.602,0.961,50.065,2.69,NORMAL
8040,2026-08-01 00:00:39,TR-104,LT-001,172.01,7.207,0.98,0.79,49.974,18.42,WARNING
7956,2026-08-01 02:12:35,TR-104,LT-002,238.4,9.258,2.092,0.948,50.018,1.6,NORMAL
9438,2026-08-01 00:03:57,TR-102,LT-006,51.23,0.742,0.017,0.437,50.057,20.93,POSSIBLE_BROKEN_LT
2857,2026-08-01 00:47:36,TR-103,LT-004,227.13,8.64,1.778,0.906,50.003,3.08,NORMAL
1862,2026-08-01 00:31:01,TR-101,LT-002,233.24,8.945,1.949,0.934,50.116,0.84,NORMAL
2660,2026-08-01 00:44:19,TR-101,LT-001,232.21,5.643,1.221,0.932,49.973,1.25,NORMAL
3385,2026-08-01 00:56:24,TR-103,LT-005,234.42,7.594,1.718,0.965,49.997,0.64,NORMAL
9565,2026-08-01 00:06:04,TR-103,LT-002,76.77,0.324,0.014,0.565,49.914,20.22,POSSIBLE_BROKEN_LT
9777,2026-08-01 00:09:36,TR-103,LT-002,67.61,0.248,0.007,0.44,50.0,23.55,POSSIBLE_BROKEN_LT
8091,2026-08-01 00:01:30,TR-104,LT-005,178.03,10.865,1.556,0.805,50.012,14.71,WARNING
8348,2026-08-01 00:05:47,TR-104,LT-001,194.81,13.645,2.244,0.844,50.011,5.78,WARNING
7463,2026-08-01 02:04:22,TR-103,LT-001,225.28,9.176,2.002,0.969,49.999,1.4,NORMAL
6887,2026-08-01 01:54:46,TR-102,LT-005,224.09,7.7,1.618,0.938,49.877,2.0,NORMAL
4734,2026-08-01 01:18:53,TR-104,LT-002,231.89,12.081,2.775,0.991,50.062,2.15,NORMAL
3332,2026-08-01 00:55:31,TR-101,LT-001,223.82,8.684,1.795,0.924,49.99,1.72,NORMAL
9007,2026-08-01 00:16:46,TR-103,LT-005,168.69,15.619,2.488,0.944,49.899,0.67,WARNING
8636,2026-08-01 00:10:35,TR-101,LT-002,171.34,12.227,1.583,0.756,50.031,8.42,WARNING
6405,2026-08-01 01:46:44,TR-102,LT-002,232.09,6.649,1.509,0.978,50.003,1.45,NORMAL
8347,2026-08-01 00:05:46,TR-101,LT-004,202.47,6.948,1.095,0.779,50.058,11.25,WARNING
9465,2026-08-01 00:04:24,TR-102,LT-004,55.82,0.524,0.016,0.545,50.078,37.21,POSSIBLE_BROKEN_LT
7061,2026-08-01 01:57:40,TR-103,LT-003,236.14,11.172,2.477,0.939,50.083,0.79,NORMAL
2097,2026-08-01 00:34:56,TR-102,LT-006,232.68,9.346,2.075,0.954,50.055,2.12,NORMAL
2004,2026-08-01 00:33:23,TR-102,LT-002,228.77,8.221,1.74,0.925,49.841,2.15,NORMAL
8805,2026-08-01 00:13:24,TR-103,LT-006,166.14,10.656,1.379,0.779,49.968,7.85,WARNING
9733,2026-08-01 00:08:52,TR-103,LT-005,57.67,0.296,0.009,0.551,49.94,48.19,POSSIBLE_BROKEN_LT
4677,2026-08-01 01:17:56,TR-101,LT-001,232.77,9.295,2.003,0.926,49.889,2.53,NORMAL
5018,2026-08-01 01:23:37,TR-102,LT-005,238.17,10.15,2.294,0.949,50.06,1.64,NORMAL
7470,2026-08-01 02:04:29,TR-103,LT-001,232.49,6.241,1.384,0.954,50.089,0.62,NORMAL
547,2026-08-01 00:09:06,TR-104,LT-001,232.31,8.163,1.753,0.924,49.985,1.95,NORMAL
1450,2026-08-01 00:24:09,TR-103,LT-006,230.09,9.48,2.06,0.945,50.091,2.16,NORMAL
3987,2026-08-01 01:06:26,TR-101,LT-006,232.21,8.155,1.728,0.912,50.036,2.27,NORMAL
6901,2026-08-01 01:55:00,TR-101,LT-004,233.79,6.903,1.533,0.95,50.014,1.94,NORMAL
2611,2026-08-01 00:43:30,TR-104,LT-004,232.61,7.593,1.634,0.925,49.978,2.52,NORMAL
1901,2026-08-01 00:31:40,TR-104,LT-004,232.79,9.869,2.124,0.925,50.065,1.5,NORMAL
3921,2026-08-01 01:05:20,TR-104,LT-001,237.42,9.429,1.996,0.892,49.938,4.89,NORMAL
2758,2026-08-01 00:45:57,TR-102,LT-003,226.97,7.757,1.605,0.912,50.068,2.05,NORMAL
6125,2026-08-01 01:42:04,TR-101,LT-004,236.12,12.287,2.727,0.94,50.067,3.4,NORMAL
6398,2026-08-01 01:46:37,TR-101,LT-002,224.86,5.766,1.254,0.967,49.994,1.67,NORMAL
1886,2026-08-01 00:31:25,TR-104,LT-005,231.12,5.811,1.269,0.945,50.198,1.95,NORMAL
9824,2026-08-01 00:10:23,TR-101,LT-006,59.91,0.289,0.013,0.736,50.101,25.88,POSSIBLE_BROKEN_LT
5739,2026-08-01 01:35:38,TR-104,LT-004,227.49,7.815,1.694,0.953,50.031,1.53,NORMAL
8668,2026-08-01 00:11:07,TR-101,LT-004,188.2,7.669,1.345,0.932,50.045,10.13,WARNING
5891,2026-08-01 01:38:10,TR-104,LT-005,229.09,9.412,2.036,0.944,50.105,2.76,NORMAL
2098,2026-08-01 00:34:57,TR-101,LT-004,225.71,8.61,1.772,0.912,50.07,2.23,NORMAL
9290,2026-08-01 00:01:29,TR-104,LT-002,58.35,0.225,0.004,0.306,50.012,22.09,POSSIBLE_BROKEN_LT
5693,2026-08-01 01:34:52,TR-102,LT-002,231.33,11.599,2.683,1.0,49.898,0.53,NORMAL
500,2026-08-01 00:08:19,TR-104,LT-001,224.47,10.128,2.195,0.966,50.165,2.75,NORMAL
5625,2026-08-01 01:33:44,TR-101,LT-003,236.86,6.817,1.493,0.924,50.12,1.86,NORMAL
837,2026-08-01 00:13:56,TR-104,LT-001,236.2,6.908,1.555,0.953,49.996,2.14,NORMAL
3472,2026-08-01 00:57:51,TR-102,LT-003,229.68,7.751,1.667,0.937,49.922,1.68,NORMAL
4698,2026-08-01 01:18:17,TR-102,LT-003,235.09,7.733,1.767,0.972,49.972,1.66,NORMAL
6281,2026-08-01 01:44:40,TR-101,LT-002,230.45,4.831,1.07,0.961,49.894,1.77,NORMAL
8884,2026-08-01 00:14:43,TR-104,LT-001,188.21,13.447,2.187,0.864,49.973,11.27,WARNING
2172,2026-08-01 00:36:11,TR-101,LT-005,229.7,9.82,2.151,0.953,49.955,3.34,NORMAL
9232,2026-08-01 00:00:31,TR-101,LT-005,85.87,0.185,0.009,0.548,50.003,23.2,POSSIBLE_BROKEN_LT
5679,2026-08-01 01:34:38,TR-101,LT-001,231.44,10.819,2.462,0.983,49.923,0.43,NORMAL
9185,2026-08-01 00:19:44,TR-104,LT-004,182.7,16.058,2.553,0.87,50.082,18.34,WARNING
399,2026-08-01 00:06:38,TR-102,LT-004,229.54,9.353,2.067,0.963,50.001,1.31,NORMAL
2011,2026-08-01 00:33:30,TR-102,LT-002,223.57,9.844,2.118,0.963,49.918,3.0,NORMAL
5167,2026-08-01 01:26:06,TR-104,LT-002,227.99,9.299,2.025,0.955,50.085,1.13,NORMAL
5872,2026-08-01 01:37:51,TR-101,LT-003,230.83,8.386,1.801,0.93,49.984,0.03,NORMAL
9793,2026-08-01 00:09:52,TR-104,LT-002,93.3,0.572,0.021,0.399,50.077,42.95,POSSIBLE_BROKEN_LT
1284,2026-08-01 00:21:23,TR-103,LT-001,233.83,9.404,1.99,0.905,50.118,1.92,NORMAL
8391,2026-08-01 00:06:30,TR-101,LT-004,209.64,11.725,2.096,0.852,50.125,7.3,WARNING
2449,2026-08-01 00:40:48,TR-101,LT-002,226.86,7.319,1.594,0.96,49.968,1.97,NORMAL
4257,2026-08-01 01:10:56,TR-102,LT-003,226.66,9.632,2.072,0.949,50.081,2.73,NORMAL
1837,2026-08-01 00:30:36,TR-103,LT-006,225.43,10.05,2.155,0.951,50.116,0.67,NORMAL
9597,2026-08-01 00:06:36,TR-102,LT-003,110.06,0.523,0.023,0.405,50.098,49.19,POSSIBLE_BROKEN_LT
1020,2026-08-01 00:16:59,TR-104,LT-002,231.7,9.332,2.041,0.944,49.959,0.64,NORMAL
5067,2026-08-01 01:24:26,TR-104,LT-001,230.13,12.797,2.9,0.985,49.992,0.54,NORMAL
1327,2026-08-01 00:22:06,TR-101,LT-005,226.24,6.405,1.342,0.926,50.04,1.09,NORMAL
8753,2026-08-01 00:12:32,TR-102,LT-006,140.92,9.252,1.091,0.837,49.991,14.72,WARNING
476,2026-08-01 00:07:55,TR-103,LT-006,229.0,6.846,1.467,0.936,49.904,2.66,NORMAL
2811,2026-08-01 00:46:50,TR-103,LT-003,229.53,6.574,1.435,0.951,49.926,0.17,NORMAL
8633,2026-08-01 00:10:32,TR-104,LT-002,179.29,8.839,1.3,0.82,50.014,9.71,WARNING
1652,2026-08-01 00:27:31,TR-101,LT-001,231.3,9.354,2.09,0.966,50.038,2.43,NORMAL
9612,2026-08-01 00:06:51,TR-101,LT-002,73.11,0.466,0.016,0.465,49.935,44.35,POSSIBLE_BROKEN_LT
1170,2026-08-01 00:19:29,TR-101,LT-004,233.41,8.684,1.921,0.948,50.116,1.53,NORMAL
2529,2026-08-01 00:42:08,TR-103,LT-004,238.23,10.261,2.194,0.898,49.946,2.1,NORMAL
1207,2026-08-01 00:20:06,TR-103,LT-004,227.19,10.105,2.252,0.981,49.917,2.09,NORMAL
6257,2026-08-01 01:44:16,TR-103,LT-006,235.56,9.682,2.109,0.925,50.042,2.16,NORMAL
7927,2026-08-01 02:12:06,TR-102,LT-006,226.38,6.075,1.263,0.919,50.021,2.42,NORMAL
5470,2026-08-01 01:31:09,TR-103,LT-002,230.5,8.905,1.879,0.915,50.01,0.86,NORMAL
9384,2026-08-01 00:03:03,TR-104,LT-006,55.9,0.591,0.019,0.582,50.06,38.38,POSSIBLE_BROKEN_LT
432,2026-08-01 00:07:11,TR-101,LT-004,221.84,7.842,1.7,0.977,49.91,0.88,NORMAL
7701,2026-08-01 02:08:20,TR-104,LT-003,233.57,8.636,1.988,0.986,50.03,1.22,NORMAL
868,2026-08-01 00:14:27,TR-103,LT-003,231.34,6.305,1.359,0.931,50.147,2.01,NORMAL
2975,2026-08-01 00:49:34,TR-104,LT-002,233.65,6.063,1.38,0.974,49.957,1.89,NORMAL
5237,2026-08-01 01:27:16,TR-104,LT-004,224.41,3.675,0.791,0.96,49.862,2.73,NORMAL
5094,2026-08-01 01:24:53,TR-104,LT-002,236.82,5.727,1.326,0.978,49.91,4.38,NORMAL
5434,2026-08-01 01:30:33,TR-102,LT-003,228.62,8.812,1.816,0.902,50.005,2.19,NORMAL
542,2026-08-01 00:09:01,TR-103,LT-004,225.48,5.276,1.164,0.979,50.031,1.34,NORMAL
5196,2026-08-01 01:26:35,TR-101,LT-006,228.29,5.035,1.039,0.904,49.967,2.11,NORMAL
1133,2026-08-01 00:18:52,TR-102,LT-004,236.45,8.488,1.887,0.94,50.01,1.47,NORMAL
9838,2026-08-01 00:10:37,TR-103,LT-002,65.17,0.398,0.009,0.331,50.222,30.98,POSSIBLE_BROKEN_LT
4502,2026-08-01 01:15:01,TR-102,LT-006,224.59,5.964,1.283,0.958,49.911,1.73,NORMAL
6355,2026-08-01 01:45:54,TR-102,LT-002,221.69,6.769,1.383,0.921,49.902,1.39,NORMAL
9334,2026-08-01 00:02:13,TR-102,LT-002,76.72,0.313,0.012,0.488,50.062,48.47,POSSIBLE_BROKEN_LT
3391,2026-08-01 00:56:30,TR-102,LT-002,223.69,5.239,1.167,0.996,49.912,2.79,NORMAL
3889,2026-08-01 01:04:48,TR-104,LT-006,230.57,7.638,1.646,0.935,50.009,2.41,NORMAL
2963,2026-08-01 00:49:22,TR-102,LT-004,227.88,6.504,1.38,0.931,49.955,0.54,NORMAL
4156,2026-08-01 01:09:15,TR-101,LT-001,229.13,6.1,1.353,0.968,49.847,0.11,NORMAL
3260,2026-08-01 00:54:19,TR-102,LT-001,235.75,5.873,1.284,0.927,49.959,1.64,NORMAL
6303,2026-08-01 01:45:02,TR-101,LT-003,233.84,10.951,2.466,0.963,49.982,4.15,NORMAL
6035,2026-08-01 01:40:34,TR-103,LT-006,224.29,6.956,1.524,0.977,49.993,1.47,NORMAL
7919,2026-08-01 02:11:58,TR-102,LT-001,227.24,6.827,1.404,0.905,50.175,2.03,NORMAL
9937,2026-08-01 00:12:16,TR-104,LT-003,77.16,0.098,0.004,0.535,49.929,37.87,POSSIBLE_BROKEN_LT
2584,2026-08-01 00:43:03,TR-103,LT-004,234.89,3.565,0.783,0.935,49.834,0.73,NORMAL
2814,2026-08-01 00:46:53,TR-103,LT-004,228.72,8.43,1.792,0.93,50.073,0.99,NORMAL
3960,2026-08-01 01:05:59,TR-102,LT-006,230.75,10.132,2.23,0.954,49.964,2.74,NORMAL
2948,2026-08-01 00:49:07,TR-101,LT-006,218.04,9.587,1.963,0.939,49.952,2.25,NORMAL
6644,2026-08-01 01:50:43,TR-101,LT-004,227.32,6.96,1.447,0.915,50.013,3.49,NORMAL
5175,2026-08-01 01:26:14,TR-101,LT-005,232.2,9.309,2.006,0.928,50.019,3.96,NORMAL
6842,2026-08-01 01:54:01,TR-102,LT-006,227.74,8.449,1.836,0.954,49.795,2.2,NORMAL
8299,2026-08-01 00:04:58,TR-104,LT-004,174.35,12.078,1.827,0.868,49.98,13.41,WARNING
3587,2026-08-01 00:59:46,TR-103,LT-002,227.22,6.788,1.405,0.911,50.073,2.32,NORMAL
9229,2026-08-01 00:00:28,TR-102,LT-002,96.84,0.299,0.011,0.388,50.103,38.96,POSSIBLE_BROKEN_LT
7989,2026-08-01 02:13:08,TR-104,LT-001,231.3,8.549,1.894,0.958,49.98,2.45,NORMAL
2564,2026-08-01 00:42:43,TR-102,LT-005,231.02,7.696,1.687,0.949,49.856,0.79,NORMAL
2631,2026-08-01 00:43:50,TR-102,LT-006,231.19,10.43,2.264,0.939,50.07,1.32,NORMAL
3191,2026-08-01 00:53:10,TR-104,LT-003,228.36,7.679,1.683,0.96,49.945,2.16,NORMAL
7779,2026-08-01 02:09:38,TR-103,LT-003,229.09,6.05,1.297,0.936,49.916,4.17,NORMAL
7646,2026-08-01 02:07:25,TR-104,LT-002,227.79,8.086,1.766,0.958,49.981,0.91,NORMAL
5037,2026-08-01 01:23:56,TR-101,LT-004,238.74,11.726,2.729,0.975,49.96,2.03,NORMAL
1081,2026-08-01 00:18:00,TR-101,LT-003,228.61,7.785,1.722,0.968,50.107,1.45,NORMAL
4284,2026-08-01 01:11:23,TR-101,LT-001,233.89,9.538,2.079,0.932,49.958,1.73,NORMAL
9712,2026-08-01 00:08:31,TR-101,LT-003,98.83,0.234,0.013,0.581,49.984,38.68,POSSIBLE_BROKEN_LT
7086,2026-08-01 01:58:05,TR-102,LT-002,221.58,8.029,1.652,0.929,50.023,3.74,NORMAL
2086,2026-08-01 00:34:45,TR-103,LT-002,225.12,8.351,1.758,0.935,50.175,2.58,NORMAL
6346,2026-08-01 01:45:45,TR-103,LT-001,230.3,7.508,1.698,0.982,49.991,1.64,NORMAL
2453,2026-08-01 00:40:52,TR-101,LT-006,229.73,9.831,2.08,0.921,50.115,2.65,NORMAL
4967,2026-08-01 01:22:46,TR-101,LT-002,226.24,8.958,1.9,0.937,50.147,2.99,NORMAL
2024,2026-08-01 00:33:43,TR-101,LT-001,224.76,8.13,1.727,0.945,49.923,1.76,NORMAL
8072,2026-08-01 00:01:11,TR-102,LT-006,176.07,9.669,1.436,0.844,49.932,16.32,WARNING
8988,2026-08-01 00:16:27,TR-101,LT-003,158.68,11.534,1.493,0.816,50.056,11.93,WARNING
8719,2026-08-01 00:11:58,TR-103,LT-006,198.0,10.903,1.745,0.808,50.025,7.88,WARNING
7322,2026-08-01 02:02:01,TR-102,LT-006,229.53,8.695,1.867,0.935,49.965,0.66,NORMAL
227,2026-08-01 00:03:46,TR-104,LT-004,230.26,7.135,1.619,0.986,50.039,0.92,NORMAL
1014,2026-08-01 00:16:53,TR-102,LT-002,227.24,8.298,1.756,0.931,49.973,0.92,NORMAL
6680,2026-08-01 01:51:19,TR-103,LT-005,227.8,5.898,1.245,0.927,49.989,1.56,NORMAL
1930,2026-08-01 00:32:09,TR-102,LT-006,237.83,9.095,2.008,0.928,49.924,2.02,NORMAL
1044,2026-08-01 00:17:23,TR-102,LT-006,229.85,4.349,0.939,0.94,50.008,1.65,NORMAL
5252,2026-08-01 01:27:31,TR-102,LT-003,227.85,8.194,1.728,0.925,50.072,3.2,NORMAL
1405,2026-08-01 00:23:24,TR-101,LT-004,233.98,9.247,2.017,0.932,49.957,0.86,NORMAL
2180,2026-08-01 00:36:19,TR-101,LT-001,230.03,10.237,2.293,0.974,49.944,2.75,NORMAL
698,2026-08-01 00:11:37,TR-102,LT-005,225.0,5.2,1.099,0.94,50.05,1.53,NORMAL
1125,2026-08-01 00:18:44,TR-101,LT-002,236.53,9.211,1.929,0.886,50.068,3.31,NORMAL
7379,2026-08-01 02:02:58,TR-101,LT-004,232.29,9.337,2.067,0.953,50.019,3.14,NORMAL
3896,2026-08-01 01:04:55,TR-101,LT-005,234.01,7.506,1.602,0.912,49.942,2.9,NORMAL
8218,2026-08-01 00:03:37,TR-103,LT-004,179.77,12.437,1.996,0.893,50.039,10.62,WARNING
5111,2026-08-01 01:25:10,TR-104,LT-002,228.08,10.542,2.276,0.947,50.038,0.67,NORMAL
1779,2026-08-01 00:29:38,TR-101,LT-004,228.28,9.674,2.058,0.932,49.809,4.46,NORMAL
7787,2026-08-01 02:09:46,TR-102,LT-006,230.42,5.127,1.082,0.916,50.141,3.55,NORMAL
2635,2026-08-01 00:43:54,TR-102,LT-004,236.8,8.621,1.858,0.91,50.106,2.48,NORMAL
7188,2026-08-01 01:59:47,TR-102,LT-002,238.49,9.391,2.16,0.964,49.907,1.69,NORMAL
7545,2026-08-01 02:05:44,TR-101,LT-005,234.23,6.432,1.365,0.906,49.899,1.47,NORMAL
7605,2026-08-01 02:06:44,TR-103,LT-003,231.22,6.516,1.486,0.986,49.821,1.31,NORMAL
3490,2026-08-01 00:58:09,TR-102,LT-003,223.61,10.415,2.189,0.94,49.986,2.02,NORMAL
8260,2026-08-01 00:04:19,TR-103,LT-004,151.92,9.45,1.19,0.829,49.956,16.44,WARNING
1038,2026-08-01 00:17:17,TR-102,LT-006,224.14,10.694,2.218,0.925,50.002,1.3,NORMAL
6094,2026-08-01 01:41:33,TR-104,LT-002,226.52,7.2,1.596,0.979,49.889,1.47,NORMAL
2257,2026-08-01 00:37:36,TR-101,LT-005,233.55,9.372,2.049,0.936,49.898,1.45,NORMAL
8189,2026-08-01 00:03:08,TR-103,LT-005,178.48,3.553,0.552,0.871,50.028,20.46,WARNING
2614,2026-08-01 00:43:33,TR-104,LT-002,229.97,6.64,1.491,0.976,50.133,3.12,NORMAL
314,2026-08-01 00:05:13,TR-102,LT-001,233.25,6.298,1.384,0.942,50.065,3.56,NORMAL
2650,2026-08-01 00:44:09,TR-104,LT-001,233.61,4.945,1.085,0.94,50.077,3.29,NORMAL
2282,2026-08-01 00:38:01,TR-102,LT-005,227.29,7.876,1.682,0.939,50.064,2.78,NORMAL
6742,2026-08-01 01:52:21,TR-102,LT-005,228.43,10.518,2.266,0.943,50.009,2.76,NORMAL
2980,2026-08-01 00:49:39,TR-102,LT-002,230.8,8.764,1.943,0.961,50.083,1.1,NORMAL
2548,2026-08-01 00:42:27,TR-104,LT-004,227.74,9.807,2.187,0.979,50.064,4.02,NORMAL
5513,2026-08-01 01:31:52,TR-103,LT-002,232.55,4.527,0.981,0.932,49.971,1.44,NORMAL
5133,2026-08-01 01:25:32,TR-102,LT-004,231.57,8.876,1.962,0.954,49.919,2.76,NORMAL
2160,2026-08-01 00:35:59,TR-102,LT-004,232.23,10.424,2.271,0.938,50.076,1.99,NORMAL
7081,2026-08-01 01:58:00,TR-104,LT-003,231.37,7.551,1.668,0.954,49.889,1.95,NORMAL
3138,2026-08-01 00:52:17,TR-101,LT-004,225.92,5.636,1.21,0.951,49.885,1.05,NORMAL
9080,2026-08-01 00:17:59,TR-101,LT-003,201.17,12.212,1.99,0.81,50.027,16.94,WARNING
5851,2026-08-01 01:37:30,TR-102,LT-003,230.97,6.177,1.344,0.942,49.974,2.73,NORMAL
9866,2026-08-01 00:11:05,TR-104,LT-005,87.49,0.634,0.013,0.242,50.097,22.17,POSSIBLE_BROKEN_LT
6446,2026-08-01 01:47:25,TR-104,LT-005,226.41,6.11,1.283,0.927,49.913,1.89,NORMAL
3968,2026-08-01 01:06:07,TR-102,LT-003,222.44,11.088,2.328,0.944,49.931,1.47,NORMAL
1429,2026-08-01 00:23:48,TR-101,LT-002,229.11,4.042,0.903,0.975,50.004,1.84,NORMAL
8423,2026-08-01 00:07:02,TR-103,LT-002,153.56,9.53,1.247,0.852,49.913,9.04,WARNING
2521,2026-08-01 00:42:00,TR-104,LT-001,230.7,7.177,1.537,0.928,49.912,1.66,NORMAL
7838,2026-08-01 02:10:37,TR-103,LT-003,229.69,11.861,2.59,0.951,49.992,1.34,NORMAL
4970,2026-08-01 01:22:49,TR-103,LT-001,235.81,8.482,1.927,0.963,50.056,0.96,NORMAL
1856,2026-08-01 00:30:55,TR-101,LT-005,227.32,9.183,2.056,0.985,49.869,1.82,NORMAL
8885,2026-08-01 00:14:44,TR-104,LT-001,175.46,5.02,0.716,0.812,49.962,19.18,WARNING
5603,2026-08-01 01:33:22,TR-104,LT-002,229.14,11.634,2.494,0.936,49.944,1.85,NORMAL
9345,2026-08-01 00:02:24,TR-104,LT-002,61.3,0.245,0.002,0.127,50.014,38.52,POSSIBLE_BROKEN_LT
9869,2026-08-01 00:11:08,TR-104,LT-001,66.17,0.106,0.002,0.306,49.905,67.4,POSSIBLE_BROKEN_LT
449,2026-08-01 00:07:28,TR-104,LT-003,227.94,6.427,1.378,0.941,49.999,3.17,NORMAL
7704,2026-08-01 02:08:23,TR-104,LT-004,233.98,8.146,1.866,0.979,49.998,1.86,NORMAL
1285,2026-08-01 00:21:24,TR-101,LT-001,226.86,8.395,1.83,0.961,50.03,0.79,NORMAL
5996,2026-08-01 01:39:55,TR-102,LT-001,230.69,9.237,2.062,0.968,49.993,1.42,NORMAL
7900,2026-08-01 02:11:39,TR-101,LT-001,228.06,5.912,1.205,0.894,50.076,3.55,NORMAL
3728,2026-08-01 01:02:07,TR-104,LT-004,234.28,10.712,2.39,0.952,49.953,2.55,NORMAL
7354,2026-08-01 02:02:33,TR-103,LT-001,234.72,7.561,1.701,0.958,50.018,4.42,NORMAL
362,2026-08-01 00:06:01,TR-104,LT-004,236.13,8.514,1.861,0.926,49.994,1.63,NORMAL
6280,2026-08-01 01:44:39,TR-102,LT-006,230.23,8.55,1.839,0.934,50.242,2.16,NORMAL
5231,2026-08-01 01:27:10,TR-103,LT-004,237.23,4.79,1.094,0.963,50.139,1.19,NORMAL
8943,2026-08-01 00:15:42,TR-103,LT-003,190.07,9.716,1.588,0.86,49.979,8.69,WARNING
7296,2026-08-01 02:01:35,TR-104,LT-006,228.32,8.205,1.692,0.903,50.049,0.97,NORMAL
8892,2026-08-01 00:14:51,TR-101,LT-005,147.2,11.219,1.434,0.868,50.12,13.74,WARNING
7535,2026-08-01 02:05:34,TR-101,LT-002,227.88,7.297,1.524,0.916,50.009,1.79,NORMAL
6252,2026-08-01 01:44:11,TR-102,LT-006,228.57,8.29,1.712,0.904,49.951,2.44,NORMAL
5927,2026-08-01 01:38:46,TR-104,LT-002,232.69,4.0,0.885,0.951,49.951,2.51,NORMAL
5150,2026-08-01 01:25:49,TR-102,LT-003,231.3,7.084,1.485,0.906,49.774,1.66,NORMAL
2461,2026-08-01 00:41:00,TR-101,LT-001,230.3,5.467,1.213,0.964,50.11,0.63,NORMAL
23,2026-08-01 00:00:22,TR-104,LT-005,230.27,4.376,0.968,0.961,50.031,3.33,NORMAL
2067,2026-08-01 00:34:26,TR-103,LT-003,220.24,7.447,1.574,0.96,49.972,2.52,NORMAL
1654,2026-08-01 00:27:33,TR-102,LT-002,228.59,11.037,2.287,0.907,50.119,1.59,NORMAL
703,2026-08-01 00:11:42,TR-104,LT-002,227.18,5.114,1.118,0.963,49.997,3.03,NORMAL
8491,2026-08-01 00:08:10,TR-102,LT-006,188.07,14.768,2.499,0.9,50.007,12.18,WARNING
2744,2026-08-01 00:45:43,TR-104,LT-002,232.23,7.216,1.6,0.955,49.981,1.3,NORMAL
1377,2026-08-01 00:22:56,TR-104,LT-006,227.32,3.87,0.841,0.956,50.014,2.94,NORMAL
1725,2026-08-01 00:28:44,TR-104,LT-002,226.26,6.499,1.383,0.94,50.037,1.09,NORMAL
2469,2026-08-01 00:41:08,TR-102,LT-005,232.73,10.448,2.329,0.958,50.049,1.69,NORMAL
3755,2026-08-01 01:02:34,TR-103,LT-006,227.23,6.801,1.426,0.922,49.955,0.65,NORMAL
2326,2026-08-01 00:38:45,TR-102,LT-002,232.67,5.372,1.194,0.955,50.098,1.95,NORMAL
461,2026-08-01 00:07:40,TR-103,LT-003,237.86,6.499,1.444,0.934,50.007,2.86,NORMAL
5164,2026-08-01 01:26:03,TR-103,LT-005,230.06,9.264,1.956,0.918,49.937,1.79,NORMAL
4184,2026-08-01 01:09:43,TR-102,LT-006,227.66,5.211,1.137,0.959,49.957,3.11,NORMAL
5527,2026-08-01 01:32:06,TR-104,LT-002,234.47,5.239,1.18,0.961,49.987,2.91,NORMAL
4083,2026-08-01 01:08:02,TR-101,LT-002,236.71,6.386,1.311,0.868,49.925,0.39,NORMAL
1487,2026-08-01 00:24:46,TR-104,LT-004,224.33,7.676,1.603,0.931,49.901,1.52,NORMAL
3679,2026-08-01 01:01:18,TR-104,LT-002,234.77,5.792,1.279,0.941,50.044,3.89,NORMAL
283,2026-08-01 00:04:42,TR-103,LT-001,236.34,9.613,2.184,0.961,50.065,2.51,NORMAL
6580,2026-08-01 01:49:39,TR-104,LT-005,222.83,5.684,1.187,0.937,49.931,2.07,NORMAL
4559,2026-08-01 01:15:58,TR-103,LT-005,227.85,5.757,1.226,0.934,50.056,2.34,NORMAL
4309,2026-08-01 01:11:48,TR-102,LT-005,229.21,9.103,1.935,0.928,49.995,0.27,NORMAL
6685,2026-08-01 01:51:24,TR-103,LT-003,230.06,6.506,1.385,0.926,49.9,2.06,NORMAL
4866,2026-08-01 01:21:05,TR-102,LT-004,223.26,8.583,1.724,0.899,50.065,2.85,NORMAL
3538,2026-08-01 00:58:57,TR-103,LT-004,226.75,8.374,1.752,0.923,50.201,1.07,NORMAL
3869,2026-08-01 01:04:28,TR-103,LT-006,230.56,8.674,1.928,0.964,50.011,0.78,NORMAL
7004,2026-08-01 01:56:43,TR-101,LT-001,229.07,9.894,2.186,0.964,49.971,3.01,NORMAL
2582,2026-08-01 00:43:01,TR-101,LT-006,231.56,13.603,3.014,0.957,49.888,3.02,NORMAL
1369,2026-08-01 00:22:48,TR-103,LT-002,228.23,9.95,2.058,0.906,50.067,1.39,NORMAL
9470,2026-08-01 00:04:29,TR-103,LT-004,70.35,0.237,0.006,0.364,49.989,14.58,POSSIBLE_BROKEN_LT
8198,2026-08-01 00:03:17,TR-104,LT-001,138.68,5.264,0.583,0.799,50.039,18.96,WARNING
598,2026-08-01 00:09:57,TR-104,LT-002,226.08,10.096,2.076,0.909,49.892,4.05,NORMAL
4352,2026-08-01 01:12:31,TR-103,LT-006,230.19,7.34,1.607,0.951,50.001,1.98,NORMAL
6347,2026-08-01 01:45:46,TR-101,LT-004,228.27,6.632,1.44,0.951,49.937,3.55,NORMAL
8977,2026-08-01 00:16:16,TR-103,LT-001,207.21,6.768,1.349,0.962,49.853,29.03,WARNING
6380,2026-08-01 01:46:19,TR-102,LT-004,230.29,9.706,2.139,0.957,49.988,4.11,NORMAL
4759,2026-08-01 01:19:18,TR-103,LT-005,227.34,9.174,2.031,0.974,50.064,1.43,NORMAL
647,2026-08-01 00:10:46,TR-102,LT-004,219.21,3.594,0.767,0.974,49.997,1.18,NORMAL
6382,2026-08-01 01:46:21,TR-102,LT-002,224.25,7.464,1.574,0.941,50.055,2.45,NORMAL
7528,2026-08-01 02:05:27,TR-101,LT-006,228.39,6.962,1.451,0.913,50.066,0.68,NORMAL
9698,2026-08-01 00:08:17,TR-104,LT-006,61.28,0.052,0.001,0.454,50.013,50.33,POSSIBLE_BROKEN_LT
6024,2026-08-01 01:40:23,TR-103,LT-003,228.9,10.056,2.196,0.954,49.997,1.58,NORMAL
7955,2026-08-01 02:12:34,TR-102,LT-002,235.41,9.035,2.103,0.989,49.953,0.74,NORMAL
7166,2026-08-01 01:59:25,TR-103,LT-002,229.54,6.465,1.424,0.96,49.931,1.23,NORMAL
3469,2026-08-01 00:57:48,TR-104,LT-005,228.18,7.515,1.663,0.97,50.029,1.72,NORMAL
7798,2026-08-01 02:09:57,TR-104,LT-006,228.72,8.463,1.848,0.954,50.058,0.15,NORMAL
7698,2026-08-01 02:08:17,TR-101,LT-001,224.36,6.329,1.369,0.964,50.044,3.47,NORMAL
2991,2026-08-01 00:49:50,TR-103,LT-006,236.07,7.805,1.793,0.973,49.795,2.5,NORMAL
9408,2026-08-01 00:03:27,TR-102,LT-005,75.51,0.024,0.001,0.464,50.131,44.88,POSSIBLE_BROKEN_LT
4876,2026-08-01 01:21:15,TR-103,LT-004,225.94,5.364,1.139,0.939,50.088,0.3,NORMAL
2545,2026-08-01 00:42:24,TR-104,LT-006,239.71,7.465,1.695,0.947,49.995,1.88,NORMAL
8596,2026-08-01 00:09:55,TR-101,LT-001,209.05,7.773,1.282,0.789,49.945,11.97,WARNING
5342,2026-08-01 01:29:01,TR-101,LT-004,231.71,6.55,1.478,0.974,49.821,1.39,NORMAL
1568,2026-08-01 00:26:07,TR-102,LT-001,232.06,9.034,1.947,0.929,50.047,2.37,NORMAL
9995,2026-08-01 00:13:14,TR-102,LT-005,75.92,0.386,0.015,0.509,50.072,15.5,POSSIBLE_BROKEN_LT
4067,2026-08-01 01:07:46,TR-102,LT-004,230.76,8.693,1.917,0.956,50.045,1.76,NORMAL
3989,2026-08-01 01:06:28,TR-102,LT-001,237.69,13.092,3.084,0.991,49.892,0.64,NORMAL
7032,2026-08-01 01:57:11,TR-102,LT-003,227.87,4.673,0.992,0.931,50.019,3.16,NORMAL
2161,2026-08-01 00:36:00,TR-104,LT-003,225.55,5.014,1.112,0.984,50.069,0.92,NORMAL
686,2026-08-01 00:11:25,TR-101,LT-002,232.85,8.654,1.837,0.912,50.004,3.19,NORMAL
7603,2026-08-01 02:06:42,TR-103,LT-002,231.94,12.285,2.739,0.961,49.993,2.29,NORMAL
7785,2026-08-01 02:09:44,TR-102,LT-006,230.77,9.448,2.005,0.92,49.961,2.68,NORMAL
3244,2026-08-01 00:54:03,TR-101,LT-006,234.23,8.455,1.891,0.955,49.97,2.12,NORMAL
5845,2026-08-01 01:37:24,TR-102,LT-005,232.88,11.564,2.541,0.944,49.891,1.6,NORMAL
9220,2026-08-01 00:00:19,TR-103,LT-002,89.59,0.318,0.011,0.39,50.001,63.94,POSSIBLE_BROKEN_LT
2462,2026-08-01 00:41:01,TR-104,LT-002,232.97,6.021,1.307,0.932,50.11,2.09,NORMAL
4084,2026-08-01 01:08:03,TR-104,LT-005,222.35,7.884,1.7,0.97,50.038,0.45,NORMAL
2838,2026-08-01 00:47:17,TR-102,LT-002,236.5,6.63,1.534,0.978,50.055,2.03,NORMAL
3698,2026-08-01 01:01:37,TR-102,LT-004,231.33,5.535,1.179,0.92,50.049,1.37,NORMAL
7129,2026-08-01 01:58:48,TR-102,LT-005,230.77,7.482,1.606,0.93,49.881,3.92,NORMAL
6268,2026-08-01 01:44:27,TR-102,LT-001,233.88,9.72,2.088,0.918,50.074,0.33,NORMAL
4942,2026-08-01 01:22:21,TR-104,LT-002,229.18,8.784,1.924,0.956,50.008,0.46,NORMAL
5947,2026-08-01 01:39:06,TR-103,LT-004,227.6,14.571,3.182,0.959,49.905,1.64,NORMAL
4584,2026-08-01 01:16:23,TR-104,LT-005,233.14,11.226,2.399,0.917,50.005,4.38,NORMAL
5785,2026-08-01 01:36:24,TR-102,LT-004,229.45,6.625,1.455,0.957,50.076,2.29,NORMAL
4041,2026-08-01 01:07:20,TR-101,LT-006,230.82,8.654,1.86,0.931,49.924,2.76,NORMAL
2231,2026-08-01 00:37:10,TR-104,LT-002,227.26,9.911,2.088,0.927,49.863,3.14,NORMAL
7570,2026-08-01 02:06:09,TR-104,LT-003,227.67,5.542,1.234,0.978,50.057,3.12,NORMAL
936,2026-08-01 00:15:35,TR-103,LT-006,227.99,7.902,1.644,0.912,50.11,3.46,NORMAL
2321,2026-08-01 00:38:40,TR-103,LT-006,231.76,8.504,1.861,0.944,49.987,4.19,NORMAL
4879,2026-08-01 01:21:18,TR-102,LT-006,227.27,9.655,1.977,0.901,50.006,2.19,NORMAL
522,2026-08-01 00:08:41,TR-103,LT-004,232.17,8.404,1.948,0.999,49.966,0.32,NORMAL
523,2026-08-01 00:08:42,TR-104,LT-006,227.35,7.01,1.512,0.949,50.144,2.25,NORMAL
5346,2026-08-01 01:29:05,TR-102,LT-006,236.7,8.725,1.873,0.907,49.933,3.12,NORMAL
9877,2026-08-01 00:11:16,TR-104,LT-004,85.94,0.363,0.009,0.302,50.038,21.83,POSSIBLE_BROKEN_LT
3360,2026-08-01 00:55:59,TR-102,LT-003,226.08,8.585,1.825,0.94,50.089,1.66,NORMAL
1312,2026-08-01 00:21:51,TR-104,LT-003,233.27,6.094,1.417,0.996,49.971,2.5,NORMAL
3984,2026-08-01 01:06:23,TR-103,LT-003,225.51,7.398,1.571,0.942,49.973,3.14,NORMAL
6495,2026-08-01 01:48:14,TR-102,LT-003,225.9,9.678,1.855,0.849,49.901,2.76,NORMAL
9561,2026-08-01 00:06:00,TR-101,LT-004,72.56,0.582,0.017,0.402,50.091,32.11,POSSIBLE_BROKEN_LT
1717,2026-08-01 00:28:36,TR-101,LT-001,231.33,8.518,1.909,0.969,49.913,4.31,NORMAL
781,2026-08-01 00:13:00,TR-103,LT-005,230.71,6.531,1.456,0.966,50.0,2.19,NORMAL
8799,2026-08-01 00:13:18,TR-102,LT-005,184.17,14.488,1.965,0.737,49.987,16.79,WARNING
8232,2026-08-01 00:03:51,TR-103,LT-006,173.08,9.553,1.465,0.886,49.97,16.23,WARNING
5608,2026-08-01 01:33:27,TR-102,LT-001,228.49,10.318,2.236,0.949,49.9,1.38,NORMAL
5979,2026-08-01 01:39:38,TR-103,LT-003,230.96,7.369,1.586,0.932,50.007,0.91,NORMAL
652,2026-08-01 00:10:51,TR-102,LT-004,234.51,9.123,2.073,0.969,50.056,2.24,NORMAL
3748,2026-08-01 01:02:27,TR-104,LT-006,230.71,1.932,0.429,0.963,50.108,3.11,NORMAL
2197,2026-08-01 00:36:36,TR-101,LT-002,231.7,8.545,1.903,0.961,50.039,2.71,NORMAL
8419,2026-08-01 00:06:58,TR-101,LT-005,198.73,8.414,1.414,0.846,50.114,12.53,WARNING
370,2026-08-01 00:06:09,TR-103,LT-005,226.91,8.472,1.808,0.941,49.952,2.06,NORMAL
9885,2026-08-01 00:11:24,TR-104,LT-006,97.92,0.232,0.013,0.59,49.985,46.15,POSSIBLE_BROKEN_LT
8006,2026-08-01 00:00:05,TR-101,LT-004,155.83,12.415,1.511,0.781,49.963,2.57,WARNING
4215,2026-08-01 01:10:14,TR-101,LT-004,230.18,10.441,2.38,0.99,50.01,1.91,NORMAL
378,2026-08-01 00:06:17,TR-101,LT-004,230.73,6.143,1.325,0.935,49.984,1.1,NORMAL
9447,2026-08-01 00:04:06,TR-101,LT-003,45.82,0.479,0.001,0.05,50.035,28.9,POSSIBLE_BROKEN_LT
2217,2026-08-01 00:36:56,TR-104,LT-004,228.25,9.793,2.044,0.914,50.041,1.55,NORMAL
8683,2026-08-01 00:11:22,TR-104,LT-004,145.22,2.028,0.251,0.853,49.913,8.97,WARNING
1614,2026-08-01 00:26:53,TR-104,LT-003,229.69,4.254,0.968,0.99,49.999,2.08,NORMAL
6980,2026-08-01 01:56:19,TR-104,LT-002,222.19,9.071,1.819,0.903,50.097,1.96,NORMAL
7550,2026-08-01 02:05:49,TR-102,LT-003,236.72,7.56,1.705,0.953,49.959,1.8,NORMAL
1828,2026-08-01 00:30:27,TR-102,LT-005,235.64,6.799,1.535,0.958,50.046,0.72,NORMAL
3633,2026-08-01 01:00:32,TR-101,LT-004,229.06,12.852,2.835,0.963,49.956,2.55,NORMAL
963,2026-08-01 00:16:02,TR-103,LT-006,230.79,8.514,1.763,0.897,50.028,0.56,NORMAL
2994,2026-08-01 00:49:53,TR-104,LT-003,229.15,7.155,1.499,0.914,50.074,0.73,NORMAL
6607,2026-08-01 01:50:06,TR-102,LT-002,226.76,6.849,1.474,0.949,50.011,0.79,NORMAL
9673,2026-08-01 00:07:52,TR-101,LT-002,84.91,0.386,0.014,0.427,49.911,21.24,POSSIBLE_BROKEN_LT
2377,2026-08-01 00:39:36,TR-102,LT-005,228.56,9.921,2.033,0.897,50.084,2.87,NORMAL
8881,2026-08-01 00:14:40,TR-101,LT-006,212.25,8.372,1.434,0.807,50.045,7.4,WARNING
360,2026-08-01 00:05:59,TR-104,LT-003,226.69,6.815,1.491,0.965,50.0,3.14,NORMAL
3840,2026-08-01 01:03:59,TR-104,LT-003,228.76,8.209,1.655,0.881,49.843,3.27,NORMAL
8185,2026-08-01 00:03:04,TR-104,LT-003,165.12,9.324,1.126,0.731,50.033,13.23,WARNING
1247,2026-08-01 00:20:46,TR-101,LT-006,230.14,8.767,1.856,0.92,49.963,1.03,NORMAL
7505,2026-08-01 02:05:04,TR-101,LT-005,227.33,5.867,1.29,0.967,50.081,2.03,NORMAL
8350,2026-08-01 00:05:49,TR-102,LT-006,173.44,7.324,1.183,0.932,50.108,12.37,WARNING
6512,2026-08-01 01:48:31,TR-101,LT-005,233.53,7.435,1.736,1.0,49.943,4.75,NORMAL
5088,2026-08-01 01:24:47,TR-104,LT-001,232.02,7.049,1.526,0.933,49.936,1.9,NORMAL
3695,2026-08-01 01:01:34,TR-104,LT-003,233.49,6.994,1.508,0.924,50.07,3.02,NORMAL
1574,2026-08-01 00:26:13,TR-101,LT-005,224.57,2.509,0.514,0.912,49.939,3.89,NORMAL
6282,2026-08-01 01:44:41,TR-101,LT-005,230.74,10.849,2.383,0.952,49.796,3.72,NORMAL
5440,2026-08-01 01:30:39,TR-104,LT-004,229.76,7.135,1.518,0.926,49.932,2.74,NORMAL
2568,2026-08-01 00:42:47,TR-103,LT-006,232.6,9.313,1.973,0.911,49.927,0.85,NORMAL
3424,2026-08-01 00:57:03,TR-101,LT-005,231.67,7.316,1.6,0.944,49.953,2.88,NORMAL
2038,2026-08-01 00:33:57,TR-101,LT-005,227.96,7.374,1.605,0.954,49.908,1.2,NORMAL
9244,2026-08-01 00:00:43,TR-102,LT-005,41.61,0.434,0.01,0.544,49.987,17.35,POSSIBLE_BROKEN_LT
773,2026-08-01 00:12:52,TR-103,LT-001,232.53,6.424,1.331,0.891,50.102,2.01,NORMAL
5381,2026-08-01 01:29:40,TR-104,LT-003,227.65,9.654,2.059,0.937,49.881,2.11,NORMAL
9569,2026-08-01 00:06:08,TR-101,LT-004,81.01,0.313,0.013,0.517,49.998,12.41,POSSIBLE_BROKEN_LT
3563,2026-08-01 00:59:22,TR-103,LT-004,221.24,5.63,1.113,0.894,49.964,1.73,NORMAL
563,2026-08-01 00:09:22,TR-103,LT-005,233.48,9.856,2.116,0.92,49.94,3.57,NORMAL
6684,2026-08-01 01:51:23,TR-104,LT-003,229.8,10.441,2.26,0.942,49.911,2.41,NORMAL
2547,2026-08-01 00:42:26,TR-101,LT-001,224.49,8.709,1.819,0.93,49.931,1.26,NORMAL
5511,2026-08-01 01:31:50,TR-101,LT-005,230.54,7.525,1.581,0.911,50.107,2.22,NORMAL
5331,2026-08-01 01:28:50,TR-102,LT-006,227.84,6.343,1.424,0.985,49.853,2.55,NORMAL
9668,2026-08-01 00:07:47,TR-101,LT-002,71.09,0.196,0.005,0.37,50.031,28.06,POSSIBLE_BROKEN_LT
4532,2026-08-01 01:15:31,TR-102,LT-003,233.78,6.885,1.498,0.93,50.054,1.87,NORMAL
1675,2026-08-01 00:27:54,TR-103,LT-004,236.46,9.251,2.149,0.982,49.931,0.86,NORMAL
7396,2026-08-01 02:03:15,TR-101,LT-005,222.66,6.703,1.403,0.94,50.075,2.61,NORMAL
366,2026-08-01 00:06:05,TR-101,LT-001,228.4,8.703,1.915,0.963,50.087,2.85,NORMAL
8017,2026-08-01 00:00:16,TR-101,LT-006,151.16,6.599,0.74,0.742,50.01,12.17,WARNING
9377,2026-08-01 00:02:56,TR-101,LT-004,96.12,0.338,0.015,0.472,49.93,38.12,POSSIBLE_BROKEN_LT
4328,2026-08-01 01:12:07,TR-103,LT-006,233.6,3.14,0.71,0.968,49.99,0.85,NORMAL
9984,2026-08-01 00:13:03,TR-102,LT-006,51.2,0.558,0.011,0.401,50.092,46.37,POSSIBLE_BROKEN_LT
148,2026-08-01 00:02:27,TR-103,LT-003,224.72,11.329,2.484,0.976,50.022,1.42,NORMAL
1669,2026-08-01 00:27:48,TR-101,LT-006,233.36,6.15,1.354,0.943,50.043,0.82,NORMAL
3089,2026-08-01 00:51:28,TR-101,LT-002,222.2,2.106,0.42,0.897,50.051,2.97,NORMAL
8845,2026-08-01 00:14:04,TR-104,LT-005,209.34,10.986,1.957,0.851,49.964,21.3,WARNING
7651,2026-08-01 02:07:30,TR-103,LT-006,234.41,8.053,1.816,0.962,50.076,2.51,NORMAL
408,2026-08-01 00:06:47,TR-103,LT-006,229.43,4.588,0.994,0.944,50.031,3.22,NORMAL
9585,2026-08-01 00:06:24,TR-101,LT-001,95.02,0.101,0.002,0.259,49.862,35.18,POSSIBLE_BROKEN_LT
7789,2026-08-01 02:09:48,TR-104,LT-006,229.77,5.589,1.202,0.936,49.993,2.66,NORMAL
3457,2026-08-01 00:57:36,TR-101,LT-004,234.36,11.835,2.549,0.919,50.005,1.89,NORMAL
6187,2026-08-01 01:43:06,TR-101,LT-002,231.67,8.882,1.909,0.928,50.189,2.79,NORMAL
4183,2026-08-01 01:09:42,TR-103,LT-001,226.61,7.791,1.699,0.962,49.894,2.62,NORMAL
3577,2026-08-01 00:59:36,TR-101,LT-002,226.67,6.925,1.522,0.97,49.91,1.07,NORMAL
3272,2026-08-01 00:54:31,TR-101,LT-003,226.51,7.002,1.555,0.981,50.02,3.55,NORMAL
4941,2026-08-01 01:22:20,TR-104,LT-002,232.35,8.187,1.807,0.95,50.019,2.17,NORMAL
1032,2026-08-01 00:17:11,TR-104,LT-001,223.33,7.521,1.595,0.95,50.111,0.88,NORMAL
8873,2026-08-01 00:14:32,TR-102,LT-003,183.42,12.68,1.905,0.819,50.014,21.01,WARNING
6231,2026-08-01 01:43:50,TR-103,LT-003,231.16,9.102,1.941,0.922,50.101,1.55,NORMAL
6593,2026-08-01 01:49:52,TR-102,LT-002,235.88,10.445,2.391,0.971,50.099,2.48,NORMAL
8907,2026-08-01 00:15:06,TR-101,LT-002,188.86,9.741,1.571,0.854,50.103,18.5,WARNING
9812,2026-08-01 00:10:11,TR-102,LT-001,80.06,0.088,0.003,0.452,50.036,17.12,POSSIBLE_BROKEN_LT
6725,2026-08-01 01:52:04,TR-104,LT-003,228.0,7.318,1.547,0.927,49.99,1.61,NORMAL
8030,2026-08-01 00:00:29,TR-104,LT-006,216.87,8.01,1.634,0.941,49.986,9.5,WARNING
8053,2026-08-01 00:00:52,TR-102,LT-003,181.08,7.827,1.254,0.885,50.018,10.31,WARNING
856,2026-08-01 00:14:15,TR-103,LT-005,227.72,6.674,1.454,0.957,49.997,1.93,NORMAL
3927,2026-08-01 01:05:26,TR-101,LT-005,233.84,12.88,2.781,0.923,49.856,1.81,NORMAL
8548,2026-08-01 00:09:07,TR-101,LT-001,197.43,11.384,1.874,0.834,49.847,9.91,WARNING
79,2026-08-01 00:01:18,TR-103,LT-003,230.37,8.718,1.884,0.938,49.916,3.42,NORMAL
7089,2026-08-01 01:58:08,TR-101,LT-006,230.21,6.89,1.519,0.958,50.064,0.56,NORMAL
2248,2026-08-01 00:37:27,TR-103,LT-002,224.68,9.263,1.916,0.921,49.982,1.79,NORMAL
8264,2026-08-01 00:04:23,TR-101,LT-006,212.49,12.759,2.177,0.803,50.028,9.86,WARNING
4027,2026-08-01 01:07:06,TR-102,LT-001,226.88,5.745,1.286,0.987,50.137,1.21,NORMAL
9950,2026-08-01 00:12:29,TR-102,LT-006,68.79,0.364,0.005,0.194,49.97,40.76,POSSIBLE_BROKEN_LT
9572,2026-08-01 00:06:11,TR-103,LT-005,95.16,0.215,0.008,0.397,49.897,49.28,POSSIBLE_BROKEN_LT
9296,2026-08-01 00:01:35,TR-104,LT-006,88.81,0.49,0.02,0.452,50.034,27.26,POSSIBLE_BROKEN_LT
715,2026-08-01 00:11:54,TR-104,LT-001,229.85,10.215,2.156,0.918,49.813,0.77,NORMAL
7452,2026-08-01 02:04:11,TR-104,LT-001,231.9,8.844,2.051,1.0,49.907,1.21,NORMAL
789,2026-08-01 00:13:08,TR-103,LT-001,229.72,9.359,1.999,0.93,50.02,2.26,NORMAL
2280,2026-08-01 00:37:59,TR-101,LT-005,231.85,10.379,2.284,0.949,50.147,1.87,NORMAL
4096,2026-08-01 01:08:15,TR-102,LT-001,225.87,8.456,1.846,0.967,50.035,2.3,NORMAL
3898,2026-08-01 01:04:57,TR-104,LT-004,232.84,8.558,1.867,0.937,49.979,0.78,NORMAL
7945,2026-08-01 02:12:24,TR-103,LT-006,231.65,9.098,2.101,0.997,50.0,1.98,NORMAL
7178,2026-08-01 01:59:37,TR-101,LT-005,226.14,9.013,1.895,0.93,50.017,2.6,NORMAL
9077,2026-08-01 00:17:56,TR-103,LT-001,210.89,6.778,1.314,0.919,49.969,8.14,WARNING
9453,2026-08-01 00:04:12,TR-102,LT-004,41.72,0.288,0.001,0.076,49.92,21.53,POSSIBLE_BROKEN_LT
3632,2026-08-01 01:00:31,TR-102,LT-001,227.46,7.339,1.65,0.989,50.056,2.86,NORMAL
8625,2026-08-01 00:10:24,TR-101,LT-006,176.77,7.423,1.071,0.816,49.946,4.36,WARNING
7298,2026-08-01 02:01:37,TR-104,LT-006,225.76,8.193,1.756,0.949,50.253,1.75,NORMAL
6273,2026-08-01 01:44:32,TR-103,LT-002,229.63,5.234,1.114,0.927,49.913,1.82,NORMAL
425,2026-08-01 00:07:04,TR-103,LT-001,232.58,9.227,2.023,0.942,50.06,0.5,NORMAL
393,2026-08-01 00:06:32,TR-101,LT-001,224.72,11.148,2.45,0.978,50.113,2.68,NORMAL
3192,2026-08-01 00:53:11,TR-101,LT-001,232.85,7.44,1.706,0.985,50.082,1.84,NORMAL
17,2026-08-01 00:00:16,TR-104,LT-006,225.95,6.534,1.345,0.911,49.888,1.67,NORMAL
6336,2026-08-01 01:45:35,TR-104,LT-003,230.34,10.171,2.143,0.915,50.086,3.31,NORMAL
4201,2026-08-01 01:10:00,TR-104,LT-003,230.97,8.662,1.861,0.93,50.095,0.29,NORMAL
2673,2026-08-01 00:44:32,TR-103,LT-001,231.04,6.254,1.402,0.97,50.073,3.53,NORMAL
2445,2026-08-01 00:40:44,TR-103,LT-006,227.99,8.973,1.877,0.918,49.998,0.49,NORMAL
6698,2026-08-01 01:51:37,TR-102,LT-006,234.51,6.454,1.401,0.925,50.029,4.63,NORMAL
6165,2026-08-01 01:42:44,TR-102,LT-002,236.32,5.914,1.279,0.915,50.027,3.11,NORMAL
2602,2026-08-01 00:43:21,TR-102,LT-003,232.48,6.67,1.443,0.93,50.16,2.94,NORMAL
3494,2026-08-01 00:58:13,TR-102,LT-004,227.86,10.596,2.279,0.944,49.944,1.03,NORMAL
6045,2026-08-01 01:40:44,TR-102,LT-005,230.44,8.25,1.72,0.905,49.982,1.14,NORMAL
1460,2026-08-01 00:24:19,TR-102,LT-001,232.69,7.597,1.684,0.952,49.881,1.76,NORMAL
3805,2026-08-01 01:03:24,TR-103,LT-001,226.43,8.144,1.774,0.962,50.038,2.66,NORMAL
9846,2026-08-01 00:10:45,TR-102,LT-004,83.0,0.292,0.012,0.491,49.943,7.86,POSSIBLE_BROKEN_LT
7395,2026-08-01 02:03:14,TR-102,LT-003,230.18,8.036,1.704,0.921,50.105,3.67,NORMAL
4840,2026-08-01 01:20:39,TR-102,LT-003,227.39,8.717,1.853,0.935,49.922,2.6,NORMAL
8112,2026-08-01 00:01:51,TR-103,LT-002,153.24,12.917,1.64,0.829,50.0,14.85,WARNING
3836,2026-08-01 01:03:55,TR-104,LT-003,228.41,8.039,1.781,0.97,49.946,3.51,NORMAL
9314,2026-08-01 00:01:53,TR-102,LT-006,69.44,0.408,0.009,0.315,49.892,25.86,POSSIBLE_BROKEN_LT
5684,2026-08-01 01:34:43,TR-103,LT-001,230.19,9.731,2.032,0.907,49.966,2.02,NORMAL
8749,2026-08-01 00:12:28,TR-104,LT-001,163.4,6.895,0.938,0.833,50.142,13.57,WARNING
5828,2026-08-01 01:37:07,TR-103,LT-006,230.14,7.387,1.558,0.917,50.012,2.65,NORMAL
9749,2026-08-01 00:09:08,TR-101,LT-004,66.9,0.273,0.008,0.443,49.897,52.83,POSSIBLE_BROKEN_LT
4725,2026-08-01 01:18:44,TR-102,LT-003,229.68,9.376,1.985,0.922,49.931,2.96,NORMAL
8760,2026-08-01 00:12:39,TR-104,LT-006,175.46,15.28,2.241,0.836,50.017,11.05,WARNING
5888,2026-08-01 01:38:07,TR-103,LT-005,226.66,6.674,1.459,0.965,49.937,2.43,NORMAL
2356,2026-08-01 00:39:15,TR-104,LT-004,231.05,13.146,2.995,0.986,49.891,2.15,NORMAL
6037,2026-08-01 01:40:36,TR-103,LT-004,233.45,10.449,2.306,0.945,50.037,1.03,NORMAL
4799,2026-08-01 01:19:58,TR-104,LT-006,221.8,3.487,0.714,0.923,49.922,2.78,NORMAL
2443,2026-08-01 00:40:42,TR-102,LT-003,224.83,7.826,1.634,0.928,50.081,1.51,NORMAL
8646,2026-08-01 00:10:45,TR-103,LT-001,198.68,7.309,1.112,0.766,50.002,8.53,WARNING
4593,2026-08-01 01:16:32,TR-102,LT-002,232.18,6.354,1.367,0.926,50.023,1.04,NORMAL
8773,2026-08-01 00:12:52,TR-101,LT-001,192.21,12.965,2.378,0.954,50.146,11.12,WARNING
465,2026-08-01 00:07:44,TR-103,LT-004,229.55,9.977,2.106,0.92,49.996,2.05,NORMAL
164,2026-08-01 00:02:43,TR-102,LT-001,226.72,7.956,1.73,0.959,50.04,2.97,NORMAL
9262,2026-08-01 00:01:01,TR-104,LT-002,75.2,0.163,0.002,0.152,49.951,43.32,POSSIBLE_BROKEN_LT
9434,2026-08-01 00:03:53,TR-104,LT-004,128.7,0.263,0.015,0.453,49.932,21.41,POSSIBLE_BROKEN_LT
8406,2026-08-01 00:06:45,TR-104,LT-005,196.91,5.994,1.008,0.854,50.117,17.7,WARNING
9778,2026-08-01 00:09:37,TR-102,LT-002,80.32,0.24,0.008,0.4,50.117,58.6,POSSIBLE_BROKEN_LT
9479,2026-08-01 00:04:38,TR-101,LT-001,59.49,0.329,0.008,0.397,50.003,46.96,POSSIBLE_BROKEN_LT
7381,2026-08-01 02:03:00,TR-103,LT-003,233.73,8.626,1.857,0.921,50.0,1.47,NORMAL
6637,2026-08-01 01:50:36,TR-102,LT-003,231.53,9.255,1.985,0.926,49.972,2.63,NORMAL
242,2026-08-01 00:04:01,TR-102,LT-005,229.54,7.979,1.717,0.937,49.987,2.53,NORMAL
2010,2026-08-01 00:33:29,TR-103,LT-006,233.75,9.637,2.195,0.974,50.138,2.55,NORMAL
6357,2026-08-01 01:45:56,TR-101,LT-003,238.58,8.086,1.894,0.982,50.115,4.69,NORMAL
3085,2026-08-01 00:51:24,TR-104,LT-004,229.26,10.647,2.248,0.921,50.067,1.51,NORMAL
6209,2026-08-01 01:43:28,TR-104,LT-003,229.75,6.336,1.351,0.928,49.942,0.98,NORMAL
901,2026-08-01 00:15:00,TR-102,LT-006,231.47,7.767,1.707,0.949,49.938,2.54,NORMAL
5543,2026-08-01 01:32:22,TR-102,LT-005,234.9,6.712,1.441,0.914,49.988,1.72,NORMAL
6008,2026-08-01 01:40:07,TR-102,LT-003,223.66,5.336,1.147,0.961,49.866,1.63,NORMAL
7639,2026-08-01 02:07:18,TR-102,LT-003,235.74,6.287,1.379,0.93,49.982,1.65,NORMAL
6794,2026-08-01 01:53:13,TR-104,LT-005,227.57,4.965,1.113,0.985,49.98,0.5,NORMAL
8870,2026-08-01 00:14:29,TR-103,LT-005,183.82,11.426,1.808,0.861,50.02,10.59,WARNING
7759,2026-08-01 02:09:18,TR-101,LT-002,224.37,7.117,1.498,0.938,50.047,2.13,NORMAL
4838,2026-08-01 01:20:37,TR-104,LT-004,226.96,6.801,1.411,0.914,49.867,1.26,NORMAL
2294,2026-08-01 00:38:13,TR-104,LT-001,226.77,7.651,1.643,0.947,50.105,2.61,NORMAL
6549,2026-08-01 01:49:08,TR-102,LT-002,231.56,9.132,1.94,0.917,49.97,0.96,NORMAL
7899,2026-08-01 02:11:38,TR-102,LT-003,224.64,6.345,1.32,0.926,50.045,1.04,NORMAL
7978,2026-08-01 02:12:57,TR-103,LT-005,232.89,8.082,1.821,0.968,49.904,3.76,NORMAL
4482,2026-08-01 01:14:41,TR-103,LT-002,231.14,7.732,1.643,0.92,49.989,2.25,NORMAL
5303,2026-08-01 01:28:22,TR-101,LT-006,233.43,6.912,1.581,0.98,50.063,0.94,NORMAL
4606,2026-08-01 01:16:45,TR-103,LT-005,228.99,8.73,1.865,0.933,49.97,2.1,NORMAL
3717,2026-08-01 01:01:56,TR-103,LT-004,242.97,8.742,1.981,0.932,49.989,1.57,NORMAL
9072,2026-08-01 00:17:51,TR-102,LT-002,175.67,11.577,1.685,0.828,49.969,14.82,WARNING
6141,2026-08-01 01:42:20,TR-102,LT-004,228.06,7.695,1.61,0.918,50.0,2.5,NORMAL
1765,2026-08-01 00:29:24,TR-103,LT-001,229.02,8.297,1.829,0.963,50.109,2.76,NORMAL
6599,2026-08-01 01:49:58,TR-104,LT-002,222.94,4.765,1.006,0.947,49.977,2.02,NORMAL
1550,2026-08-01 00:25:49,TR-101,LT-006,234.91,3.893,0.836,0.914,49.845,2.51,NORMAL
3030,2026-08-01 00:50:29,TR-104,LT-002,230.14,8.49,1.853,0.949,49.909,1.95,NORMAL
8654,2026-08-01 00:10:53,TR-104,LT-001,179.1,10.82,1.539,0.794,50.018,7.95,WARNING
6299,2026-08-01 01:44:58,TR-102,LT-002,228.61,11.372,2.409,0.927,50.081,2.8,NORMAL
6663,2026-08-01 01:51:02,TR-101,LT-002,233.46,7.42,1.665,0.961,49.918,0.24,NORMAL
6627,2026-08-01 01:50:26,TR-104,LT-002,231.49,7.121,1.537,0.932,50.086,2.52,NORMAL
2045,2026-08-01 00:34:04,TR-103,LT-003,226.71,6.343,1.344,0.934,50.049,1.33,NORMAL
768,2026-08-01 00:12:47,TR-102,LT-003,237.08,8.375,1.838,0.926,50.067,1.99,NORMAL
5694,2026-08-01 01:34:53,TR-101,LT-004,225.81,6.901,1.379,0.885,49.939,2.68,NORMAL
7871,2026-08-01 02:11:10,TR-104,LT-003,236.11,5.575,1.259,0.956,49.922,1.8,NORMAL
7796,2026-08-01 02:09:55,TR-104,LT-002,234.77,7.565,1.689,0.951,50.022,2.41,NORMAL
1509,2026-08-01 00:25:08,TR-101,LT-003,230.35,7.193,1.569,0.947,49.945,1.47,NORMAL
7231,2026-08-01 02:00:30,TR-103,LT-003,225.84,8.058,1.793,0.986,50.011,4.16,NORMAL
7858,2026-08-01 02:10:57,TR-102,LT-001,226.46,12.145,2.676,0.973,50.078,2.14,NORMAL
3303,2026-08-01 00:55:02,TR-101,LT-001,230.87,6.554,1.434,0.947,50.101,2.77,NORMAL
4518,2026-08-01 01:15:17,TR-104,LT-004,231.38,12.214,2.646,0.936,49.961,2.82,NORMAL
4220,2026-08-01 01:10:19,TR-101,LT-002,222.78,8.254,1.783,0.969,49.869,2.88,NORMAL
9079,2026-08-01 00:17:58,TR-101,LT-002,162.44,9.628,1.326,0.848,49.838,18.22,WARNING
9941,2026-08-01 00:12:20,TR-104,LT-005,74.9,0.012,0.0,0.269,49.988,35.82,POSSIBLE_BROKEN_LT
3293,2026-08-01 00:54:52,TR-103,LT-006,235.11,10.354,2.282,0.937,49.822,3.09,NORMAL
820,2026-08-01 00:13:39,TR-103,LT-004,234.26,8.535,1.912,0.956,49.954,1.98,NORMAL
1404,2026-08-01 00:23:23,TR-104,LT-005,232.88,7.585,1.649,0.933,49.826,1.57,NORMAL
1383,2026-08-01 00:23:02,TR-104,LT-002,238.63,5.482,1.274,0.974,49.986,2.67,NORMAL
2149,2026-08-01 00:35:48,TR-103,LT-005,229.59,4.535,1.012,0.972,50.029,0.89,NORMAL
6929,2026-08-01 01:55:28,TR-104,LT-004,229.73,4.68,0.996,0.927,49.998,0.13,NORMAL
5672,2026-08-01 01:34:31,TR-103,LT-003,230.18,8.149,1.749,0.932,49.982,1.92,NORMAL
1639,2026-08-01 00:27:18,TR-103,LT-006,238.25,6.778,1.493,0.925,49.989,1.09,NORMAL
5892,2026-08-01 01:38:11,TR-103,LT-006,232.86,9.919,2.156,0.934,49.991,4.05,NORMAL
7428,2026-08-01 02:03:47,TR-101,LT-005,225.32,7.968,1.692,0.942,49.999,2.76,NORMAL
609,2026-08-01 00:10:08,TR-102,LT-001,222.89,2.982,0.622,0.936,50.099,0.98,NORMAL
6908,2026-08-01 01:55:07,TR-102,LT-004,228.57,9.586,2.036,0.929,49.976,1.3,NORMAL
400,2026-08-01 00:06:39,TR-104,LT-004,234.95,7.925,1.783,0.958,50.038,2.08,NORMAL
7248,2026-08-01 02:00:47,TR-104,LT-004,230.06,5.35,1.147,0.932,50.114,1.81,NORMAL
6407,2026-08-01 01:46:46,TR-101,LT-002,229.67,8.75,1.863,0.927,50.082,2.29,NORMAL
883,2026-08-01 00:14:42,TR-102,LT-002,228.04,9.962,2.092,0.921,49.878,3.69,NORMAL
3566,2026-08-01 00:59:25,TR-104,LT-005,230.21,7.992,1.781,0.968,50.089,2.89,NORMAL
4286,2026-08-01 01:11:25,TR-104,LT-001,230.81,9.214,1.995,0.938,50.109,1.27,NORMAL
1180,2026-08-01 00:19:39,TR-104,LT-001,225.59,7.084,1.49,0.932,49.927,1.91,NORMAL
5449,2026-08-01 01:30:48,TR-103,LT-001,231.28,8.287,1.816,0.947,50.027,2.7,NORMAL
4245,2026-08-01 01:10:44,TR-104,LT-003,230.1,11.125,2.355,0.92,49.83,2.09,NORMAL
5219,2026-08-01 01:26:58,TR-101,LT-006,227.94,7.759,1.619,0.916,50.032,0.57,NORMAL
3977,2026-08-01 01:06:16,TR-102,LT-002,232.02,8.407,1.797,0.921,49.928,2.88,NORMAL
2131,2026-08-01 00:35:30,TR-104,LT-004,231.75,8.649,1.865,0.93,50.015,1.8,NORMAL
5079,2026-08-01 01:24:38,TR-102,LT-006,231.34,10.04,2.271,0.978,50.017,2.1,NORMAL
457,2026-08-01 00:07:36,TR-102,LT-005,229.57,10.015,2.22,0.965,50.115,1.42,NORMAL
5583,2026-08-01 01:33:02,TR-103,LT-002,236.57,2.063,0.465,0.953,50.155,2.34,NORMAL
5176,2026-08-01 01:26:15,TR-101,LT-004,237.21,10.258,2.301,0.946,49.955,3.52,NORMAL
1951,2026-08-01 00:32:30,TR-103,LT-006,222.91,9.736,2.102,0.969,49.962,0.88,NORMAL
5373,2026-08-01 01:29:32,TR-102,LT-001,225.62,8.435,1.805,0.948,50.019,1.71,NORMAL
690,2026-08-01 00:11:29,TR-104,LT-005,231.78,8.294,1.832,0.953,50.038,2.42,NORMAL
8853,2026-08-01 00:14:12,TR-102,LT-005,193.25,12.829,2.132,0.86,50.028,12.48,WARNING
6526,2026-08-01 01:48:45,TR-103,LT-006,231.13,10.67,2.463,0.999,49.852,0.11,NORMAL
9822,2026-08-01 00:10:21,TR-101,LT-005,96.51,0.146,0.006,0.444,50.047,51.88,POSSIBLE_BROKEN_LT
6489,2026-08-01 01:48:08,TR-104,LT-002,231.61,6.052,1.29,0.92,50.03,2.37,NORMAL
6922,2026-08-01 01:55:21,TR-103,LT-003,227.48,3.546,0.744,0.923,49.898,1.81,NORMAL
1954,2026-08-01 00:32:33,TR-102,LT-006,227.38,6.078,1.317,0.953,49.99,0.69,NORMAL
7635,2026-08-01 02:07:14,TR-102,LT-002,237.41,8.034,1.818,0.953,50.0,2.69,NORMAL
5637,2026-08-01 01:33:56,TR-104,LT-002,238.34,6.926,1.498,0.908,50.177,3.68,NORMAL
7155,2026-08-01 01:59:14,TR-101,LT-006,228.46,5.811,1.232,0.928,50.12,1.83,NORMAL
8425,2026-08-01 00:07:04,TR-103,LT-002,192.79,7.09,0.961,0.703,49.961,3.85,WARNING
6611,2026-08-01 01:50:10,TR-103,LT-004,232.73,12.416,2.716,0.94,50.007,1.79,NORMAL
2711,2026-08-01 00:45:10,TR-101,LT-001,226.73,10.35,2.236,0.953,50.102,3.2,NORMAL
8731,2026-08-01 00:12:10,TR-102,LT-002,206.09,9.111,1.799,0.958,50.069,9.23,WARNING
3202,2026-08-01 00:53:21,TR-102,LT-001,231.7,5.096,1.126,0.954,49.907,0.93,NORMAL
4350,2026-08-01 01:12:29,TR-104,LT-003,227.76,5.289,1.164,0.967,50.043,1.86,NORMAL
4139,2026-08-01 01:08:58,TR-101,LT-005,233.57,6.177,1.339,0.928,50.044,0.92,NORMAL
1885,2026-08-01 00:31:24,TR-102,LT-001,229.89,9.089,1.982,0.948,50.014,2.49,NORMAL
8640,2026-08-01 00:10:39,TR-103,LT-002,162.89,11.688,1.518,0.797,49.965,5.84,WARNING
4486,2026-08-01 01:14:45,TR-102,LT-003,223.62,7.728,1.612,0.933,50.074,1.06,NORMAL
2495,2026-08-01 00:41:34,TR-101,LT-006,224.97,6.588,1.339,0.903,49.89,3.06,NORMAL
5948,2026-08-01 01:39:07,TR-103,LT-002,234.66,9.39,2.07,0.939,50.138,2.46,NORMAL
3037,2026-08-01 00:50:36,TR-101,LT-002,228.63,7.772,1.718,0.967,49.941,1.78,NORMAL
5778,2026-08-01 01:36:17,TR-103,LT-002,228.58,6.918,1.467,0.927,49.951,1.9,NORMAL
3604,2026-08-01 01:00:03,TR-104,LT-006,230.0,8.203,1.748,0.926,50.028,3.06,NORMAL
846,2026-08-01 00:14:05,TR-104,LT-005,231.97,6.517,1.433,0.948,50.099,1.81,NORMAL
543,2026-08-01 00:09:02,TR-102,LT-002,232.12,6.632,1.456,0.946,50.026,1.38,NORMAL
3725,2026-08-01 01:02:04,TR-103,LT-005,227.51,10.868,2.309,0.934,50.033,0.34,NORMAL
4188,2026-08-01 01:09:47,TR-101,LT-001,227.14,7.148,1.558,0.96,50.063,2.83,NORMAL
3680,2026-08-01 01:01:19,TR-102,LT-004,229.67,6.084,1.387,0.993,49.974,2.84,NORMAL
8900,2026-08-01 00:14:59,TR-102,LT-005,195.57,12.673,2.181,0.88,50.025,10.52,WARNING
7968,2026-08-01 02:12:47,TR-104,LT-002,228.48,10.215,2.227,0.954,50.025,2.01,NORMAL
8486,2026-08-01 00:08:05,TR-102,LT-006,182.53,11.424,1.666,0.799,49.993,6.77,WARNING
6076,2026-08-01 01:41:15,TR-102,LT-005,226.92,6.991,1.5,0.945,49.969,2.8,NORMAL
7341,2026-08-01 02:02:20,TR-102,LT-001,227.6,10.306,2.228,0.95,50.052,2.16,NORMAL
8226,2026-08-01 00:03:45,TR-102,LT-006,157.85,10.687,1.421,0.843,49.911,18.17,WARNING
7247,2026-08-01 02:00:46,TR-102,LT-001,229.53,8.735,1.879,0.937,50.041,0.64,NORMAL
9711,2026-08-01 00:08:30,TR-104,LT-006,94.89,0.259,0.003,0.11,50.076,45.77,POSSIBLE_BROKEN_LT
8291,2026-08-01 00:04:50,TR-102,LT-002,191.14,16.424,2.732,0.87,49.883,12.77,WARNING
7138,2026-08-01 01:58:57,TR-104,LT-002,227.56,9.549,1.922,0.884,49.998,1.97,NORMAL
2965,2026-08-01 00:49:24,TR-103,LT-002,234.89,8.579,1.932,0.959,49.903,1.56,NORMAL
7560,2026-08-01 02:05:59,TR-102,LT-001,229.15,7.697,1.641,0.93,49.901,0.81,NORMAL
2530,2026-08-01 00:42:09,TR-101,LT-003,225.48,8.062,1.65,0.908,49.997,1.03,NORMAL
7285,2026-08-01 02:01:24,TR-102,LT-003,235.0,5.49,1.262,0.978,50.005,1.53,NORMAL
5773,2026-08-01 01:36:12,TR-104,LT-005,232.79,7.726,1.655,0.92,49.915,1.75,NORMAL
1049,2026-08-01 00:17:28,TR-104,LT-004,235.91,7.613,1.696,0.944,49.796,2.49,NORMAL
7046,2026-08-01 01:57:25,TR-101,LT-004,227.78,7.987,1.738,0.955,50.08,3.16,NORMAL
1961,2026-08-01 00:32:40,TR-102,LT-001,229.78,5.859,1.307,0.971,50.067,1.61,NORMAL
2531,2026-08-01 00:42:10,TR-103,LT-002,231.89,11.082,2.464,0.959,50.108,0.81,NORMAL
9049,2026-08-01 00:17:28,TR-103,LT-004,179.88,12.078,1.799,0.828,49.894,3.81,WARNING
7604,2026-08-01 02:06:43,TR-103,LT-006,226.6,10.879,2.33,0.945,49.961,2.65,NORMAL
6525,2026-08-01 01:48:44,TR-102,LT-001,234.48,10.447,2.284,0.933,49.868,3.44,NORMAL
238,2026-08-01 00:03:57,TR-102,LT-003,230.75,6.026,1.347,0.969,49.858,0.79,NORMAL
4918,2026-08-01 01:21:57,TR-101,LT-001,228.5,7.481,1.562,0.914,50.079,1.66,NORMAL
6480,2026-08-01 01:47:59,TR-102,LT-006,231.18,9.513,1.965,0.893,50.072,1.17,NORMAL
1134,2026-08-01 00:18:53,TR-104,LT-002,231.81,8.548,1.847,0.932,50.029,1.23,NORMAL
6977,2026-08-01 01:56:16,TR-101,LT-002,231.28,6.08,1.296,0.921,49.987,2.47,NORMAL
5902,2026-08-01 01:38:21,TR-103,LT-004,219.91,7.548,1.572,0.947,50.002,1.64,NORMAL
9058,2026-08-01 00:17:37,TR-103,LT-001,183.73,13.05,1.951,0.814,50.011,16.8,WARNING
4260,2026-08-01 01:10:59,TR-103,LT-002,226.45,9.426,2.038,0.955,50.086,2.77,NORMAL
8841,2026-08-01 00:14:00,TR-102,LT-003,192.34,7.995,1.28,0.832,50.021,12.17,WARNING
6966,2026-08-01 01:56:05,TR-104,LT-004,232.15,7.599,1.687,0.956,49.971,1.42,NORMAL
9980,2026-08-01 00:12:59,TR-101,LT-002,61.98,0.342,0.008,0.366,50.059,39.65,POSSIBLE_BROKEN_LT
793,2026-08-01 00:13:12,TR-103,LT-005,231.09,8.126,1.779,0.947,50.068,1.13,NORMAL
1986,2026-08-01 00:33:05,TR-104,LT-003,232.05,7.215,1.621,0.968,49.893,3.24,NORMAL
5657,2026-08-01 01:34:16,TR-103,LT-002,234.04,12.11,2.642,0.932,49.943,2.5,NORMAL
8740,2026-08-01 00:12:19,TR-102,LT-006,185.2,11.549,1.715,0.802,50.08,16.3,WARNING
7936,2026-08-01 02:12:15,TR-103,LT-006,233.4,10.202,2.19,0.92,49.97,0.03,NORMAL
6098,2026-08-01 01:41:37,TR-102,LT-003,230.35,9.839,2.129,0.939,49.957,0.78,NORMAL
5908,2026-08-01 01:38:27,TR-102,LT-001,218.4,7.138,1.518,0.974,49.916,1.77,NORMAL
7374,2026-08-01 02:02:53,TR-103,LT-006,222.36,8.267,1.71,0.93,50.053,0.96,NORMAL
8129,2026-08-01 00:02:08,TR-104,LT-006,190.5,9.515,1.39,0.767,49.914,9.57,WARNING
2979,2026-08-01 00:49:38,TR-104,LT-004,232.17,10.179,2.172,0.919,49.981,1.82,NORMAL
8862,2026-08-01 00:14:21,TR-103,LT-001,158.95,14.08,1.829,0.817,49.906,13.06,WARNING
9302,2026-08-01 00:01:41,TR-102,LT-005,84.09,0.178,0.003,0.193,49.986,39.92,POSSIBLE_BROKEN_LT
6722,2026-08-01 01:52:01,TR-102,LT-005,234.35,9.981,2.238,0.957,50.063,1.78,NORMAL
7843,2026-08-01 02:10:42,TR-102,LT-006,232.63,6.663,1.512,0.976,50.025,0.14,NORMAL
5525,2026-08-01 01:32:04,TR-104,LT-006,226.57,6.55,1.346,0.907,50.023,0.28,NORMAL
8722,2026-08-01 00:12:01,TR-103,LT-002,175.44,11.266,1.599,0.809,49.979,14.08,WARNING
8432,2026-08-01 00:07:11,TR-104,LT-002,196.98,11.272,1.897,0.854,49.985,18.31,WARNING
9009,2026-08-01 00:16:48,TR-101,LT-003,169.25,13.404,1.804,0.795,50.114,10.3,WARNING
8604,2026-08-01 00:10:03,TR-103,LT-006,189.41,7.515,1.25,0.878,49.894,12.14,WARNING
7175,2026-08-01 01:59:34,TR-104,LT-004,235.5,12.407,2.74,0.938,50.111,1.93,NORMAL
3920,2026-08-01 01:05:19,TR-104,LT-001,229.76,7.005,1.445,0.898,49.9,0.82,NORMAL
3139,2026-08-01 00:52:18,TR-102,LT-004,231.89,6.924,1.514,0.943,49.98,0.42,NORMAL
9417,2026-08-01 00:03:36,TR-103,LT-004,56.35,0.283,0.005,0.344,49.991,40.26,POSSIBLE_BROKEN_LT
9934,2026-08-01 00:12:13,TR-104,LT-002,77.67,0.17,0.007,0.498,50.024,22.33,POSSIBLE_BROKEN_LT
5790,2026-08-01 01:36:29,TR-104,LT-004,230.38,7.412,1.628,0.953,49.913,0.4,NORMAL
4074,2026-08-01 01:07:53,TR-104,LT-001,229.42,4.994,1.043,0.911,50.09,1.45,NORMAL
3288,2026-08-01 00:54:47,TR-102,LT-003,229.15,5.268,1.162,0.962,49.965,1.43,NORMAL
3230,2026-08-01 00:53:49,TR-104,LT-003,229.84,8.019,1.706,0.926,49.976,2.03,NORMAL
1827,2026-08-01 00:30:26,TR-102,LT-001,225.64,4.624,0.966,0.926,49.937,1.53,NORMAL
5549,2026-08-01 01:32:28,TR-104,LT-005,228.03,12.212,2.663,0.956,50.082,1.39,NORMAL
594,2026-08-01 00:09:53,TR-103,LT-003,231.33,8.272,1.724,0.901,50.106,1.86,NORMAL
2726,2026-08-01 00:45:25,TR-104,LT-003,230.01,6.583,1.473,0.972,49.968,2.22,NORMAL
4138,2026-08-01 01:08:57,TR-101,LT-006,231.35,8.149,1.846,0.979,50.03,1.71,NORMAL
561,2026-08-01 00:09:20,TR-103,LT-002,231.16,7.198,1.6,0.961,50.101,2.48,NORMAL
7407,2026-08-01 02:03:26,TR-102,LT-006,228.5,7.806,1.699,0.953,50.061,1.35,NORMAL
8807,2026-08-01 00:13:26,TR-104,LT-001,163.72,16.956,2.279,0.821,50.047,6.24,WARNING
8387,2026-08-01 00:06:26,TR-101,LT-001,188.06,10.753,1.881,0.93,50.126,20.04,WARNING
244,2026-08-01 00:04:03,TR-102,LT-004,233.46,10.677,2.183,0.876,50.025,2.15,NORMAL
7269,2026-08-01 02:01:08,TR-101,LT-005,230.73,9.997,2.067,0.896,50.086,0.66,NORMAL
5436,2026-08-01 01:30:35,TR-103,LT-004,227.55,10.335,2.288,0.973,50.026,0.65,NORMAL
4438,2026-08-01 01:13:57,TR-103,LT-004,228.91,7.575,1.574,0.908,49.913,2.52,NORMAL
9685,2026-08-01 00:08:04,TR-103,LT-001,82.19,0.274,0.01,0.465,50.025,36.09,POSSIBLE_BROKEN_LT
8107,2026-08-01 00:01:46,TR-101,LT-003,175.76,11.432,1.94,0.965,49.954,14.03,WARNING
406,2026-08-01 00:06:45,TR-102,LT-005,232.49,3.27,0.716,0.942,49.83,2.15,NORMAL
1443,2026-08-01 00:24:02,TR-103,LT-006,230.72,6.056,1.31,0.937,50.026,2.27,NORMAL
262,2026-08-01 00:04:21,TR-104,LT-006,229.76,11.437,2.526,0.961,50.079,3.1,NORMAL
4407,2026-08-01 01:13:26,TR-102,LT-003,229.54,9.721,2.085,0.935,50.117,2.92,NORMAL
7634,2026-08-01 02:07:13,TR-102,LT-005,232.82,7.923,1.729,0.938,49.996,1.7,NORMAL
9534,2026-08-01 00:05:33,TR-102,LT-001,75.89,0.433,0.018,0.542,49.962,46.48,POSSIBLE_BROKEN_LT
1690,2026-08-01 00:28:09,TR-103,LT-001,228.96,8.587,1.809,0.92,50.002,1.98,NORMAL
9867,2026-08-01 00:11:06,TR-102,LT-001,82.53,0.399,0.02,0.621,50.19,49.74,POSSIBLE_BROKEN_LT
1726,2026-08-01 00:28:45,TR-104,LT-001,234.34,7.401,1.704,0.982,49.911,2.01,NORMAL
8995,2026-08-01 00:16:34,TR-104,LT-001,200.34,9.611,1.699,0.882,50.01,18.81,WARNING
4931,2026-08-01 01:22:10,TR-101,LT-001,234.39,6.561,1.438,0.935,50.023,0.03,NORMAL
5963,2026-08-01 01:39:22,TR-104,LT-004,230.14,8.835,1.911,0.94,50.07,2.7,NORMAL
2497,2026-08-01 00:41:36,TR-102,LT-002,228.88,5.025,1.106,0.962,49.861,2.8,NORMAL
9015,2026-08-01 00:16:54,TR-103,LT-002,165.99,13.028,2.0,0.925,49.964,16.04,WARNING
6905,2026-08-01 01:55:04,TR-102,LT-005,228.53,5.071,1.064,0.918,49.99,1.99,NORMAL
6107,2026-08-01 01:41:46,TR-104,LT-004,239.35,11.638,2.652,0.952,49.82,3.07,NORMAL
8201,2026-08-01 00:03:20,TR-101,LT-006,185.73,10.563,1.655,0.844,49.917,15.07,WARNING
341,2026-08-01 00:05:40,TR-101,LT-002,226.71,8.175,1.735,0.936,50.054,1.5,NORMAL
2409,2026-08-01 00:40:08,TR-103,LT-002,233.25,10.31,2.166,0.901,50.105,1.25,NORMAL
1602,2026-08-01 00:26:41,TR-104,LT-005,235.5,10.537,2.319,0.935,49.994,2.33,NORMAL
9865,2026-08-01 00:11:04,TR-102,LT-005,79.77,0.318,0.012,0.479,49.971,47.68,POSSIBLE_BROKEN_LT
8360,2026-08-01 00:05:59,TR-103,LT-003,199.2,16.885,2.622,0.78,49.994,7.76,WARNING
5783,2026-08-01 01:36:22,TR-104,LT-002,231.83,7.364,1.564,0.916,50.142,1.25,NORMAL
4577,2026-08-01 01:16:16,TR-102,LT-003,225.29,11.118,2.452,0.979,49.969,2.54,NORMAL
7972,2026-08-01 02:12:51,TR-103,LT-002,232.58,5.864,1.258,0.922,49.918,1.47,NORMAL
3726,2026-08-01 01:02:05,TR-101,LT-003,232.33,6.609,1.387,0.904,49.968,1.49,NORMAL
2557,2026-08-01 00:42:36,TR-103,LT-005,219.46,8.548,1.739,0.927,49.964,1.35,NORMAL
2786,2026-08-01 00:46:25,TR-104,LT-004,228.59,9.833,2.192,0.975,50.006,1.15,NORMAL
1524,2026-08-01 00:25:23,TR-104,LT-001,226.16,12.344,2.742,0.982,50.037,2.93,NORMAL
7718,2026-08-01 02:08:37,TR-104,LT-003,234.71,6.255,1.328,0.904,49.921,2.36,NORMAL
2508,2026-08-01 00:41:47,TR-103,LT-003,234.98,4.235,0.933,0.937,50.063,3.96,NORMAL
2832,2026-08-01 00:47:11,TR-101,LT-004,226.3,8.569,1.784,0.92,50.134,2.05,NORMAL
1013,2026-08-01 00:16:52,TR-101,LT-004,238.3,2.958,0.662,0.94,50.062,2.73,NORMAL
5281,2026-08-01 01:28:00,TR-103,LT-002,227.44,7.142,1.544,0.951,50.006,1.21,NORMAL
4896,2026-08-01 01:21:35,TR-103,LT-003,229.96,9.988,2.008,0.874,50.08,1.46,NORMAL
1767,2026-08-01 00:29:26,TR-103,LT-006,238.68,9.866,2.235,0.949,49.998,1.77,NORMAL
4552,2026-08-01 01:15:51,TR-102,LT-002,233.36,4.818,1.064,0.946,50.015,0.71,NORMAL
7122,2026-08-01 01:58:41,TR-104,LT-006,226.63,8.293,1.733,0.922,50.041,2.81,NORMAL
6550,2026-08-01 01:49:09,TR-101,LT-005,232.33,7.033,1.552,0.95,49.895,2.04,NORMAL
4038,2026-08-01 01:07:17,TR-104,LT-006,229.11,3.328,0.72,0.944,50.03,2.64,NORMAL
8271,2026-08-01 00:04:30,TR-101,LT-005,185.96,11.257,1.98,0.946,50.024,14.08,WARNING
149,2026-08-01 00:02:28,TR-103,LT-005,232.09,8.528,1.832,0.926,50.09,2.78,NORMAL
286,2026-08-01 00:04:45,TR-101,LT-001,222.19,9.889,2.003,0.912,50.017,0.92,NORMAL
7801,2026-08-01 02:10:00,TR-101,LT-004,226.67,5.048,1.07,0.935,49.964,1.81,NORMAL
9652,2026-08-01 00:07:31,TR-101,LT-005,61.18,0.376,0.013,0.568,50.018,37.42,POSSIBLE_BROKEN_LT
364,2026-08-01 00:06:03,TR-103,LT-005,231.61,7.128,1.452,0.879,49.972,2.88,NORMAL
5368,2026-08-01 01:29:27,TR-103,LT-001,228.79,3.495,0.746,0.933,49.908,1.16,NORMAL
9946,2026-08-01 00:12:25,TR-102,LT-004,77.26,0.287,0.009,0.407,50.032,45.1,POSSIBLE_BROKEN_LT
8411,2026-08-01 00:06:50,TR-104,LT-006,188.16,12.28,1.965,0.85,49.918,21.76,WARNING
9454,2026-08-01 00:04:13,TR-102,LT-004,77.77,0.412,0.009,0.279,50.117,32.44,POSSIBLE_BROKEN_LT
4726,2026-08-01 01:18:45,TR-101,LT-006,217.32,9.991,2.095,0.965,49.889,2.35,NORMAL
7272,2026-08-01 02:01:11,TR-103,LT-002,230.94,8.07,1.69,0.907,49.949,0.64,NORMAL
6771,2026-08-01 01:52:50,TR-104,LT-004,229.87,7.198,1.618,0.978,50.082,2.18,NORMAL
4444,2026-08-01 01:14:03,TR-101,LT-005,232.72,5.121,1.079,0.906,50.063,1.47,NORMAL
7447,2026-08-01 02:04:06,TR-104,LT-002,233.1,7.415,1.597,0.924,50.131,1.53,NORMAL
237,2026-08-01 00:03:56,TR-104,LT-004,221.9,9.828,2.053,0.941,50.008,2.21,NORMAL
7710,2026-08-01 02:08:29,TR-101,LT-001,226.49,5.285,1.132,0.946,49.897,3.11,NORMAL
9586,2026-08-01 00:06:25,TR-103,LT-006,83.7,0.43,0.024,0.656,50.187,55.8,POSSIBLE_BROKEN_LT
2563,2026-08-01 00:42:42,TR-104,LT-002,226.3,8.075,1.634,0.894,50.019,3.27,NORMAL
7124,2026-08-01 01:58:43,TR-101,LT-003,229.82,9.26,1.88,0.884,49.98,3.27,NORMAL
8537,2026-08-01 00:08:56,TR-103,LT-002,163.56,7.1,0.894,0.77,50.1,13.18,WARNING
9603,2026-08-01 00:06:42,TR-103,LT-004,69.23,0.443,0.012,0.379,49.996,45.0,POSSIBLE_BROKEN_LT
5520,2026-08-01 01:31:59,TR-103,LT-003,223.99,6.861,1.415,0.921,50.073,1.62,NORMAL
9614,2026-08-01 00:06:53,TR-103,LT-006,51.98,0.619,0.009,0.276,49.916,34.62,POSSIBLE_BROKEN_LT
3084,2026-08-01 00:51:23,TR-103,LT-004,225.53,7.14,1.509,0.937,50.001,3.49,NORMAL
2960,2026-08-01 00:49:19,TR-102,LT-005,225.57,8.267,1.708,0.916,50.097,3.74,NORMAL
2103,2026-08-01 00:35:02,TR-102,LT-006,226.52,3.795,0.837,0.974,49.922,3.06,NORMAL
633,2026-08-01 00:10:32,TR-101,LT-001,229.37,11.031,2.448,0.968,49.945,3.16,NORMAL
6814,2026-08-01 01:53:33,TR-103,LT-002,221.57,6.194,1.213,0.884,49.996,2.15,NORMAL
2494,2026-08-01 00:41:33,TR-101,LT-002,235.77,6.632,1.419,0.907,50.021,3.04,NORMAL
2666,2026-08-01 00:44:25,TR-101,LT-006,224.53,7.985,1.607,0.896,50.0,1.26,NORMAL
8495,2026-08-01 00:08:14,TR-103,LT-006,169.53,16.083,2.627,0.964,50.077,2.42,WARNING
8426,2026-08-01 00:07:05,TR-101,LT-005,187.54,9.921,1.569,0.843,50.042,15.19,WARNING
9267,2026-08-01 00:01:06,TR-103,LT-002,83.42,0.406,0.014,0.426,50.005,39.49,POSSIBLE_BROKEN_LT
4212,2026-08-01 01:10:11,TR-101,LT-002,227.85,7.987,1.712,0.941,50.014,1.51,NORMAL
3875,2026-08-01 01:04:34,TR-104,LT-001,227.04,7.287,1.555,0.94,49.999,0.26,NORMAL
2818,2026-08-01 00:46:57,TR-102,LT-006,231.47,8.404,1.852,0.952,50.112,3.54,NORMAL
8269,2026-08-01 00:04:28,TR-102,LT-004,162.48,11.921,1.439,0.743,50.033,12.29,WARNING
9816,2026-08-01 00:10:15,TR-101,LT-003,77.7,0.726,0.022,0.387,50.106,40.63,POSSIBLE_BROKEN_LT
7427,2026-08-01 02:03:46,TR-103,LT-001,228.69,8.842,1.993,0.985,49.957,0.9,NORMAL
8603,2026-08-01 00:10:02,TR-103,LT-006,178.09,6.132,0.927,0.849,50.006,13.91,WARNING
8476,2026-08-01 00:07:55,TR-104,LT-002,180.98,13.577,2.035,0.828,50.009,22.2,WARNING
1736,2026-08-01 00:28:55,TR-101,LT-002,223.53,7.713,1.648,0.956,50.015,3.12,NORMAL
7398,2026-08-01 02:03:17,TR-102,LT-001,230.57,7.759,1.703,0.952,49.93,2.94,NORMAL
4256,2026-08-01 01:10:55,TR-103,LT-003,234.14,6.582,1.425,0.925,50.012,0.11,NORMAL
8289,2026-08-01 00:04:48,TR-103,LT-002,184.65,12.526,2.074,0.897,50.1,5.92,WARNING
2476,2026-08-01 00:41:15,TR-104,LT-002,232.89,5.653,1.281,0.973,50.013,1.1,NORMAL
9985,2026-08-01 00:13:04,TR-101,LT-004,102.74,0.179,0.011,0.586,49.905,38.85,POSSIBLE_BROKEN_LT
3714,2026-08-01 01:01:53,TR-101,LT-001,221.47,8.586,1.708,0.898,50.016,2.78,NORMAL
8979,2026-08-01 00:16:18,TR-102,LT-001,163.16,11.898,1.817,0.936,49.987,13.68,WARNING
1805,2026-08-01 00:30:04,TR-103,LT-005,222.79,9.645,1.985,0.924,50.026,1.38,NORMAL
708,2026-08-01 00:11:47,TR-101,LT-001,237.02,8.818,1.921,0.919,50.03,1.61,NORMAL
9192,2026-08-01 00:19:51,TR-104,LT-005,178.39,9.316,1.472,0.886,49.891,5.73,WARNING
5190,2026-08-01 01:26:29,TR-101,LT-002,236.92,7.972,1.752,0.927,49.987,2.08,NORMAL
5473,2026-08-01 01:31:12,TR-103,LT-001,228.51,4.893,1.048,0.937,50.155,2.18,NORMAL
73,2026-08-01 00:01:12,TR-101,LT-001,229.86,6.763,1.41,0.907,49.995,0.49,NORMAL
7844,2026-08-01 02:10:43,TR-103,LT-004,228.42,16.958,3.453,0.891,50.014,1.02,NORMAL
5102,2026-08-01 01:25:01,TR-104,LT-005,232.01,5.091,1.102,0.933,50.093,3.06,NORMAL
6765,2026-08-01 01:52:44,TR-103,LT-001,221.5,11.594,2.307,0.899,49.849,1.8,NORMAL
1126,2026-08-01 00:18:45,TR-103,LT-006,225.41,8.129,1.74,0.95,49.897,1.13,NORMAL
1242,2026-08-01 00:20:41,TR-103,LT-004,229.19,7.869,1.703,0.944,50.094,2.35,NORMAL
8254,2026-08-01 00:04:13,TR-102,LT-002,165.99,11.162,1.35,0.728,50.106,17.77,WARNING
2350,2026-08-01 00:39:09,TR-103,LT-004,228.43,7.569,1.59,0.919,50.096,1.93,NORMAL
6603,2026-08-01 01:50:02,TR-101,LT-001,233.65,8.662,1.803,0.891,49.984,1.17,NORMAL
6781,2026-08-01 01:53:00,TR-102,LT-001,234.81,10.112,2.348,0.989,50.027,1.88,NORMAL
4359,2026-08-01 01:12:38,TR-102,LT-003,232.37,6.888,1.533,0.958,50.012,2.76,NORMAL
1344,2026-08-01 00:22:23,TR-102,LT-006,234.76,8.89,1.985,0.951,50.023,1.95,NORMAL
9989,2026-08-01 00:13:08,TR-103,LT-005,74.89,0.144,0.005,0.481,50.038,38.07,POSSIBLE_BROKEN_LT
8680,2026-08-01 00:11:19,TR-103,LT-005,225.0,11.125,1.985,0.793,49.918,12.66,WARNING
9576,2026-08-01 00:06:15,TR-102,LT-002,74.71,0.148,0.009,0.85,49.969,32.53,POSSIBLE_BROKEN_LT
6653,2026-08-01 01:50:52,TR-102,LT-001,227.0,3.204,0.677,0.931,50.084,1.68,NORMAL
1101,2026-08-01 00:18:20,TR-103,LT-003,233.99,7.318,1.631,0.952,49.943,2.28,NORMAL
7328,2026-08-01 02:02:07,TR-102,LT-001,231.63,4.996,1.048,0.906,50.031,3.35,NORMAL
7623,2026-08-01 02:07:02,TR-102,LT-001,226.79,7.775,1.585,0.899,49.979,1.96,NORMAL
988,2026-08-01 00:16:27,TR-103,LT-005,233.51,6.772,1.512,0.956,49.939,2.17,NORMAL
2853,2026-08-01 00:47:32,TR-104,LT-006,225.58,7.591,1.558,0.91,49.855,4.25,NORMAL
631,2026-08-01 00:10:30,TR-102,LT-006,223.23,5.344,1.13,0.947,50.053,0.7,NORMAL
1250,2026-08-01 00:20:49,TR-103,LT-001,223.78,4.649,1.005,0.966,49.901,1.94,NORMAL
3180,2026-08-01 00:52:59,TR-104,LT-005,232.06,8.357,1.874,0.966,50.029,1.95,NORMAL
483,2026-08-01 00:08:02,TR-103,LT-003,223.57,11.825,2.495,0.944,50.005,1.87,NORMAL
3041,2026-08-01 00:50:40,TR-104,LT-003,232.44,6.988,1.578,0.972,49.956,1.43,NORMAL
5011,2026-08-01 01:23:30,TR-103,LT-004,236.39,10.157,2.27,0.946,49.917,1.11,NORMAL
8728,2026-08-01 00:12:07,TR-103,LT-005,197.41,9.764,1.554,0.806,49.975,10.69,WARNING
7001,2026-08-01 01:56:40,TR-103,LT-002,233.14,7.713,1.789,0.995,49.892,0.68,NORMAL
3274,2026-08-01 00:54:33,TR-101,LT-004,232.88,9.567,2.174,0.976,49.915,4.28,NORMAL
7228,2026-08-01 02:00:27,TR-101,LT-003,229.8,7.945,1.752,0.96,50.023,2.24,NORMAL
3684,2026-08-01 01:01:23,TR-104,LT-002,234.92,8.156,1.873,0.978,49.967,1.94,NORMAL
6675,2026-08-01 01:51:14,TR-104,LT-006,233.74,7.2,1.556,0.925,50.045,2.69,NORMAL
6808,2026-08-01 01:53:27,TR-101,LT-004,232.78,6.746,1.547,0.985,49.853,2.57,NORMAL
9739,2026-08-01 00:08:58,TR-102,LT-005,91.68,0.44,0.01,0.259,49.757,34.2,POSSIBLE_BROKEN_LT
1317,2026-08-01 00:21:56,TR-101,LT-002,225.74,7.43,1.555,0.927,49.946,1.64,NORMAL
3226,2026-08-01 00:53:45,TR-103,LT-001,226.05,2.465,0.528,0.947,49.953,2.15,NORMAL
1073,2026-08-01 00:17:52,TR-103,LT-003,230.31,4.805,1.065,0.963,50.012,2.43,NORMAL
4816,2026-08-01 01:20:15,TR-103,LT-001,229.01,6.771,1.462,0.943,50.134,1.93,NORMAL
8460,2026-08-01 00:07:39,TR-103,LT-004,200.46,12.496,2.186,0.873,50.029,12.56,WARNING
5753,2026-08-01 01:35:52,TR-104,LT-006,235.56,7.158,1.508,0.895,49.965,1.03,NORMAL
9146,2026-08-01 00:19:05,TR-102,LT-002,212.76,11.403,2.379,0.98,49.851,15.08,WARNING
4617,2026-08-01 01:16:56,TR-104,LT-006,234.58,11.352,2.504,0.94,49.949,0.11,NORMAL
3098,2026-08-01 00:51:37,TR-103,LT-002,232.33,8.372,1.785,0.918,50.083,2.14,NORMAL
6870,2026-08-01 01:54:29,TR-102,LT-005,224.71,9.069,1.913,0.939,50.091,1.02,NORMAL
1301,2026-08-01 00:21:40,TR-102,LT-006,227.33,8.842,1.8,0.895,50.059,1.17,NORMAL
7286,2026-08-01 02:01:25,TR-102,LT-005,225.77,5.068,1.089,0.951,49.926,2.23,NORMAL
6285,2026-08-01 01:44:44,TR-103,LT-001,227.62,7.244,1.508,0.915,50.043,1.82,NORMAL
5496,2026-08-01 01:31:35,TR-104,LT-002,224.9,8.531,1.767,0.921,49.982,0.26,NORMAL
5292,2026-08-01 01:28:11,TR-103,LT-005,231.83,9.833,2.144,0.941,49.973,1.34,NORMAL
1799,2026-08-01 00:29:58,TR-103,LT-004,234.3,7.77,1.709,0.939,49.935,1.79,NORMAL
5204,2026-08-01 01:26:43,TR-101,LT-004,233.08,8.213,1.768,0.923,50.021,1.56,NORMAL
8228,2026-08-01 00:03:47,TR-103,LT-006,162.28,12.093,1.755,0.894,50.003,11.82,WARNING
5048,2026-08-01 01:24:07,TR-101,LT-003,229.91,8.864,1.9,0.932,49.987,2.13,NORMAL
6442,2026-08-01 01:47:21,TR-101,LT-006,229.49,9.149,2.015,0.96,50.075,0.48,NORMAL
8106,2026-08-01 00:01:45,TR-104,LT-002,139.43,9.102,1.069,0.842,49.965,9.29,WARNING
2360,2026-08-01 00:39:19,TR-104,LT-001,231.63,8.245,1.877,0.983,50.165,2.81,NORMAL
9381,2026-08-01 00:03:00,TR-101,LT-006,48.29,0.856,0.014,0.341,49.766,40.59,POSSIBLE_BROKEN_LT
3655,2026-08-01 01:00:54,TR-102,LT-004,230.6,3.752,0.822,0.95,50.131,0.9,NORMAL
7053,2026-08-01 01:57:32,TR-101,LT-006,234.2,6.08,1.358,0.954,49.963,3.2,NORMAL
1287,2026-08-01 00:21:26,TR-101,LT-004,222.66,8.857,1.822,0.924,49.979,1.37,NORMAL
9127,2026-08-01 00:18:46,TR-102,LT-005,163.49,7.553,0.953,0.772,49.989,15.49,WARNING
4446,2026-08-01 01:14:05,TR-104,LT-002,226.95,11.924,2.554,0.944,50.092,3.04,NORMAL
2138,2026-08-01 00:35:37,TR-101,LT-002,236.2,4.334,0.964,0.942,49.921,2.14,NORMAL
6788,2026-08-01 01:53:07,TR-101,LT-005,225.47,7.164,1.536,0.951,50.025,1.66,NORMAL
9753,2026-08-01 00:09:12,TR-103,LT-006,127.12,0.47,0.042,0.711,49.957,40.82,POSSIBLE_BROKEN_LT
8511,2026-08-01 00:08:30,TR-103,LT-004,181.97,15.699,2.257,0.79,49.837,13.27,WARNING
9540,2026-08-01 00:05:39,TR-102,LT-003,85.34,0.428,0.02,0.539,49.93,42.2,POSSIBLE_BROKEN_LT
6895,2026-08-01 01:54:54,TR-102,LT-004,227.17,6.499,1.359,0.921,49.984,2.05,NORMAL
8570,2026-08-01 00:09:29,TR-101,LT-002,146.17,5.007,0.635,0.868,49.98,12.09,WARNING
7152,2026-08-01 01:59:11,TR-102,LT-001,232.96,7.795,1.671,0.92,49.998,0.91,NORMAL
964,2026-08-01 00:16:03,TR-101,LT-005,232.84,7.543,1.63,0.928,49.863,1.86,NORMAL
6013,2026-08-01 01:40:12,TR-101,LT-003,230.8,5.513,1.167,0.917,50.064,0.85,NORMAL
4883,2026-08-01 01:21:22,TR-102,LT-003,226.59,5.947,1.329,0.986,49.714,2.16,NORMAL
141,2026-08-01 00:02:20,TR-104,LT-005,230.91,6.74,1.419,0.912,50.029,1.97,NORMAL
9033,2026-08-01 00:17:12,TR-101,LT-005,200.46,15.762,2.508,0.794,49.998,7.44,WARNING
6937,2026-08-01 01:55:36,TR-102,LT-006,235.79,8.412,1.797,0.906,49.934,0.96,NORMAL
6543,2026-08-01 01:49:02,TR-103,LT-005,223.0,8.078,1.634,0.907,50.191,1.15,NORMAL
5244,2026-08-01 01:27:23,TR-102,LT-001,232.62,3.97,0.859,0.931,50.016,0.97,NORMAL
4432,2026-08-01 01:13:51,TR-101,LT-006,221.08,11.076,2.317,0.946,49.92,1.18,NORMAL
407,2026-08-01 00:06:46,TR-103,LT-002,225.73,12.104,2.479,0.907,49.796,2.76,NORMAL
8213,2026-08-01 00:03:32,TR-103,LT-005,209.54,10.536,1.702,0.771,49.968,12.51,WARNING
8377,2026-08-01 00:06:16,TR-104,LT-005,168.66,11.169,1.695,0.9,49.925,10.06,WARNING
8628,2026-08-01 00:10:27,TR-103,LT-002,177.15,3.053,0.435,0.804,49.983,3.41,WARNING
8235,2026-08-01 00:03:54,TR-103,LT-003,167.11,11.128,1.358,0.73,49.976,13.66,WARNING
4400,2026-08-01 01:13:19,TR-103,LT-004,233.77,6.998,1.567,0.958,49.893,1.58,NORMAL
5253,2026-08-01 01:27:32,TR-104,LT-002,228.13,6.184,1.394,0.988,49.946,1.99,NORMAL
12,2026-08-01 00:00:11,TR-102,LT-006,228.14,8.862,1.939,0.959,50.104,2.33,NORMAL
4761,2026-08-01 01:19:20,TR-101,LT-004,224.92,10.32,2.157,0.929,49.96,0.59,NORMAL
1178,2026-08-01 00:19:37,TR-102,LT-004,229.61,6.933,1.399,0.879,49.909,0.79,NORMAL
2864,2026-08-01 00:47:43,TR-101,LT-003,232.73,7.343,1.635,0.957,49.861,1.14,NORMAL
6472,2026-08-01 01:47:51,TR-104,LT-002,228.74,7.27,1.559,0.938,50.026,3.36,NORMAL
6229,2026-08-01 01:43:48,TR-101,LT-002,233.32,7.259,1.624,0.959,49.941,2.04,NORMAL
2990,2026-08-01 00:49:49,TR-103,LT-006,239.65,9.61,2.084,0.905,50.03,0.96,NORMAL
7118,2026-08-01 01:58:37,TR-103,LT-003,228.54,7.025,1.508,0.939,50.034,1.48,NORMAL
7011,2026-08-01 01:56:50,TR-101,LT-005,231.17,7.34,1.591,0.938,49.928,0.52,NORMAL
8558,2026-08-01 00:09:17,TR-101,LT-004,223.02,10.564,2.088,0.886,50.048,15.71,WARNING
1441,2026-08-01 00:24:00,TR-101,LT-002,232.65,4.484,0.984,0.943,49.999,2.93,NORMAL
9748,2026-08-01 00:09:07,TR-103,LT-001,52.79,0.293,0.004,0.26,50.032,21.43,POSSIBLE_BROKEN_LT
2876,2026-08-01 00:47:55,TR-101,LT-003,226.36,4.101,0.902,0.972,50.07,2.47,NORMAL
9099,2026-08-01 00:18:18,TR-102,LT-001,190.12,4.685,0.791,0.888,49.977,3.37,WARNING
8789,2026-08-01 00:13:08,TR-102,LT-005,181.67,7.031,1.081,0.846,49.907,13.56,WARNING
7233,2026-08-01 02:00:32,TR-103,LT-003,230.98,7.594,1.617,0.922,49.967,2.91,NORMAL
3727,2026-08-01 01:02:06,TR-102,LT-002,231.99,9.059,2.021,0.962,49.831,0.89,NORMAL
2773,2026-08-01 00:46:12,TR-101,LT-003,229.29,9.757,2.074,0.927,49.882,1.62,NORMAL
455,2026-08-01 00:07:34,TR-102,LT-003,227.88,5.797,1.236,0.935,49.999,1.72,NORMAL
8190,2026-08-01 00:03:09,TR-102,LT-001,221.61,7.822,1.471,0.849,49.951,14.86,WARNING
1368,2026-08-01 00:22:47,TR-104,LT-003,226.27,10.671,2.319,0.96,50.007,1.24,NORMAL
3713,2026-08-01 01:01:52,TR-104,LT-005,231.12,10.282,2.195,0.924,49.95,0.83,NORMAL
9853,2026-08-01 00:10:52,TR-101,LT-005,74.29,0.718,0.035,0.665,49.948,34.52,POSSIBLE_BROKEN_LT
1389,2026-08-01 00:23:08,TR-103,LT-002,230.13,10.054,2.275,0.983,50.074,0.62,NORMAL
1001,2026-08-01 00:16:40,TR-104,LT-003,235.6,9.531,2.092,0.932,50.024,2.17,NORMAL
7762,2026-08-01 02:09:21,TR-102,LT-002,232.85,7.402,1.617,0.938,49.955,1.39,NORMAL
3554,2026-08-01 00:59:13,TR-101,LT-002,240.05,10.27,2.279,0.925,49.869,3.01,NORMAL
4115,2026-08-01 01:08:34,TR-102,LT-001,236.52,7.342,1.645,0.947,49.937,1.77,NORMAL
1668,2026-08-01 00:27:47,TR-101,LT-002,227.98,7.235,1.605,0.973,50.179,1.94,NORMAL
3174,2026-08-01 00:52:53,TR-104,LT-006,233.1,7.351,1.643,0.959,50.075,2.37,NORMAL
9398,2026-08-01 00:03:17,TR-101,LT-001,85.64,0.303,0.015,0.57,49.986,44.32,POSSIBLE_BROKEN_LT
489,2026-08-01 00:08:08,TR-104,LT-006,236.75,9.142,2.099,0.97,49.977,2.57,NORMAL
3231,2026-08-01 00:53:50,TR-102,LT-004,228.33,8.606,1.774,0.903,50.004,2.49,NORMAL
3829,2026-08-01 01:03:48,TR-101,LT-004,234.73,6.364,1.4,0.937,50.001,3.79,NORMAL
8652,2026-08-01 00:10:51,TR-103,LT-005,200.45,10.337,1.667,0.805,49.957,16.15,WARNING
5209,2026-08-01 01:26:48,TR-102,LT-005,225.9,8.284,1.801,0.962,50.101,3.4,NORMAL
7849,2026-08-01 02:10:48,TR-101,LT-002,227.4,10.199,2.208,0.952,50.099,2.97,NORMAL
5705,2026-08-01 01:35:04,TR-103,LT-004,228.63,9.043,2.037,0.985,49.97,2.23,NORMAL
9640,2026-08-01 00:07:19,TR-102,LT-001,59.64,0.155,0.004,0.469,50.03,36.61,POSSIBLE_BROKEN_LT
8134,2026-08-01 00:02:13,TR-102,LT-006,175.9,9.929,1.401,0.802,50.128,6.41,WARNING
704,2026-08-01 00:11:43,TR-103,LT-006,224.37,9.276,1.988,0.955,50.095,2.88,NORMAL
5106,2026-08-01 01:25:05,TR-103,LT-002,230.81,3.743,0.829,0.96,50.06,1.04,NORMAL
8894,2026-08-01 00:14:53,TR-102,LT-006,144.78,14.09,1.5,0.736,50.035,2.42,WARNING
3292,2026-08-01 00:54:51,TR-104,LT-004,220.05,9.852,2.045,0.943,50.082,2.03,NORMAL
8126,2026-08-01 00:02:05,TR-101,LT-004,161.78,15.378,1.811,0.728,49.99,21.25,WARNING
9632,2026-08-01 00:07:11,TR-103,LT-002,53.48,0.349,0.011,0.591,50.205,17.94,POSSIBLE_BROKEN_LT
9022,2026-08-01 00:17:01,TR-103,LT-006,163.06,9.569,1.317,0.844,49.977,11.78,WARNING
4910,2026-08-01 01:21:49,TR-104,LT-001,226.71,8.085,1.745,0.952,49.853,2.13,NORMAL
4441,2026-08-01 01:14:00,TR-104,LT-001,224.57,8.589,1.806,0.937,49.892,1.18,NORMAL
987,2026-08-01 00:16:26,TR-103,LT-006,236.01,6.643,1.481,0.945,50.156,3.77,NORMAL
9237,2026-08-01 00:00:36,TR-104,LT-004,93.24,0.51,0.023,0.48,49.931,63.94,POSSIBLE_BROKEN_LT
9884,2026-08-01 00:11:23,TR-103,LT-001,63.4,0.249,0.01,0.601,49.924,38.36,POSSIBLE_BROKEN_LT
7706,2026-08-01 02:08:25,TR-103,LT-001,228.8,10.782,2.276,0.923,49.969,2.13,NORMAL
6258,2026-08-01 01:44:17,TR-103,LT-004,224.62,10.457,2.283,0.972,49.94,1.27,NORMAL
6090,2026-08-01 01:41:29,TR-102,LT-003,229.84,6.877,1.476,0.934,49.97,2.66,NORMAL
5239,2026-08-01 01:27:18,TR-104,LT-004,230.72,9.411,2.103,0.968,50.015,3.01,NORMAL
1199,2026-08-01 00:19:58,TR-103,LT-003,230.9,3.025,0.67,0.96,50.012,0.7,NORMAL
9071,2026-08-01 00:17:50,TR-103,LT-001,165.32,4.515,0.566,0.758,49.939,10.4,WARNING
7520,2026-08-01 02:05:19,TR-103,LT-006,232.68,8.383,1.916,0.983,50.073,0.85,NORMAL
6813,2026-08-01 01:53:32,TR-101,LT-003,226.65,6.53,1.364,0.921,50.163,3.76,NORMAL
8321,2026-08-01 00:05:20,TR-101,LT-004,184.35,9.658,1.547,0.869,50.081,14.16,WARNING
7176,2026-08-01 01:59:35,TR-104,LT-003,231.44,9.264,1.986,0.926,49.908,4.09,NORMAL
4471,2026-08-01 01:14:30,TR-102,LT-002,231.29,10.957,2.462,0.972,50.06,1.16,NORMAL
892,2026-08-01 00:14:51,TR-103,LT-005,232.03,9.062,2.007,0.955,50.044,3.64,NORMAL
1970,2026-08-01 00:32:49,TR-104,LT-003,234.54,6.543,1.402,0.913,49.925,3.32,NORMAL
5758,2026-08-01 01:35:57,TR-102,LT-001,228.67,5.026,1.093,0.951,49.934,2.21,NORMAL
6528,2026-08-01 01:48:47,TR-101,LT-005,229.83,9.11,1.942,0.927,49.935,1.89,NORMAL
6295,2026-08-01 01:44:54,TR-101,LT-002,225.24,8.135,1.717,0.937,49.999,2.26,NORMAL
7596,2026-08-01 02:06:35,TR-103,LT-006,227.36,11.698,2.559,0.962,50.079,1.3,NORMAL
3250,2026-08-01 00:54:09,TR-101,LT-005,222.57,7.485,1.655,0.993,49.95,2.77,NORMAL
6571,2026-08-01 01:49:30,TR-102,LT-004,229.47,7.559,1.691,0.975,50.005,1.78,NORMAL
6639,2026-08-01 01:50:38,TR-103,LT-006,228.41,6.67,1.4,0.919,49.891,2.91,NORMAL
7352,2026-08-01 02:02:31,TR-102,LT-003,230.51,6.222,1.299,0.906,50.004,0.75,NORMAL
9173,2026-08-01 00:19:32,TR-104,LT-005,176.17,13.246,1.675,0.718,49.915,16.65,WARNING
7474,2026-08-01 02:04:33,TR-102,LT-005,235.1,10.646,2.328,0.93,49.98,4.08,NORMAL
9602,2026-08-01 00:06:41,TR-102,LT-003,88.7,0.405,0.014,0.399,49.91,49.51,POSSIBLE_BROKEN_LT
8674,2026-08-01 00:11:13,TR-104,LT-002,172.2,9.091,1.34,0.856,50.053,14.11,WARNING
1240,2026-08-01 00:20:39,TR-103,LT-005,236.51,5.575,1.298,0.985,49.993,3.62,NORMAL
2290,2026-08-01 00:38:09,TR-104,LT-001,235.69,6.498,1.506,0.984,49.959,2.36,NORMAL
2741,2026-08-01 00:45:40,TR-103,LT-004,231.66,9.944,2.091,0.908,49.958,2.8,NORMAL
4586,2026-08-01 01:16:25,TR-104,LT-003,234.77,8.12,1.857,0.974,49.928,1.75,NORMAL
1230,2026-08-01 00:20:29,TR-103,LT-002,238.84,8.039,1.858,0.968,50.103,0.13,NORMAL
6981,2026-08-01 01:56:20,TR-104,LT-006,224.74,5.612,1.173,0.93,49.847,0.03,NORMAL
5179,2026-08-01 01:26:18,TR-104,LT-005,229.5,6.821,1.423,0.909,49.899,2.4,NORMAL
4294,2026-08-01 01:11:33,TR-104,LT-001,229.17,11.204,2.436,0.949,50.123,1.15,NORMAL
1059,2026-08-01 00:17:38,TR-103,LT-006,232.17,5.036,1.097,0.938,50.065,2.8,NORMAL
6263,2026-08-01 01:44:22,TR-104,LT-006,229.37,8.917,1.861,0.91,49.798,1.88,NORMAL
282,2026-08-01 00:04:41,TR-101,LT-002,232.65,10.749,2.317,0.927,49.944,0.45,NORMAL
969,2026-08-01 00:16:08,TR-102,LT-004,229.84,9.067,1.922,0.922,49.941,1.79,NORMAL
3954,2026-08-01 01:05:53,TR-101,LT-006,232.28,2.013,0.433,0.925,49.865,2.39,NORMAL
1940,2026-08-01 00:32:19,TR-103,LT-001,230.39,4.178,0.914,0.949,49.908,2.27,NORMAL
8465,2026-08-01 00:07:44,TR-104,LT-003,185.35,10.964,1.726,0.849,50.003,3.55,WARNING
1275,2026-08-01 00:21:14,TR-101,LT-004,234.85,6.697,1.473,0.937,50.034,2.13,NORMAL
620,2026-08-01 00:10:19,TR-101,LT-002,230.9,11.169,2.344,0.909,50.068,3.41,NORMAL
8506,2026-08-01 00:08:25,TR-104,LT-005,171.64,9.414,1.314,0.813,50.026,3.62,WARNING
1743,2026-08-01 00:29:02,TR-101,LT-004,230.28,5.079,1.072,0.916,49.968,2.52,NORMAL
1391,2026-08-01 00:23:10,TR-101,LT-001,231.84,7.761,1.648,0.916,49.953,4.18,NORMAL
2204,2026-08-01 00:36:43,TR-101,LT-004,224.83,8.11,1.762,0.966,49.984,2.38,NORMAL
3569,2026-08-01 00:59:28,TR-103,LT-001,230.9,9.14,1.984,0.94,50.11,0.82,NORMAL
6117,2026-08-01 01:41:56,TR-101,LT-003,233.29,9.087,1.913,0.902,50.0,2.21,NORMAL
9971,2026-08-01 00:12:50,TR-103,LT-001,65.85,0.517,0.015,0.429,49.989,33.57,POSSIBLE_BROKEN_LT
6053,2026-08-01 01:40:52,TR-102,LT-004,228.55,6.379,1.419,0.973,50.022,2.32,NORMAL
3179,2026-08-01 00:52:58,TR-104,LT-002,233.9,7.277,1.667,0.98,49.899,1.98,NORMAL
3193,2026-08-01 00:53:12,TR-102,LT-003,239.13,7.439,1.651,0.928,49.927,0.88,NORMAL
6100,2026-08-01 01:41:39,TR-101,LT-002,227.13,8.461,1.774,0.923,49.808,1.83,NORMAL
7030,2026-08-01 01:57:09,TR-101,LT-001,231.29,9.102,1.984,0.943,50.091,1.95,NORMAL
576,2026-08-01 00:09:35,TR-102,LT-004,221.16,8.812,1.842,0.945,49.98,1.74,NORMAL
6657,2026-08-01 01:50:56,TR-104,LT-002,224.92,8.429,1.829,0.965,50.122,0.03,NORMAL
7116,2026-08-01 01:58:35,TR-101,LT-005,228.27,6.744,1.441,0.936,49.985,2.04,NORMAL
8803,2026-08-01 00:13:22,TR-101,LT-006,158.27,7.302,0.895,0.774,50.042,8.07,WARNING
6277,2026-08-01 01:44:36,TR-102,LT-005,233.64,9.213,1.984,0.922,49.979,2.12,NORMAL
8985,2026-08-01 00:16:24,TR-103,LT-002,161.35,6.865,0.943,0.851,50.042,9.57,WARNING
5898,2026-08-01 01:38:17,TR-101,LT-001,234.33,5.431,1.18,0.927,50.075,3.56,NORMAL
5725,2026-08-01 01:35:24,TR-102,LT-002,228.21,6.593,1.457,0.969,49.962,1.6,NORMAL
270,2026-08-01 00:04:29,TR-103,LT-004,230.52,9.585,2.022,0.915,49.938,2.15,NORMAL
630,2026-08-01 00:10:29,TR-102,LT-001,234.38,6.631,1.464,0.942,49.899,1.61,NORMAL
3082,2026-08-01 00:51:21,TR-102,LT-001,230.56,11.461,2.453,0.928,50.142,1.87,NORMAL
3467,2026-08-01 00:57:46,TR-104,LT-004,228.35,7.349,1.616,0.963,50.026,2.82,NORMAL
6431,2026-08-01 01:47:10,TR-104,LT-004,227.49,4.696,0.961,0.899,49.982,2.23,NORMAL
9312,2026-08-01 00:01:51,TR-104,LT-001,91.74,0.441,0.021,0.512,49.852,51.78,POSSIBLE_BROKEN_LT
7063,2026-08-01 01:57:42,TR-102,LT-005,227.15,9.13,1.858,0.896,49.954,3.09,NORMAL
9728,2026-08-01 00:08:47,TR-102,LT-001,104.45,0.374,0.018,0.462,50.121,36.85,POSSIBLE_BROKEN_LT
5544,2026-08-01 01:32:23,TR-101,LT-005,229.21,10.222,2.183,0.932,50.045,1.66,NORMAL
4357,2026-08-01 01:12:36,TR-102,LT-005,230.91,7.008,1.547,0.956,49.906,2.33,NORMAL
2114,2026-08-01 00:35:13,TR-101,LT-003,225.99,8.178,1.802,0.975,50.024,2.81,NORMAL
8220,2026-08-01 00:03:39,TR-102,LT-003,172.31,10.86,1.709,0.913,50.02,17.73,WARNING
3217,2026-08-01 00:53:36,TR-104,LT-006,223.37,10.209,2.262,0.992,50.104,3.2,NORMAL
3815,2026-08-01 01:03:34,TR-103,LT-002,224.94,9.291,1.915,0.916,49.937,2.51,NORMAL
8322,2026-08-01 00:05:21,TR-103,LT-003,200.8,8.404,1.28,0.759,50.088,5.21,WARNING
8590,2026-08-01 00:09:49,TR-102,LT-002,173.07,15.305,2.342,0.884,50.138,14.35,WARNING
2279,2026-08-01 00:37:58,TR-104,LT-006,232.67,8.275,1.749,0.909,50.019,1.4,NORMAL
4600,2026-08-01 01:16:39,TR-102,LT-002,235.24,8.885,1.97,0.943,49.998,1.87,NORMAL
14,2026-08-01 00:00:13,TR-103,LT-006,222.35,7.888,1.624,0.926,50.179,1.14,NORMAL
9226,2026-08-01 00:00:25,TR-102,LT-003,61.65,0.145,0.003,0.309,50.063,19.72,POSSIBLE_BROKEN_LT
1526,2026-08-01 00:25:25,TR-104,LT-003,234.35,6.361,1.456,0.976,49.88,2.31,NORMAL
2366,2026-08-01 00:39:25,TR-101,LT-005,236.13,9.292,2.028,0.924,49.975,1.51,NORMAL
4649,2026-08-01 01:17:28,TR-101,LT-001,223.53,4.41,0.928,0.942,50.143,2.11,NORMAL
375,2026-08-01 00:06:14,TR-101,LT-006,238.61,7.631,1.678,0.922,49.976,0.04,NORMAL
8522,2026-08-01 00:08:41,TR-104,LT-001,170.06,9.58,1.338,0.821,49.912,13.52,WARNING
6478,2026-08-01 01:47:57,TR-103,LT-002,226.36,5.887,1.199,0.9,49.969,1.97,NORMAL
526,2026-08-01 00:08:45,TR-101,LT-005,222.78,5.889,1.186,0.904,50.049,2.2,NORMAL
6896,2026-08-01 01:54:55,TR-103,LT-003,227.84,9.176,2.024,0.968,50.05,1.59,NORMAL
3592,2026-08-01 00:59:51,TR-103,LT-001,232.42,5.676,1.208,0.916,49.967,2.37,NORMAL
7905,2026-08-01 02:11:44,TR-101,LT-004,234.45,5.239,1.195,0.972,50.029,3.32,NORMAL
2959,2026-08-01 00:49:18,TR-102,LT-003,234.54,8.699,1.975,0.968,50.166,0.77,NORMAL
530,2026-08-01 00:08:49,TR-101,LT-003,226.38,7.108,1.492,0.927,49.974,3.83,NORMAL
3715,2026-08-01 01:01:54,TR-104,LT-001,234.05,9.171,2.064,0.962,50.078,0.55,NORMAL
4733,2026-08-01 01:18:52,TR-104,LT-003,225.82,5.085,1.069,0.931,49.829,1.83,NORMAL
1395,2026-08-01 00:23:14,TR-101,LT-005,228.54,8.34,1.782,0.935,49.943,2.75,NORMAL
5632,2026-08-01 01:33:51,TR-102,LT-003,233.46,4.43,0.952,0.921,49.99,3.19,NORMAL
6564,2026-08-01 01:49:23,TR-103,LT-003,235.89,7.493,1.648,0.933,50.057,2.24,NORMAL
4704,2026-08-01 01:18:23,TR-102,LT-005,232.31,6.462,1.425,0.95,50.043,0.82,NORMAL
1713,2026-08-01 00:28:32,TR-103,LT-006,221.31,5.431,1.167,0.971,49.93,1.39,NORMAL
9756,2026-08-01 00:09:15,TR-104,LT-006,71.0,0.234,0.004,0.247,49.841,43.97,POSSIBLE_BROKEN_LT
956,2026-08-01 00:15:55,TR-102,LT-004,234.47,10.102,2.26,0.954,49.874,0.59,NORMAL
6676,2026-08-01 01:51:15,TR-101,LT-002,233.11,11.782,2.626,0.956,49.904,4.15,NORMAL
3454,2026-08-01 00:57:33,TR-103,LT-003,227.76,5.935,1.218,0.901,49.99,4.57,NORMAL
2072,2026-08-01 00:34:31,TR-104,LT-005,234.94,5.767,1.261,0.931,49.974,1.67,NORMAL
9741,2026-08-01 00:09:00,TR-101,LT-003,62.59,0.154,0.003,0.309,50.075,26.18,POSSIBLE_BROKEN_LT
159,2026-08-01 00:02:38,TR-104,LT-002,225.23,8.872,1.886,0.944,50.152,1.44,NORMAL
7006,2026-08-01 01:56:45,TR-103,LT-006,233.11,6.307,1.289,0.877,49.995,1.44,NORMAL
353,2026-08-01 00:05:52,TR-104,LT-004,233.43,8.858,1.965,0.95,50.073,0.54,NORMAL
6079,2026-08-01 01:41:18,TR-104,LT-001,224.65,6.882,1.516,0.981,49.867,1.5,NORMAL
6237,2026-08-01 01:43:56,TR-104,LT-004,227.47,8.699,1.865,0.943,50.086,3.36,NORMAL
2921,2026-08-01 00:48:40,TR-103,LT-003,227.12,11.251,2.402,0.94,49.971,3.16,NORMAL
4645,2026-08-01 01:17:24,TR-102,LT-001,232.55,8.619,1.943,0.969,49.994,2.61,NORMAL
662,2026-08-01 00:11:01,TR-104,LT-006,227.81,5.201,1.107,0.934,50.114,1.87,NORMAL
7058,2026-08-01 01:57:37,TR-102,LT-005,229.89,3.85,0.806,0.91,50.044,0.97,NORMAL
3666,2026-08-01 01:01:05,TR-103,LT-002,224.97,6.493,1.369,0.937,50.056,3.53,NORMAL
7980,2026-08-01 02:12:59,TR-103,LT-005,223.14,10.265,2.139,0.934,49.966,1.55,NORMAL
307,2026-08-01 00:05:06,TR-104,LT-003,235.11,5.152,1.118,0.923,49.981,3.58,NORMAL
4791,2026-08-01 01:19:50,TR-104,LT-004,228.94,8.898,1.9,0.933,50.106,1.45,NORMAL
2357,2026-08-01 00:39:16,TR-102,LT-005,228.52,9.0,2.016,0.98,50.034,3.21,NORMAL
1928,2026-08-01 00:32:07,TR-104,LT-002,228.86,7.531,1.581,0.917,50.012,3.42,NORMAL
9940,2026-08-01 00:12:19,TR-101,LT-004,59.41,0.282,0.007,0.445,49.887,52.45,POSSIBLE_BROKEN_LT
3428,2026-08-01 00:57:07,TR-103,LT-003,235.54,6.82,1.514,0.942,50.084,1.68,NORMAL
3639,2026-08-01 01:00:38,TR-101,LT-005,229.51,7.581,1.637,0.941,50.146,3.16,NORMAL
1267,2026-08-01 00:21:06,TR-103,LT-002,229.56,7.506,1.668,0.968,49.941,1.67,NORMAL
1561,2026-08-01 00:26:00,TR-103,LT-001,229.91,7.366,1.662,0.981,50.013,1.24,NORMAL
7180,2026-08-01 01:59:39,TR-104,LT-004,227.1,10.599,2.29,0.951,49.969,1.71,NORMAL
4110,2026-08-01 01:08:29,TR-101,LT-001,230.93,7.345,1.575,0.929,50.065,2.59,NORMAL
7868,2026-08-01 02:11:07,TR-102,LT-004,233.24,8.178,1.746,0.915,49.76,3.1,NORMAL
4905,2026-08-01 01:21:44,TR-104,LT-006,232.58,4.743,1.049,0.951,49.959,1.44,NORMAL
7295,2026-08-01 02:01:34,TR-104,LT-001,230.49,3.712,0.801,0.936,50.03,2.4,NORMAL
515,2026-08-01 00:08:34,TR-103,LT-006,227.69,7.135,1.528,0.94,50.043,2.44,NORMAL
895,2026-08-01 00:14:54,TR-103,LT-002,235.53,5.754,1.315,0.97,49.984,3.03,NORMAL
22,2026-08-01 00:00:21,TR-101,LT-006,229.1,6.869,1.574,1.0,50.155,1.32,NORMAL
900,2026-08-01 00:14:59,TR-104,LT-006,226.73,9.247,2.048,0.977,50.155,1.5,NORMAL
208,2026-08-01 00:03:27,TR-104,LT-003,232.06,4.881,1.051,0.928,49.871,2.26,NORMAL
459,2026-08-01 00:07:38,TR-104,LT-002,227.79,6.271,1.343,0.94,50.024,1.51,NORMAL
2431,2026-08-01 00:40:30,TR-103,LT-002,232.26,7.155,1.562,0.94,50.092,3.66,NORMAL
8443,2026-08-01 00:07:22,TR-102,LT-005,195.36,5.282,0.826,0.8,50.08,24.43,WARNING
3390,2026-08-01 00:56:29,TR-102,LT-003,230.56,7.439,1.65,0.962,50.03,1.16,NORMAL
3912,2026-08-01 01:05:11,TR-103,LT-005,230.87,5.371,1.109,0.894,50.042,0.73,NORMAL
5384,2026-08-01 01:29:43,TR-101,LT-001,236.74,9.857,2.267,0.972,50.01,3.23,NORMAL
553,2026-08-01 00:09:12,TR-103,LT-003,234.67,9.054,1.916,0.902,49.847,2.92,NORMAL
3145,2026-08-01 00:52:24,TR-101,LT-006,231.73,10.37,2.323,0.967,49.926,2.49,NORMAL
6918,2026-08-01 01:55:17,TR-103,LT-002,240.24,11.715,2.641,0.938,50.091,3.13,NORMAL
2057,2026-08-01 00:34:16,TR-104,LT-005,228.1,7.555,1.603,0.93,50.045,0.62,NORMAL
1926,2026-08-01 00:32:05,TR-102,LT-006,226.32,6.958,1.473,0.935,49.967,0.48,NORMAL
635,2026-08-01 00:10:34,TR-101,LT-001,225.95,5.775,1.249,0.957,50.092,1.45,NORMAL
6083,2026-08-01 01:41:22,TR-103,LT-002,234.89,8.69,1.965,0.963,50.001,1.73,NORMAL
9271,2026-08-01 00:01:10,TR-103,LT-005,74.66,0.07,0.003,0.485,50.059,26.89,POSSIBLE_BROKEN_LT
9679,2026-08-01 00:07:58,TR-104,LT-001,108.15,0.559,0.028,0.462,50.052,21.38,POSSIBLE_BROKEN_LT
106,2026-08-01 00:01:45,TR-101,LT-003,231.62,4.038,0.931,0.996,49.929,2.59,NORMAL
3042,2026-08-01 00:50:41,TR-102,LT-006,230.63,5.734,1.197,0.905,49.946,1.51,NORMAL
1710,2026-08-01 00:28:29,TR-101,LT-003,226.1,5.85,1.263,0.955,50.077,1.42,NORMAL
90,2026-08-01 00:01:29,TR-103,LT-006,232.05,6.958,1.445,0.895,50.091,3.68,NORMAL
7015,2026-08-01 01:56:54,TR-102,LT-002,228.76,9.64,2.026,0.919,50.036,2.86,NORMAL
3175,2026-08-01 00:52:54,TR-101,LT-001,225.99,9.322,1.928,0.915,50.053,1.89,NORMAL
918,2026-08-01 00:15:17,TR-102,LT-005,230.75,6.985,1.521,0.944,50.103,0.32,NORMAL
7834,2026-08-01 02:10:33,TR-104,LT-001,228.92,5.643,1.242,0.961,49.922,2.01,NORMAL
6733,2026-08-01 01:52:12,TR-101,LT-001,230.59,7.924,1.753,0.959,50.094,2.15,NORMAL
1950,2026-08-01 00:32:29,TR-101,LT-002,229.79,10.601,2.307,0.947,49.96,3.03,NORMAL
6369,2026-08-01 01:46:08,TR-103,LT-001,226.72,10.901,2.343,0.948,50.08,2.41,NORMAL
2,2026-08-01 00:00:01,TR-103,LT-005,229.45,6.993,1.51,0.941,50.004,1.29,NORMAL
8033,2026-08-01 00:00:32,TR-104,LT-005,190.46,6.718,1.184,0.925,49.928,17.91,WARNING
6048,2026-08-01 01:40:47,TR-101,LT-005,236.13,7.908,1.801,0.965,50.007,0.83,NORMAL
2721,2026-08-01 00:45:20,TR-101,LT-002,237.82,7.614,1.724,0.952,49.983,0.26,NORMAL
9813,2026-08-01 00:10:12,TR-101,LT-003,75.62,0.369,0.02,0.703,49.955,34.48,POSSIBLE_BROKEN_LT
3118,2026-08-01 00:51:57,TR-104,LT-002,226.98,7.85,1.677,0.941,49.982,3.01,NORMAL
9466,2026-08-01 00:04:25,TR-101,LT-003,48.61,0.242,0.006,0.534,50.09,35.8,POSSIBLE_BROKEN_LT
3763,2026-08-01 01:02:42,TR-104,LT-005,226.75,4.525,1.004,0.979,50.061,2.87,NORMAL
214,2026-08-01 00:03:33,TR-102,LT-002,232.61,6.043,1.388,0.988,49.967,0.24,NORMAL
779,2026-08-01 00:12:58,TR-101,LT-004,229.7,10.314,2.23,0.941,49.998,1.59,NORMAL
3497,2026-08-01 00:58:16,TR-101,LT-001,233.26,7.049,1.561,0.949,50.039,2.06,NORMAL
8818,2026-08-01 00:13:37,TR-104,LT-003,168.07,11.191,1.749,0.93,50.159,17.78,WARNING
2044,2026-08-01 00:34:03,TR-102,LT-003,230.61,8.249,1.85,0.972,49.91,4.61,NORMAL
5421,2026-08-01 01:30:20,TR-104,LT-001,230.14,6.176,1.345,0.946,49.962,2.45,NORMAL
6155,2026-08-01 01:42:34,TR-103,LT-005,232.9,9.154,2.022,0.949,49.912,2.2,NORMAL
8358,2026-08-01 00:05:57,TR-103,LT-003,162.54,7.98,1.147,0.884,50.001,2.85,WARNING
8708,2026-08-01 00:11:47,TR-102,LT-006,191.53,11.556,1.968,0.889,49.941,4.35,WARNING
8466,2026-08-01 00:07:45,TR-101,LT-006,207.32,10.905,1.801,0.796,50.045,9.22,WARNING
4168,2026-08-01 01:09:27,TR-101,LT-004,229.01,7.828,1.649,0.92,50.106,0.39,NORMAL
3789,2026-08-01 01:03:08,TR-102,LT-002,230.72,11.208,2.278,0.881,49.875,2.11,NORMAL
584,2026-08-01 00:09:43,TR-101,LT-005,239.08,9.259,2.13,0.962,50.078,2.48,NORMAL
9912,2026-08-01 00:11:51,TR-102,LT-006,87.05,0.289,0.01,0.377,50.071,25.56,POSSIBLE_BROKEN_LT
9987,2026-08-01 00:13:06,TR-101,LT-003,89.54,0.385,0.016,0.47,49.943,43.76,POSSIBLE_BROKEN_LT
117,2026-08-01 00:01:56,TR-104,LT-001,229.86,5.972,1.319,0.961,49.966,2.0,NORMAL
6645,2026-08-01 01:50:44,TR-101,LT-001,226.09,8.194,1.783,0.963,49.862,3.69,NORMAL
9034,2026-08-01 00:17:13,TR-101,LT-003,186.18,15.507,2.748,0.952,50.083,20.61,WARNING
9952,2026-08-01 00:12:31,TR-101,LT-006,63.89,0.218,0.005,0.374,50.037,24.88,POSSIBLE_BROKEN_LT
8960,2026-08-01 00:15:59,TR-102,LT-003,192.13,12.252,2.05,0.871,50.04,14.92,WARNING
1764,2026-08-01 00:29:23,TR-101,LT-002,223.59,8.651,1.89,0.977,50.085,2.18,NORMAL
1876,2026-08-01 00:31:15,TR-102,LT-005,235.58,7.958,1.723,0.919,49.936,1.71,NORMAL
3225,2026-08-01 00:53:44,TR-103,LT-003,231.14,9.721,2.071,0.922,49.908,1.01,NORMAL
527,2026-08-01 00:08:46,TR-101,LT-005,223.49,7.352,1.504,0.915,49.957,2.45,NORMAL
7726,2026-08-01 02:08:45,TR-102,LT-004,224.27,6.301,1.341,0.949,50.038,1.79,NORMAL
2947,2026-08-01 00:49:06,TR-101,LT-001,230.34,6.71,1.425,0.922,49.939,1.88,NORMAL
4474,2026-08-01 01:14:33,TR-103,LT-005,232.18,8.31,1.762,0.913,49.983,1.97,NORMAL
5656,2026-08-01 01:34:15,TR-102,LT-002,226.78,7.367,1.528,0.914,50.136,2.43,NORMAL
6060,2026-08-01 01:40:59,TR-104,LT-002,232.39,5.991,1.325,0.952,50.012,3.69,NORMAL
960,2026-08-01 00:15:59,TR-102,LT-006,231.79,7.4,1.648,0.961,49.902,3.39,NORMAL
6343,2026-08-01 01:45:42,TR-102,LT-003,229.43,8.985,1.978,0.96,49.999,2.58,NORMAL
3634,2026-08-01 01:00:33,TR-104,LT-002,232.98,8.737,1.928,0.947,49.977,2.39,NORMAL
1051,2026-08-01 00:17:30,TR-101,LT-002,227.5,8.845,1.862,0.925,50.003,2.3,NORMAL
3381,2026-08-01 00:56:20,TR-102,LT-001,238.66,8.958,2.066,0.966,50.047,2.33,NORMAL
3677,2026-08-01 01:01:16,TR-101,LT-006,230.29,8.033,1.661,0.898,50.057,3.88,NORMAL
5777,2026-08-01 01:36:16,TR-102,LT-005,231.81,7.176,1.514,0.91,50.068,0.53,NORMAL
9046,2026-08-01 00:17:25,TR-101,LT-005,144.55,7.919,1.027,0.898,50.007,12.02,WARNING
6574,2026-08-01 01:49:33,TR-102,LT-004,228.12,5.626,1.216,0.947,49.887,0.72,NORMAL
5180,2026-08-01 01:26:19,TR-103,LT-006,230.06,8.468,1.809,0.929,49.838,2.28,NORMAL
1608,2026-08-01 00:26:47,TR-102,LT-004,236.5,8.869,1.984,0.946,50.201,3.76,NORMAL
3611,2026-08-01 01:00:10,TR-101,LT-003,230.14,9.327,1.999,0.931,49.931,0.84,NORMAL
9759,2026-08-01 00:09:18,TR-102,LT-005,51.9,0.34,0.007,0.421,50.02,56.63,POSSIBLE_BROKEN_LT
6636,2026-08-01 01:50:35,TR-103,LT-003,228.43,7.897,1.731,0.96,50.044,4.18,NORMAL
9998,2026-08-01 00:13:17,TR-101,LT-005,37.82,0.401,0.007,0.452,50.153,27.21,POSSIBLE_BROKEN_LT
792,2026-08-01 00:13:11,TR-101,LT-004,230.83,7.152,1.548,0.938,49.811,2.62,NORMAL
3057,2026-08-01 00:50:56,TR-102,LT-002,227.78,6.321,1.337,0.928,49.907,0.93,NORMAL
1981,2026-08-01 00:33:00,TR-103,LT-004,226.11,7.108,1.545,0.961,49.974,0.74,NORMAL
3599,2026-08-01 00:59:58,TR-102,LT-005,231.34,6.82,1.516,0.961,49.987,2.65,NORMAL
934,2026-08-01 00:15:33,TR-104,LT-001,221.2,6.027,1.301,0.976,49.991,2.14,NORMAL
7425,2026-08-01 02:03:44,TR-101,LT-001,222.82,8.339,1.762,0.948,50.024,1.25,NORMAL
5627,2026-08-01 01:33:46,TR-102,LT-005,231.31,6.734,1.506,0.967,49.946,3.61,NORMAL
1683,2026-08-01 00:28:02,TR-101,LT-005,226.39,9.975,2.197,0.973,49.864,1.39,NORMAL
4180,2026-08-01 01:09:39,TR-104,LT-003,228.63,8.768,1.836,0.916,49.89,1.18,NORMAL
6447,2026-08-01 01:47:26,TR-104,LT-003,226.94,7.897,1.654,0.923,49.896,1.4,NORMAL
4117,2026-08-01 01:08:36,TR-102,LT-003,229.03,8.339,1.81,0.948,50.122,1.65,NORMAL
989,2026-08-01 00:16:28,TR-101,LT-002,229.12,11.049,2.396,0.946,49.986,1.21,NORMAL
2897,2026-08-01 00:48:16,TR-102,LT-004,221.66,4.979,1.074,0.973,49.993,1.11,NORMAL
3779,2026-08-01 01:02:58,TR-101,LT-006,221.7,7.305,1.506,0.93,50.021,2.27,NORMAL
5659,2026-08-01 01:34:18,TR-104,LT-002,235.51,8.339,1.845,0.94,49.935,0.22,NORMAL
3094,2026-08-01 00:51:33,TR-102,LT-001,231.68,8.327,1.7,0.881,50.077,3.04,NORMAL
3156,2026-08-01 00:52:35,TR-103,LT-005,223.47,10.226,2.266,0.992,49.904,0.58,NORMAL
1824,2026-08-01 00:30:23,TR-103,LT-003,227.4,7.082,1.478,0.918,50.084,3.45,NORMAL
9623,2026-08-01 00:07:02,TR-102,LT-005,86.68,0.565,0.018,0.372,50.029,32.95,POSSIBLE_BROKEN_LT
1099,2026-08-01 00:18:18,TR-102,LT-004,233.67,8.214,1.802,0.939,49.932,1.13,NORMAL
2845,2026-08-01 00:47:24,TR-101,LT-003,230.87,7.238,1.594,0.954,49.947,2.39,NORMAL
3343,2026-08-01 00:55:42,TR-102,LT-002,225.89,7.04,1.492,0.938,50.04,0.78,NORMAL
39,2026-08-01 00:00:38,TR-101,LT-004,224.69,7.832,1.623,0.922,50.101,2.01,NORMAL
6541,2026-08-01 01:49:00,TR-101,LT-002,231.12,8.653,1.928,0.964,50.158,1.91,NORMAL
9474,2026-08-01 00:04:33,TR-103,LT-005,75.96,0.356,0.007,0.255,49.875,16.95,POSSIBLE_BROKEN_LT
3357,2026-08-01 00:55:56,TR-103,LT-006,230.31,8.107,1.797,0.963,49.994,2.81,NORMAL
7814,2026-08-01 02:10:13,TR-103,LT-004,228.41,7.194,1.492,0.908,49.942,2.13,NORMAL
8221,2026-08-01 00:03:40,TR-103,LT-005,225.0,12.352,2.367,0.852,50.007,9.24,WARNING
9228,2026-08-01 00:00:27,TR-104,LT-005,69.67,0.439,0.013,0.414,50.052,58.8,POSSIBLE_BROKEN_LT
2429,2026-08-01 00:40:28,TR-104,LT-001,234.5,10.213,2.243,0.937,49.967,1.37,NORMAL
5044,2026-08-01 01:24:03,TR-104,LT-002,226.75,6.05,1.277,0.931,50.005,2.21,NORMAL
5347,2026-08-01 01:29:06,TR-104,LT-002,228.9,7.97,1.701,0.932,50.059,2.71,NORMAL
4812,2026-08-01 01:20:11,TR-101,LT-003,222.34,7.394,1.495,0.909,50.01,4.09,NORMAL
8477,2026-08-01 00:07:56,TR-104,LT-006,186.06,14.412,2.014,0.751,49.934,19.79,WARNING
687,2026-08-01 00:11:26,TR-101,LT-001,229.04,5.758,1.223,0.927,50.115,2.61,NORMAL
4800,2026-08-01 01:19:59,TR-104,LT-006,232.96,11.214,2.397,0.918,49.925,2.57,NORMAL
7438,2026-08-01 02:03:57,TR-103,LT-003,229.77,11.629,2.567,0.961,49.962,3.2,NORMAL
2354,2026-08-01 00:39:13,TR-102,LT-005,224.54,6.279,1.362,0.966,50.047,1.62,NORMAL
6354,2026-08-01 01:45:53,TR-104,LT-004,232.94,9.226,2.047,0.953,50.065,0.93,NORMAL
4570,2026-08-01 01:16:09,TR-104,LT-005,230.06,7.055,1.504,0.927,50.084,0.59,NORMAL
8214,2026-08-01 00:03:33,TR-103,LT-003,186.77,17.738,3.313,1.0,50.112,8.52,WARNING
2753,2026-08-01 00:45:52,TR-104,LT-001,228.14,3.503,0.739,0.925,50.149,2.94,NORMAL
8074,2026-08-01 00:01:13,TR-103,LT-004,199.55,8.84,1.596,0.905,50.058,10.96,WARNING
1041,2026-08-01 00:17:20,TR-103,LT-004,236.74,8.433,1.863,0.933,49.991,2.4,NORMAL
7492,2026-08-01 02:04:51,TR-103,LT-006,226.9,8.521,1.704,0.881,49.956,1.3,NORMAL
1266,2026-08-01 00:21:05,TR-101,LT-006,224.35,9.347,2.03,0.968,50.06,2.62,NORMAL
9266,2026-08-01 00:01:05,TR-102,LT-003,75.02,0.085,0.003,0.412,49.896,42.52,POSSIBLE_BROKEN_LT
7060,2026-08-01 01:57:39,TR-102,LT-002,232.75,6.125,1.313,0.921,50.004,1.68,NORMAL
278,2026-08-01 00:04:37,TR-101,LT-005,227.6,9.563,2.026,0.931,49.979,1.95,NORMAL
5085,2026-08-01 01:24:44,TR-104,LT-003,233.83,7.749,1.719,0.948,49.971,2.02,NORMAL
2383,2026-08-01 00:39:42,TR-104,LT-003,231.38,6.156,1.36,0.954,49.929,1.01,NORMAL
572,2026-08-01 00:09:31,TR-103,LT-002,236.71,8.823,1.99,0.953,49.927,3.59,NORMAL
1436,2026-08-01 00:23:55,TR-102,LT-005,231.13,5.16,1.113,0.933,49.929,2.24,NORMAL
5353,2026-08-01 01:29:12,TR-104,LT-004,230.67,9.819,2.105,0.929,49.981,3.17,NORMAL
5446,2026-08-01 01:30:45,TR-101,LT-006,229.11,10.689,2.34,0.956,50.029,2.39,NORMAL
1008,2026-08-01 00:16:47,TR-102,LT-006,232.54,9.96,2.191,0.946,50.026,1.16,NORMAL
4544,2026-08-01 01:15:43,TR-102,LT-002,227.61,7.467,1.616,0.951,50.03,2.09,NORMAL
8817,2026-08-01 00:13:36,TR-101,LT-002,142.8,15.199,1.798,0.828,50.053,8.18,WARNING
2065,2026-08-01 00:34:24,TR-102,LT-006,231.06,5.271,1.175,0.965,50.128,0.06,NORMAL
1137,2026-08-01 00:18:56,TR-102,LT-005,234.76,7.614,1.71,0.956,50.016,3.45,NORMAL
5344,2026-08-01 01:29:03,TR-103,LT-005,227.75,7.649,1.633,0.937,49.969,0.9,NORMAL
295,2026-08-01 00:04:54,TR-101,LT-001,231.43,9.765,2.043,0.904,50.111,0.64,NORMAL
2404,2026-08-01 00:40:03,TR-103,LT-003,228.91,8.029,1.726,0.939,49.958,2.5,NORMAL
3999,2026-08-01 01:06:38,TR-102,LT-001,236.57,7.799,1.813,0.983,49.728,0.3,NORMAL
3742,2026-08-01 01:02:21,TR-104,LT-003,232.09,7.765,1.712,0.95,49.974,2.17,NORMAL
9223,2026-08-01 00:00:22,TR-101,LT-001,106.39,0.01,0.0,0.275,49.921,45.49,POSSIBLE_BROKEN_LT
2720,2026-08-01 00:45:19,TR-101,LT-003,230.49,8.403,1.789,0.923,50.16,0.66,NORMAL
9200,2026-08-01 00:19:59,TR-103,LT-004,163.36,8.472,1.131,0.817,49.863,18.4,WARNING
5151,2026-08-01 01:25:50,TR-102,LT-002,239.1,9.584,2.125,0.927,50.042,2.23,NORMAL
2809,2026-08-01 00:46:48,TR-103,LT-005,233.66,6.72,1.484,0.945,50.114,0.05,NORMAL
557,2026-08-01 00:09:16,TR-103,LT-004,228.05,7.295,1.625,0.977,49.995,1.97,NORMAL
8926,2026-08-01 00:15:25,TR-104,LT-001,200.4,8.402,1.402,0.833,50.009,18.27,WARNING
4796,2026-08-01 01:19:55,TR-102,LT-003,224.94,8.049,1.667,0.921,49.991,1.12,NORMAL
2470,2026-08-01 00:41:09,TR-101,LT-004,229.16,9.899,2.141,0.944,50.066,2.74,NORMAL
3739,2026-08-01 01:02:18,TR-104,LT-003,228.52,5.549,1.136,0.896,50.141,2.85,NORMAL
4287,2026-08-01 01:11:26,TR-103,LT-004,228.17,8.492,1.851,0.955,49.905,2.18,NORMAL
2605,2026-08-01 00:43:24,TR-104,LT-005,227.5,8.366,1.702,0.894,49.987,2.42,NORMAL
363,2026-08-01 00:06:02,TR-102,LT-001,229.56,5.353,1.133,0.922,49.862,0.15,NORMAL
6925,2026-08-01 01:55:24,TR-103,LT-002,221.87,7.928,1.629,0.926,50.018,1.79,NORMAL
1705,2026-08-01 00:28:24,TR-101,LT-006,231.64,9.085,2.042,0.97,49.859,0.64,NORMAL
2140,2026-08-01 00:35:39,TR-104,LT-005,224.13,5.408,1.188,0.98,50.176,1.35,NORMAL
3240,2026-08-01 00:53:59,TR-104,LT-005,233.75,8.258,1.832,0.949,49.998,0.42,NORMAL
2384,2026-08-01 00:39:43,TR-104,LT-002,229.81,8.2,1.73,0.918,49.971,0.2,NORMAL
7315,2026-08-01 02:01:54,TR-103,LT-003,225.53,6.758,1.441,0.946,50.09,1.43,NORMAL
4312,2026-08-01 01:11:51,TR-104,LT-005,223.02,8.882,1.804,0.911,50.01,0.39,NORMAL
1313,2026-08-01 00:21:52,TR-102,LT-002,235.56,10.156,2.292,0.958,50.031,2.03,NORMAL
3931,2026-08-01 01:05:30,TR-101,LT-004,232.69,7.016,1.508,0.923,49.974,3.01,NORMAL
6184,2026-08-01 01:43:03,TR-103,LT-005,237.81,6.784,1.529,0.948,49.979,2.72,NORMAL
1592,2026-08-01 00:26:31,TR-103,LT-003,218.31,7.376,1.512,0.939,49.927,2.42,NORMAL
9388,2026-08-01 00:03:07,TR-101,LT-005,64.2,0.329,0.012,0.569,49.951,5.41,POSSIBLE_BROKEN_LT
2163,2026-08-01 00:36:02,TR-101,LT-001,231.99,8.566,1.773,0.892,49.942,2.24,NORMAL
2397,2026-08-01 00:39:56,TR-102,LT-003,226.31,7.059,1.532,0.959,49.972,2.05,NORMAL
318,2026-08-01 00:05:17,TR-104,LT-003,228.76,9.681,2.073,0.936,50.007,1.34,NORMAL
5234,2026-08-01 01:27:13,TR-102,LT-005,228.97,11.07,2.387,0.942,50.086,0.72,NORMAL
5069,2026-08-01 01:24:28,TR-102,LT-003,229.92,6.015,1.313,0.949,50.086,2.92,NORMAL
4037,2026-08-01 01:07:16,TR-102,LT-002,232.07,7.476,1.67,0.962,50.047,2.34,NORMAL
3021,2026-08-01 00:50:20,TR-102,LT-001,234.8,9.109,1.964,0.918,50.084,1.83,NORMAL
8229,2026-08-01 00:03:48,TR-101,LT-004,184.84,9.543,1.405,0.796,50.06,20.61,WARNING
5296,2026-08-01 01:28:15,TR-103,LT-002,229.32,10.151,2.218,0.953,49.759,3.02,NORMAL
3973,2026-08-01 01:06:12,TR-101,LT-004,231.39,6.068,1.289,0.918,50.174,1.7,NORMAL
5371,2026-08-01 01:29:30,TR-102,LT-003,225.03,7.55,1.69,0.995,49.979,2.1,NORMAL
4134,2026-08-01 01:08:53,TR-102,LT-004,235.09,8.738,1.905,0.928,50.001,2.01,NORMAL
975,2026-08-01 00:16:14,TR-101,LT-006,228.22,9.635,1.995,0.907,50.043,1.65,NORMAL
7292,2026-08-01 02:01:31,TR-103,LT-006,227.43,9.774,2.14,0.963,49.919,2.47,NORMAL
955,2026-08-01 00:15:54,TR-103,LT-006,229.67,7.436,1.643,0.962,49.971,0.52,NORMAL
9307,2026-08-01 00:01:46,TR-103,LT-003,81.9,0.474,0.006,0.146,49.945,29.81,POSSIBLE_BROKEN_LT
5017,2026-08-01 01:23:36,TR-101,LT-001,221.58,4.516,0.934,0.934,50.033,2.73,NORMAL
9731,2026-08-01 00:08:50,TR-101,LT-001,97.78,0.427,0.002,0.05,50.013,36.6,POSSIBLE_BROKEN_LT
7491,2026-08-01 02:04:50,TR-101,LT-003,228.94,5.804,1.248,0.939,49.961,0.05,NORMAL
1641,2026-08-01 00:27:20,TR-103,LT-005,230.1,4.598,1.022,0.966,50.08,1.89,NORMAL
1291,2026-08-01 00:21:30,TR-101,LT-003,231.55,6.655,1.515,0.983,50.022,1.0,NORMAL
1381,2026-08-01 00:23:00,TR-103,LT-004,232.71,7.996,1.861,1.0,50.102,1.49,NORMAL
1934,2026-08-01 00:32:13,TR-103,LT-005,229.58,6.555,1.415,0.94,50.005,1.01,NORMAL
4676,2026-08-01 01:17:55,TR-104,LT-004,226.15,8.713,1.898,0.963,50.138,2.77,NORMAL
893,2026-08-01 00:14:52,TR-103,LT-006,234.27,6.128,1.362,0.949,50.059,1.38,NORMAL
7288,2026-08-01 02:01:27,TR-102,LT-003,234.19,11.584,2.557,0.943,49.901,2.24,NORMAL
4877,2026-08-01 01:21:16,TR-101,LT-003,224.64,3.571,0.749,0.934,50.06,2.16,NORMAL
7907,2026-08-01 02:11:46,TR-102,LT-002,230.34,10.731,2.241,0.907,50.042,2.23,NORMAL
8195,2026-08-01 00:03:14,TR-102,LT-003,182.83,9.053,1.227,0.741,49.885,8.34,WARNING
9380,2026-08-01 00:02:59,TR-102,LT-003,61.97,0.531,0.013,0.387,50.008,36.61,POSSIBLE_BROKEN_LT
2467,2026-08-01 00:41:06,TR-103,LT-006,226.95,6.361,1.36,0.942,50.135,2.3,NORMAL
7658,2026-08-01 02:07:37,TR-101,LT-001,221.46,6.833,1.428,0.944,49.992,2.4,NORMAL
1914,2026-08-01 00:31:53,TR-104,LT-003,232.0,9.592,2.091,0.939,49.959,2.3,NORMAL
2737,2026-08-01 00:45:36,TR-104,LT-005,228.66,11.017,2.39,0.949,49.912,1.08,NORMAL
727,2026-08-01 00:12:06,TR-102,LT-004,230.07,14.316,3.062,0.93,49.985,0.84,NORMAL
7215,2026-08-01 02:00:14,TR-102,LT-005,230.06,8.729,1.931,0.962,50.04,0.52,NORMAL
8246,2026-08-01 00:04:05,TR-102,LT-003,208.17,10.438,1.705,0.784,50.011,22.78,WARNING
1797,2026-08-01 00:29:56,TR-104,LT-002,228.72,7.897,1.664,0.921,49.899,3.16,NORMAL
3846,2026-08-01 01:04:05,TR-104,LT-001,233.31,7.782,1.68,0.925,50.114,2.48,NORMAL
6403,2026-08-01 01:46:42,TR-103,LT-004,228.54,9.742,2.141,0.962,50.157,0.67,NORMAL
937,2026-08-01 00:15:36,TR-103,LT-001,225.92,6.023,1.264,0.929,50.043,3.36,NORMAL
2266,2026-08-01 00:37:45,TR-104,LT-001,234.77,8.801,1.909,0.924,50.126,1.36,NORMAL
825,2026-08-01 00:13:44,TR-104,LT-001,228.22,9.767,2.179,0.978,50.01,2.99,NORMAL
7275,2026-08-01 02:01:14,TR-102,LT-003,235.75,8.817,1.887,0.908,50.016,4.31,NORMAL
1390,2026-08-01 00:23:09,TR-104,LT-004,226.99,9.617,2.129,0.976,49.928,1.57,NORMAL
3565,2026-08-01 00:59:24,TR-102,LT-005,233.83,10.139,2.153,0.908,49.985,0.23,NORMAL
5430,2026-08-01 01:30:29,TR-104,LT-005,222.9,7.947,1.655,0.934,50.083,3.16,NORMAL
7828,2026-08-01 02:10:27,TR-104,LT-005,229.12,7.476,1.632,0.953,49.948,2.4,NORMAL
5691,2026-08-01 01:34:50,TR-101,LT-006,230.27,11.937,2.651,0.965,50.052,4.13,NORMAL
7879,2026-08-01 02:11:18,TR-104,LT-002,227.67,6.971,1.485,0.936,49.991,4.01,NORMAL
1869,2026-08-01 00:31:08,TR-101,LT-004,225.64,8.759,1.796,0.909,50.158,2.39,NORMAL
8203,2026-08-01 00:03:22,TR-102,LT-004,181.4,8.932,1.333,0.822,49.995,8.98,WARNING
7487,2026-08-01 02:04:46,TR-102,LT-004,234.92,4.911,1.135,0.984,49.945,1.51,NORMAL
807,2026-08-01 00:13:26,TR-101,LT-002,230.89,6.266,1.438,0.994,49.869,2.01,NORMAL
4806,2026-08-01 01:20:05,TR-102,LT-005,223.62,4.49,0.96,0.956,50.1,1.0,NORMAL
9153,2026-08-01 00:19:12,TR-102,LT-003,195.82,13.322,2.281,0.874,49.981,14.98,WARNING
7512,2026-08-01 02:05:11,TR-103,LT-002,239.62,11.372,2.673,0.981,50.076,0.42,NORMAL
8057,2026-08-01 00:00:56,TR-103,LT-002,190.89,1.038,0.175,0.884,50.051,3.67,WARNING
4495,2026-08-01 01:14:54,TR-101,LT-004,233.43,8.213,1.868,0.975,49.957,1.22,NORMAL
2633,2026-08-01 00:43:52,TR-101,LT-005,230.79,7.336,1.596,0.943,50.045,1.95,NORMAL
8901,2026-08-01 00:15:00,TR-103,LT-004,190.21,8.51,1.217,0.752,50.001,16.89,WARNING
8624,2026-08-01 00:10:23,TR-103,LT-006,201.78,11.003,1.59,0.716,49.879,12.33,WARNING
7833,2026-08-01 02:10:32,TR-104,LT-006,232.57,7.399,1.611,0.936,49.928,1.93,NORMAL
4389,2026-08-01 01:13:08,TR-102,LT-001,230.58,6.907,1.519,0.954,50.001,1.19,NORMAL
146,2026-08-01 00:02:25,TR-104,LT-001,233.13,7.95,1.73,0.933,50.085,2.6,NORMAL
6468,2026-08-01 01:47:47,TR-102,LT-005,228.07,8.064,1.715,0.933,50.078,1.86,NORMAL
2034,2026-08-01 00:33:53,TR-104,LT-001,232.02,6.917,1.452,0.905,50.03,2.13,NORMAL
9128,2026-08-01 00:18:47,TR-102,LT-004,177.69,10.153,1.677,0.93,50.086,11.77,WARNING
1166,2026-08-01 00:19:25,TR-104,LT-006,239.76,7.872,1.766,0.935,49.986,2.95,NORMAL
2051,2026-08-01 00:34:10,TR-102,LT-001,233.3,4.456,0.982,0.944,50.082,2.77,NORMAL
3761,2026-08-01 01:02:40,TR-101,LT-006,231.29,8.136,1.816,0.965,49.97,0.68,NORMAL
4436,2026-08-01 01:13:55,TR-102,LT-006,232.78,7.503,1.643,0.941,49.978,1.39,NORMAL
3431,2026-08-01 00:57:10,TR-103,LT-001,231.87,7.463,1.71,0.988,50.121,0.74,NORMAL
8191,2026-08-01 00:03:10,TR-104,LT-002,166.66,8.251,0.989,0.719,49.97,16.7,WARNING
8754,2026-08-01 00:12:33,TR-102,LT-003,167.61,17.854,2.621,0.876,49.986,14.38,WARNING
7070,2026-08-01 01:57:49,TR-102,LT-002,221.68,7.039,1.45,0.929,50.082,1.19,NORMAL
4362,2026-08-01 01:12:41,TR-101,LT-005,226.7,9.937,2.064,0.916,49.969,2.08,NORMAL
1772,2026-08-01 00:29:31,TR-104,LT-001,236.78,8.568,1.909,0.941,50.087,2.22,NORMAL
3512,2026-08-01 00:58:31,TR-101,LT-006,226.49,8.188,1.688,0.91,50.04,2.78,NORMAL
272,2026-08-01 00:04:31,TR-102,LT-002,224.26,10.116,2.144,0.945,50.041,1.67,NORMAL
8437,2026-08-01 00:07:16,TR-101,LT-006,202.1,7.502,1.3,0.857,50.047,6.58,WARNING
2033,2026-08-01 00:33:52,TR-101,LT-003,231.91,9.009,2.015,0.964,50.007,2.7,NORMAL
9665,2026-08-01 00:07:44,TR-104,LT-003,97.53,0.136,0.006,0.453,49.815,22.56,POSSIBLE_BROKEN_LT
3811,2026-08-01 01:03:30,TR-101,LT-004,226.02,6.381,1.427,0.99,49.982,0.75,NORMAL
4347,2026-08-01 01:12:26,TR-101,LT-001,229.81,8.416,1.758,0.909,49.974,0.04,NORMAL
546,2026-08-01 00:09:05,TR-101,LT-004,226.81,11.853,2.639,0.982,50.149,2.42,NORMAL
3242,2026-08-01 00:54:01,TR-103,LT-006,241.47,10.276,2.375,0.957,49.902,2.69,NORMAL
8503,2026-08-01 00:08:22,TR-104,LT-006,197.0,13.279,2.035,0.778,49.87,13.52,WARNING
9919,2026-08-01 00:11:58,TR-102,LT-005,43.28,0.645,0.018,0.652,49.963,38.1,POSSIBLE_BROKEN_LT
7565,2026-08-01 02:06:04,TR-104,LT-006,231.45,11.85,2.565,0.935,50.08,2.05,NORMAL
921,2026-08-01 00:15:20,TR-102,LT-004,234.29,11.367,2.578,0.968,50.153,1.66,NORMAL
9119,2026-08-01 00:18:38,TR-101,LT-003,176.81,8.814,1.25,0.802,49.97,10.7,WARNING
6641,2026-08-01 01:50:40,TR-103,LT-003,225.6,12.09,2.509,0.92,49.997,2.84,NORMAL
7695,2026-08-01 02:08:14,TR-101,LT-002,232.47,7.425,1.672,0.968,49.851,0.94,NORMAL
8231,2026-08-01 00:03:50,TR-103,LT-001,173.14,8.916,1.272,0.824,50.091,16.91,WARNING
7127,2026-08-01 01:58:46,TR-103,LT-004,230.09,8.903,1.96,0.957,50.007,3.12,NORMAL
4279,2026-08-01 01:11:18,TR-104,LT-006,229.73,8.547,1.792,0.913,50.122,2.24,NORMAL
2984,2026-08-01 00:49:43,TR-103,LT-002,231.15,9.074,1.934,0.922,50.039,1.78,NORMAL
131,2026-08-01 00:02:10,TR-102,LT-003,223.8,7.454,1.574,0.944,50.147,2.8,NORMAL
7981,2026-08-01 02:13:00,TR-103,LT-006,226.28,3.994,0.864,0.956,50.013,4.29,NORMAL
2668,2026-08-01 00:44:27,TR-101,LT-004,225.07,9.83,2.118,0.957,49.827,2.96,NORMAL
7139,2026-08-01 01:58:58,TR-101,LT-002,227.89,8.612,1.845,0.94,49.862,0.39,NORMAL
3224,2026-08-01 00:53:43,TR-104,LT-006,232.78,4.677,1.047,0.962,49.998,1.04,NORMAL
7694,2026-08-01 02:08:13,TR-102,LT-002,229.36,9.112,1.957,0.936,50.158,1.14,NORMAL
5393,2026-08-01 01:29:52,TR-103,LT-005,230.41,8.909,1.814,0.884,50.023,2.78,NORMAL
615,2026-08-01 00:10:14,TR-101,LT-006,239.78,7.976,1.88,0.983,50.085,2.41,NORMAL
9903,2026-08-01 00:11:42,TR-104,LT-002,82.52,0.451,0.02,0.529,50.036,30.43,POSSIBLE_BROKEN_LT
1467,2026-08-01 00:24:26,TR-102,LT-006,236.68,10.867,2.401,0.933,49.996,2.26,NORMAL
4498,2026-08-01 01:14:57,TR-102,LT-005,234.31,9.492,2.074,0.932,50.13,1.99,NORMAL
3043,2026-08-01 00:50:42,TR-104,LT-004,227.65,7.551,1.581,0.92,49.863,2.48,NORMAL
2420,2026-08-01 00:40:19,TR-104,LT-004,224.69,8.019,1.673,0.928,49.986,1.51,NORMAL
5086,2026-08-01 01:24:45,TR-102,LT-004,239.3,7.156,1.608,0.939,50.107,1.53,NORMAL
3295,2026-08-01 00:54:54,TR-102,LT-006,225.17,4.457,0.924,0.921,50.127,1.24,NORMAL
6738,2026-08-01 01:52:17,TR-103,LT-006,231.33,6.392,1.438,0.972,49.896,1.32,NORMAL
1501,2026-08-01 00:25:00,TR-101,LT-003,233.11,7.464,1.69,0.971,50.105,2.13,NORMAL
1522,2026-08-01 00:25:21,TR-103,LT-005,232.33,11.965,2.663,0.958,50.021,1.97,NORMAL
9118,2026-08-01 00:18:37,TR-103,LT-005,175.08,16.033,2.346,0.836,49.876,10.2,WARNING
4233,2026-08-01 01:10:32,TR-102,LT-004,227.56,6.279,1.317,0.922,50.023,1.59,NORMAL
7687,2026-08-01 02:08:06,TR-103,LT-006,228.0,6.759,1.513,0.982,49.998,2.54,NORMAL
4431,2026-08-01 01:13:50,TR-103,LT-002,222.88,10.699,2.196,0.921,50.027,0.02,NORMAL
391,2026-08-01 00:06:30,TR-102,LT-006,226.41,8.792,1.832,0.921,49.901,2.04,NORMAL
9859,2026-08-01 00:10:58,TR-101,LT-006,85.84,0.135,0.005,0.472,49.964,41.41,POSSIBLE_BROKEN_LT
7125,2026-08-01 01:58:44,TR-102,LT-001,235.37,7.883,1.78,0.959,50.079,1.7,NORMAL
5914,2026-08-01 01:38:33,TR-101,LT-002,231.62,4.098,0.904,0.952,50.047,2.52,NORMAL
8593,2026-08-01 00:09:52,TR-101,LT-002,209.93,9.094,1.553,0.814,50.007,10.66,WARNING
4807,2026-08-01 01:20:06,TR-102,LT-001,227.04,7.579,1.625,0.944,50.041,2.99,NORMAL
8955,2026-08-01 00:15:54,TR-102,LT-003,191.11,11.052,1.77,0.838,50.079,12.72,WARNING
8239,2026-08-01 00:03:58,TR-104,LT-001,182.6,9.132,1.484,0.89,50.064,22.02,WARNING
8045,2026-08-01 00:00:44,TR-103,LT-003,161.97,7.88,1.152,0.902,50.013,17.79,WARNING
9783,2026-08-01 00:09:42,TR-101,LT-001,72.82,0.396,0.018,0.629,49.946,24.49,POSSIBLE_BROKEN_LT
3994,2026-08-01 01:06:33,TR-103,LT-003,233.0,6.106,1.369,0.963,49.976,1.18,NORMAL
9552,2026-08-01 00:05:51,TR-103,LT-003,78.8,0.01,0.0,0.245,49.909,32.42,POSSIBLE_BROKEN_LT
6610,2026-08-01 01:50:09,TR-102,LT-005,230.81,11.023,2.458,0.966,50.089,0.18,NORMAL
5320,2026-08-01 01:28:39,TR-101,LT-005,232.16,6.287,1.356,0.929,50.057,0.51,NORMAL
7120,2026-08-01 01:58:39,TR-101,LT-002,232.75,12.198,2.689,0.947,49.896,2.54,NORMAL
2422,2026-08-01 00:40:21,TR-104,LT-002,234.68,8.795,1.933,0.936,50.138,1.51,NORMAL
5605,2026-08-01 01:33:24,TR-102,LT-006,231.68,9.818,2.163,0.951,49.988,3.12,NORMAL
1751,2026-08-01 00:29:10,TR-103,LT-006,219.19,7.031,1.453,0.943,50.046,2.27,NORMAL
9016,2026-08-01 00:16:55,TR-103,LT-005,219.52,6.286,1.111,0.805,50.04,15.82,WARNING
9719,2026-08-01 00:08:38,TR-102,LT-001,55.32,0.361,0.006,0.303,49.914,39.57,POSSIBLE_BROKEN_LT
339,2026-08-01 00:05:38,TR-104,LT-002,231.65,8.298,1.796,0.934,49.972,1.38,NORMAL
8408,2026-08-01 00:06:47,TR-102,LT-001,181.73,10.728,1.576,0.809,49.957,11.34,WARNING
1342,2026-08-01 00:22:21,TR-102,LT-002,230.01,8.155,1.843,0.982,49.951,1.84,NORMAL
9545,2026-08-01 00:05:44,TR-102,LT-003,80.07,0.16,0.006,0.471,50.016,37.71,POSSIBLE_BROKEN_LT
7983,2026-08-01 02:13:02,TR-102,LT-004,229.71,10.415,2.187,0.914,50.022,1.19,NORMAL
3641,2026-08-01 01:00:40,TR-104,LT-003,228.01,8.734,1.874,0.941,50.029,1.87,NORMAL
330,2026-08-01 00:05:29,TR-101,LT-001,232.51,7.75,1.761,0.977,50.019,1.88,NORMAL
8829,2026-08-01 00:13:48,TR-102,LT-002,160.45,12.089,1.818,0.937,50.07,17.09,WARNING
3005,2026-08-01 00:50:04,TR-101,LT-004,232.23,10.169,2.333,0.988,50.12,2.14,NORMAL
6961,2026-08-01 01:56:00,TR-104,LT-004,234.47,9.258,2.079,0.958,49.973,0.59,NORMAL
4091,2026-08-01 01:08:10,TR-104,LT-004,225.61,9.176,1.949,0.941,49.882,3.31,NORMAL
2323,2026-08-01 00:38:42,TR-104,LT-001,231.83,10.074,2.19,0.938,49.949,3.14,NORMAL
6668,2026-08-01 01:51:07,TR-103,LT-003,229.14,12.355,2.699,0.953,49.951,1.86,NORMAL
7010,2026-08-01 01:56:49,TR-104,LT-004,235.77,7.03,1.55,0.935,49.993,2.91,NORMAL
4198,2026-08-01 01:09:57,TR-104,LT-003,223.74,8.348,1.814,0.971,49.979,3.3,NORMAL
3550,2026-08-01 00:59:09,TR-103,LT-006,229.86,6.105,1.329,0.947,50.085,0.76,NORMAL
8364,2026-08-01 00:06:03,TR-101,LT-002,178.97,14.028,2.175,0.866,50.069,7.68,WARNING
4204,2026-08-01 01:10:03,TR-104,LT-001,226.12,8.963,1.978,0.976,50.04,0.36,NORMAL
9311,2026-08-01 00:01:50,TR-103,LT-001,44.54,0.398,0.01,0.543,50.083,29.63,POSSIBLE_BROKEN_LT
8937,2026-08-01 00:15:36,TR-103,LT-006,192.1,9.66,1.495,0.806,49.937,19.82,WARNING
6186,2026-08-01 01:43:05,TR-102,LT-001,227.0,8.939,1.948,0.96,49.986,3.03,NORMAL
1640,2026-08-01 00:27:19,TR-101,LT-002,225.73,7.519,1.525,0.899,50.036,2.81,NORMAL
61,2026-08-01 00:01:00,TR-101,LT-005,228.08,8.211,1.746,0.933,50.043,4.59,NORMAL
1241,2026-08-01 00:20:40,TR-104,LT-003,228.48,9.564,2.07,0.947,49.933,2.56,NORMAL
5761,2026-08-01 01:36:00,TR-104,LT-006,230.12,11.802,2.566,0.945,50.034,2.02,NORMAL
5137,2026-08-01 01:25:36,TR-103,LT-001,231.92,7.173,1.56,0.938,49.997,1.05,NORMAL
2344,2026-08-01 00:39:03,TR-102,LT-002,227.9,6.064,1.344,0.973,49.918,2.23,NORMAL
2121,2026-08-01 00:35:20,TR-101,LT-006,239.65,13.006,2.984,0.957,50.039,1.18,NORMAL
1525,2026-08-01 00:25:24,TR-101,LT-004,228.51,6.155,1.25,0.889,50.011,1.72,NORMAL
7618,2026-08-01 02:06:57,TR-102,LT-005,235.98,9.781,2.273,0.985,50.162,1.29,NORMAL
154,2026-08-01 00:02:33,TR-103,LT-001,230.93,4.96,1.103,0.963,50.03,2.3,NORMAL
482,2026-08-01 00:08:01,TR-102,LT-005,226.18,7.935,1.701,0.948,50.096,1.64,NORMAL
6123,2026-08-01 01:42:02,TR-101,LT-005,226.95,9.802,2.13,0.957,49.968,2.4,NORMAL
7675,2026-08-01 02:07:54,TR-101,LT-004,226.65,6.523,1.402,0.948,50.081,2.81,NORMAL
7102,2026-08-01 01:58:21,TR-103,LT-006,229.49,5.159,1.078,0.911,50.013,1.64,NORMAL
1763,2026-08-01 00:29:22,TR-101,LT-001,230.3,8.396,1.853,0.958,49.947,3.96,NORMAL
7716,2026-08-01 02:08:35,TR-101,LT-002,232.67,6.352,1.395,0.944,50.066,1.69,NORMAL
9082,2026-08-01 00:18:01,TR-104,LT-006,169.94,7.584,0.993,0.771,49.768,16.11,WARNING
7480,2026-08-01 02:04:39,TR-103,LT-001,228.59,4.629,1.031,0.974,49.993,2.79,NORMAL
6213,2026-08-01 01:43:32,TR-104,LT-006,228.09,10.326,2.19,0.93,49.921,2.73,NORMAL
4854,2026-08-01 01:20:53,TR-102,LT-003,230.6,7.079,1.592,0.975,49.908,2.04,NORMAL
2712,2026-08-01 00:45:11,TR-104,LT-002,236.13,12.232,2.771,0.959,49.926,3.16,NORMAL
6767,2026-08-01 01:52:46,TR-104,LT-006,238.54,8.334,1.846,0.929,50.01,2.74,NORMAL
4151,2026-08-01 01:09:10,TR-101,LT-001,229.76,3.585,0.765,0.929,50.051,0.49,NORMAL
1334,2026-08-01 00:22:13,TR-103,LT-003,235.96,9.743,2.175,0.946,50.049,3.25,NORMAL
8379,2026-08-01 00:06:18,TR-104,LT-002,156.23,5.425,0.786,0.927,49.99,10.82,WARNING
9390,2026-08-01 00:03:09,TR-101,LT-003,97.09,0.555,0.023,0.424,50.08,58.7,POSSIBLE_BROKEN_LT
9708,2026-08-01 00:08:27,TR-102,LT-003,43.58,0.462,0.008,0.413,49.987,50.43,POSSIBLE_BROKEN_LT
9122,2026-08-01 00:18:41,TR-101,LT-001,152.82,6.355,0.877,0.904,50.024,16.63,WARNING
3851,2026-08-01 01:04:10,TR-102,LT-002,227.9,8.937,1.943,0.954,49.9,2.6,NORMAL
8341,2026-08-01 00:05:40,TR-104,LT-001,199.13,5.342,0.927,0.871,50.039,11.29,WARNING
4125,2026-08-01 01:08:44,TR-103,LT-003,231.23,9.797,2.191,0.967,50.068,2.27,NORMAL
8964,2026-08-01 00:16:03,TR-102,LT-005,189.82,14.929,2.123,0.749,49.964,12.57,WARNING
4789,2026-08-01 01:19:48,TR-104,LT-005,221.64,6.047,1.215,0.907,50.027,2.2,NORMAL
2867,2026-08-01 00:47:46,TR-103,LT-003,226.65,8.355,1.825,0.964,50.214,2.08,NORMAL
1387,2026-08-01 00:23:06,TR-101,LT-005,235.21,6.409,1.427,0.947,50.11,2.48,NORMAL
5942,2026-08-01 01:39:01,TR-102,LT-003,233.09,6.202,1.403,0.971,49.998,3.39,NORMAL
3068,2026-08-01 00:51:07,TR-102,LT-004,230.07,8.906,1.969,0.961,50.156,1.31,NORMAL
9059,2026-08-01 00:17:38,TR-101,LT-003,201.83,13.919,2.25,0.801,50.046,10.16,WARNING
3630,2026-08-01 01:00:29,TR-101,LT-001,227.47,11.614,2.502,0.947,50.021,2.07,NORMAL
9456,2026-08-01 00:04:15,TR-103,LT-001,108.92,0.392,0.025,0.592,50.073,62.16,POSSIBLE_BROKEN_LT
8950,2026-08-01 00:15:49,TR-104,LT-004,187.98,8.324,1.437,0.918,49.99,14.86,WARNING
3029,2026-08-01 00:50:28,TR-103,LT-002,227.96,8.73,1.875,0.942,49.98,1.91,NORMAL
2970,2026-08-01 00:49:29,TR-101,LT-005,231.08,8.949,1.903,0.92,50.001,2.34,NORMAL
8647,2026-08-01 00:10:46,TR-101,LT-001,163.72,15.353,1.982,0.789,49.978,20.45,WARNING
6137,2026-08-01 01:42:16,TR-102,LT-001,234.36,8.885,1.982,0.952,50.064,1.27,NORMAL
8802,2026-08-01 00:13:21,TR-103,LT-006,171.06,11.36,1.754,0.903,50.15,0.79,WARNING
4264,2026-08-01 01:11:03,TR-103,LT-006,228.83,6.897,1.393,0.883,49.961,0.99,NORMAL
646,2026-08-01 00:10:45,TR-101,LT-006,228.91,4.059,0.894,0.962,49.94,1.15,NORMAL
9654,2026-08-01 00:07:33,TR-104,LT-001,67.02,0.368,0.014,0.573,49.914,35.56,POSSIBLE_BROKEN_LT
2075,2026-08-01 00:34:34,TR-103,LT-001,227.53,9.836,2.067,0.924,50.099,4.14,NORMAL
342,2026-08-01 00:05:41,TR-101,LT-001,230.97,7.968,1.794,0.975,50.142,2.28,NORMAL
8042,2026-08-01 00:00:41,TR-103,LT-002,172.9,12.01,1.955,0.942,50.082,9.15,WARNING
1623,2026-08-01 00:27:02,TR-102,LT-006,233.68,8.364,1.913,0.979,50.119,3.18,NORMAL
7142,2026-08-01 01:59:01,TR-104,LT-004,231.58,5.983,1.328,0.958,50.206,1.53,NORMAL
5797,2026-08-01 01:36:36,TR-103,LT-006,242.39,7.196,1.62,0.929,49.973,2.49,NORMAL
7185,2026-08-01 01:59:44,TR-101,LT-002,230.17,7.438,1.637,0.956,50.06,2.11,NORMAL
8233,2026-08-01 00:03:52,TR-101,LT-003,169.59,10.393,1.373,0.779,49.881,11.23,WARNING
5476,2026-08-01 01:31:15,TR-104,LT-005,236.55,8.803,2.01,0.965,50.046,0.25,NORMAL
9253,2026-08-01 00:00:52,TR-101,LT-004,52.94,0.415,0.009,0.432,50.055,45.91,POSSIBLE_BROKEN_LT
75,2026-08-01 00:01:14,TR-103,LT-005,219.52,3.855,0.798,0.943,49.953,1.47,NORMAL
8634,2026-08-01 00:10:33,TR-101,LT-006,175.6,10.838,1.635,0.859,49.953,7.01,WARNING
9230,2026-08-01 00:00:29,TR-101,LT-002,54.94,0.376,0.013,0.645,49.832,34.43,POSSIBLE_BROKEN_LT
2052,2026-08-01 00:34:11,TR-101,LT-001,226.53,9.274,1.971,0.938,50.028,4.52,NORMAL
2542,2026-08-01 00:42:21,TR-101,LT-004,224.97,8.368,1.788,0.95,50.079,0.81,NORMAL
1302,2026-08-01 00:21:41,TR-101,LT-006,233.97,9.694,2.075,0.915,50.008,3.73,NORMAL
5878,2026-08-01 01:37:57,TR-101,LT-006,231.52,8.041,1.781,0.956,49.946,3.68,NORMAL
7369,2026-08-01 02:02:48,TR-103,LT-001,224.86,7.527,1.511,0.893,49.994,2.34,NORMAL
1305,2026-08-01 00:21:44,TR-103,LT-004,232.15,9.99,2.245,0.968,49.882,0.59,NORMAL
8429,2026-08-01 00:07:08,TR-102,LT-006,142.27,10.922,1.294,0.833,49.936,4.76,WARNING
9095,2026-08-01 00:18:14,TR-103,LT-005,190.77,16.338,2.633,0.845,49.885,9.16,WARNING
2600,2026-08-01 00:43:19,TR-103,LT-004,228.03,8.718,1.812,0.912,49.971,1.98,NORMAL
2574,2026-08-01 00:42:53,TR-102,LT-004,229.8,8.824,1.92,0.947,50.061,3.39,NORMAL
3187,2026-08-01 00:53:06,TR-102,LT-002,225.21,10.007,2.1,0.932,50.094,1.87,NORMAL
2769,2026-08-01 00:46:08,TR-104,LT-006,227.93,9.59,1.997,0.914,50.041,0.76,NORMAL
4832,2026-08-01 01:20:31,TR-102,LT-002,225.25,6.658,1.357,0.905,49.989,0.85,NORMAL
4224,2026-08-01 01:10:23,TR-101,LT-002,234.71,8.892,1.981,0.949,49.961,2.94,NORMAL
9650,2026-08-01 00:07:29,TR-101,LT-003,106.36,0.327,0.018,0.531,49.849,39.87,POSSIBLE_BROKEN_LT
2107,2026-08-01 00:35:06,TR-103,LT-004,226.4,9.126,1.904,0.922,49.809,1.06,NORMAL
2680,2026-08-01 00:44:39,TR-101,LT-006,228.95,9.61,2.049,0.932,49.946,3.14,NORMAL
1388,2026-08-01 00:23:07,TR-101,LT-004,236.25,11.493,2.623,0.966,49.787,1.97,NORMAL
8932,2026-08-01 00:15:31,TR-102,LT-004,207.12,7.49,1.4,0.903,49.856,3.48,WARNING
9660,2026-08-01 00:07:39,TR-102,LT-003,81.43,0.049,0.001,0.35,50.115,26.71,POSSIBLE_BROKEN_LT
7084,2026-08-01 01:58:03,TR-103,LT-002,227.39,8.276,1.815,0.964,50.058,0.86,NORMAL
1280,2026-08-01 00:21:19,TR-101,LT-002,228.76,7.386,1.578,0.934,49.892,3.15,NORMAL
805,2026-08-01 00:13:24,TR-104,LT-001,228.26,8.8,1.913,0.952,50.021,0.39,NORMAL
1556,2026-08-01 00:25:55,TR-101,LT-003,231.47,12.017,2.655,0.955,49.927,1.68,NORMAL
9487,2026-08-01 00:04:46,TR-102,LT-004,69.95,0.436,0.011,0.373,49.891,45.37,POSSIBLE_BROKEN_LT
4567,2026-08-01 01:16:06,TR-104,LT-005,233.41,9.067,2.026,0.957,49.929,2.83,NORMAL
9670,2026-08-01 00:07:49,TR-102,LT-005,89.12,0.33,0.016,0.545,49.943,28.56,POSSIBLE_BROKEN_LT
4842,2026-08-01 01:20:41,TR-104,LT-005,230.3,5.666,1.257,0.964,50.122,1.77,NORMAL
3595,2026-08-01 00:59:54,TR-101,LT-006,235.04,8.025,1.737,0.921,49.965,1.96,NORMAL
6036,2026-08-01 01:40:35,TR-102,LT-005,230.28,6.178,1.342,0.944,50.042,1.9,NORMAL
6853,2026-08-01 01:54:12,TR-102,LT-001,230.13,9.471,2.077,0.953,50.025,3.48,NORMAL
8706,2026-08-01 00:11:45,TR-103,LT-005,199.6,10.333,1.833,0.889,49.921,1.24,WARNING
4178,2026-08-01 01:09:37,TR-103,LT-003,231.23,6.257,1.358,0.939,49.95,0.36,NORMAL
1309,2026-08-01 00:21:48,TR-102,LT-006,234.34,8.44,1.931,0.976,50.007,1.82,NORMAL
3453,2026-08-01 00:57:32,TR-103,LT-006,229.49,4.375,0.96,0.956,49.973,3.03,NORMAL
3696,2026-08-01 01:01:35,TR-103,LT-004,228.74,5.973,1.284,0.94,49.957,1.84,NORMAL
4243,2026-08-01 01:10:42,TR-101,LT-004,227.64,9.298,1.964,0.928,50.003,4.21,NORMAL
2199,2026-08-01 00:36:38,TR-103,LT-001,227.43,10.583,2.223,0.924,49.944,1.81,NORMAL
4426,2026-08-01 01:13:45,TR-104,LT-002,225.47,6.785,1.527,0.998,50.124,0.62,NORMAL
6151,2026-08-01 01:42:30,TR-101,LT-005,237.57,7.637,1.614,0.89,50.071,1.99,NORMAL
944,2026-08-01 00:15:43,TR-102,LT-002,229.6,8.695,1.884,0.944,49.91,2.43,NORMAL
823,2026-08-01 00:13:42,TR-102,LT-004,239.2,8.53,1.815,0.89,49.984,2.23,NORMAL
5006,2026-08-01 01:23:25,TR-101,LT-003,224.9,6.227,1.33,0.95,50.067,2.82,NORMAL
6613,2026-08-01 01:50:12,TR-102,LT-001,225.1,9.996,2.084,0.926,50.074,0.99,NORMAL
8357,2026-08-01 00:05:56,TR-103,LT-005,182.34,9.963,1.405,0.773,50.041,10.56,WARNING
5620,2026-08-01 01:33:39,TR-101,LT-003,229.38,6.362,1.352,0.926,49.97,1.36,NORMAL
4548,2026-08-01 01:15:47,TR-104,LT-002,229.77,8.335,1.803,0.941,50.074,1.79,NORMAL
2539,2026-08-01 00:42:18,TR-104,LT-003,225.02,4.362,0.935,0.953,50.211,1.44,NORMAL
5208,2026-08-01 01:26:47,TR-101,LT-004,227.98,8.057,1.656,0.901,49.943,1.13,NORMAL
9515,2026-08-01 00:05:14,TR-102,LT-004,30.48,0.684,0.012,0.589,50.04,43.97,POSSIBLE_BROKEN_LT
9010,2026-08-01 00:16:49,TR-101,LT-003,208.42,15.947,3.065,0.922,49.792,8.88,WARNING
3055,2026-08-01 00:50:54,TR-103,LT-002,236.94,9.653,2.172,0.95,49.992,0.5,NORMAL
3676,2026-08-01 01:01:15,TR-103,LT-001,230.29,6.4,1.425,0.967,50.052,1.61,NORMAL
7777,2026-08-01 02:09:36,TR-103,LT-001,234.16,11.425,2.485,0.929,50.126,1.64,NORMAL
7219,2026-08-01 02:00:18,TR-101,LT-003,225.54,8.425,1.798,0.946,49.962,0.97,NORMAL
6723,2026-08-01 01:52:02,TR-101,LT-004,231.33,8.891,1.978,0.962,50.075,0.87,NORMAL
3301,2026-08-01 00:55:00,TR-102,LT-002,231.35,8.439,1.904,0.975,50.007,2.76,NORMAL
3311,2026-08-01 00:55:10,TR-101,LT-006,225.27,7.748,1.595,0.914,49.827,2.44,NORMAL
7222,2026-08-01 02:00:21,TR-104,LT-002,220.9,10.572,2.201,0.943,50.012,1.99,NORMAL
8520,2026-08-01 00:08:39,TR-103,LT-001,189.14,13.099,1.907,0.77,50.214,11.04,WARNING
5955,2026-08-01 01:39:14,TR-101,LT-002,232.12,6.849,1.503,0.945,50.176,4.45,NORMAL
833,2026-08-01 00:13:52,TR-103,LT-006,225.98,7.027,1.52,0.957,50.093,1.15,NORMAL
3463,2026-08-01 00:57:42,TR-104,LT-003,230.63,6.845,1.502,0.951,49.947,2.45,NORMAL
7644,2026-08-01 02:07:23,TR-104,LT-002,230.03,9.557,2.084,0.948,50.016,0.92,NORMAL
55,2026-08-01 00:00:54,TR-101,LT-001,234.12,6.924,1.539,0.949,49.939,2.51,NORMAL
3452,2026-08-01 00:57:31,TR-104,LT-003,224.98,6.289,1.345,0.95,50.031,0.02,NORMAL
6306,2026-08-01 01:45:05,TR-102,LT-003,233.91,6.608,1.465,0.948,49.944,2.44,NORMAL
1482,2026-08-01 00:24:41,TR-101,LT-002,228.51,7.13,1.496,0.918,49.958,1.95,NORMAL
4874,2026-08-01 01:21:13,TR-102,LT-005,230.93,8.145,1.778,0.945,50.016,1.48,NORMAL
8039,2026-08-01 00:00:38,TR-102,LT-005,212.82,13.67,2.315,0.796,49.949,14.06,WARNING
3336,2026-08-01 00:55:35,TR-101,LT-005,224.63,6.051,1.244,0.915,49.927,1.32,NORMAL
6017,2026-08-01 01:40:16,TR-102,LT-003,238.71,9.846,2.227,0.947,50.031,0.63,NORMAL
4927,2026-08-01 01:22:06,TR-101,LT-003,228.21,10.693,2.249,0.922,50.003,2.22,NORMAL
5798,2026-08-01 01:36:37,TR-102,LT-001,228.97,9.49,2.022,0.93,49.895,1.75,NORMAL
9832,2026-08-01 00:10:31,TR-101,LT-001,67.4,0.646,0.018,0.424,50.051,57.41,POSSIBLE_BROKEN_LT
5084,2026-08-01 01:24:43,TR-102,LT-004,225.72,6.504,1.38,0.94,49.935,2.53,NORMAL
6646,2026-08-01 01:50:45,TR-104,LT-003,237.19,11.691,2.564,0.925,49.968,3.42,NORMAL
5491,2026-08-01 01:31:30,TR-101,LT-003,228.36,6.348,1.344,0.927,49.955,2.68,NORMAL
769,2026-08-01 00:12:48,TR-102,LT-001,227.49,8.105,1.705,0.925,49.854,1.67,NORMAL
2066,2026-08-01 00:34:25,TR-104,LT-004,227.67,7.895,1.725,0.96,50.145,2.09,NORMAL
9501,2026-08-01 00:05:00,TR-102,LT-002,38.65,0.497,0.006,0.305,49.93,9.34,POSSIBLE_BROKEN_LT
7312,2026-08-01 02:01:51,TR-102,LT-005,226.98,7.607,1.657,0.96,50.158,0.44,NORMAL
8478,2026-08-01 00:07:57,TR-101,LT-003,191.56,4.261,0.656,0.804,50.085,23.33,WARNING
4525,2026-08-01 01:15:24,TR-102,LT-005,234.72,6.456,1.483,0.979,49.994,2.15,NORMAL
2718,2026-08-01 00:45:17,TR-104,LT-004,233.54,9.498,2.018,0.91,50.062,2.34,NORMAL
2080,2026-08-01 00:34:39,TR-104,LT-004,228.2,5.92,1.273,0.942,49.843,2.68,NORMAL
8915,2026-08-01 00:15:14,TR-102,LT-002,188.1,13.144,1.964,0.794,49.926,17.39,WARNING
952,2026-08-01 00:15:51,TR-101,LT-006,231.41,5.579,1.209,0.936,50.01,1.72,NORMAL
8059,2026-08-01 00:00:58,TR-102,LT-002,158.06,8.364,1.054,0.797,50.028,14.08,WARNING
2483,2026-08-01 00:41:22,TR-101,LT-003,237.97,5.325,1.188,0.938,49.938,1.33,NORMAL
1760,2026-08-01 00:29:19,TR-104,LT-005,235.26,6.898,1.523,0.939,50.037,2.28,NORMAL
4423,2026-08-01 01:13:42,TR-102,LT-002,235.02,5.557,1.243,0.952,50.066,0.79,NORMAL
6705,2026-08-01 01:51:44,TR-103,LT-001,229.0,4.963,1.107,0.974,49.884,2.63,NORMAL
5183,2026-08-01 01:26:22,TR-102,LT-006,229.2,7.428,1.605,0.943,49.868,1.82,NORMAL
8534,2026-08-01 00:08:53,TR-104,LT-002,167.63,11.717,1.645,0.837,49.957,11.62,WARNING
3702,2026-08-01 01:01:41,TR-102,LT-002,235.81,9.256,2.102,0.963,50.08,1.17,NORMAL
4244,2026-08-01 01:10:43,TR-103,LT-002,232.79,9.841,2.108,0.92,50.006,3.03,NORMAL
689,2026-08-01 00:11:28,TR-101,LT-006,232.84,12.074,2.668,0.949,50.046,0.99,NORMAL
3433,2026-08-01 00:57:12,TR-103,LT-004,232.09,3.64,0.814,0.964,49.89,0.99,NORMAL
4945,2026-08-01 01:22:24,TR-104,LT-003,236.99,5.628,1.285,0.963,49.963,1.48,NORMAL
967,2026-08-01 00:16:06,TR-102,LT-003,227.29,7.273,1.54,0.931,50.054,4.06,NORMAL
9485,2026-08-01 00:04:44,TR-103,LT-003,63.49,0.235,0.006,0.374,50.035,47.19,POSSIBLE_BROKEN_LT
2714,2026-08-01 00:45:13,TR-104,LT-006,224.4,4.154,0.922,0.99,49.909,1.89,NORMAL
4758,2026-08-01 01:19:17,TR-102,LT-004,235.12,6.351,1.399,0.937,49.961,1.91,NORMAL
9546,2026-08-01 00:05:45,TR-101,LT-004,101.02,0.558,0.021,0.374,49.995,47.04,POSSIBLE_BROKEN_LT
6321,2026-08-01 01:45:20,TR-103,LT-006,234.93,5.761,1.212,0.896,49.987,2.01,NORMAL
5976,2026-08-01 01:39:35,TR-101,LT-001,227.45,7.338,1.556,0.933,50.087,0.34,NORMAL
3573,2026-08-01 00:59:32,TR-103,LT-001,231.28,7.16,1.571,0.949,50.01,2.61,NORMAL
5300,2026-08-01 01:28:19,TR-102,LT-004,231.12,4.995,1.077,0.932,49.984,2.74,NORMAL
1991,2026-08-01 00:33:10,TR-103,LT-002,233.2,10.867,2.442,0.964,50.081,1.43,NORMAL
1206,2026-08-01 00:20:05,TR-104,LT-003,230.16,4.59,0.99,0.937,49.987,1.11,NORMAL
4972,2026-08-01 01:22:51,TR-103,LT-002,229.68,9.665,2.071,0.933,49.941,3.23,NORMAL
6784,2026-08-01 01:53:03,TR-104,LT-003,228.94,9.014,1.802,0.873,50.005,2.17,NORMAL
3601,2026-08-01 01:00:00,TR-101,LT-001,226.7,4.288,0.907,0.933,50.088,3.55,NORMAL
6491,2026-08-01 01:48:10,TR-103,LT-005,230.43,8.91,1.931,0.94,50.012,2.36,NORMAL
8610,2026-08-01 00:10:09,TR-104,LT-005,193.01,9.855,1.703,0.895,50.048,12.12,WARNING
9979,2026-08-01 00:12:58,TR-101,LT-002,72.35,0.464,0.014,0.414,50.057,62.32,POSSIBLE_BROKEN_LT
8071,2026-08-01 00:01:10,TR-103,LT-005,196.51,8.87,1.362,0.781,49.981,14.85,WARNING
8578,2026-08-01 00:09:37,TR-101,LT-005,219.76,8.584,1.742,0.923,50.067,8.43,WARNING
7974,2026-08-01 02:12:53,TR-101,LT-002,227.96,13.498,2.935,0.954,49.937,2.17,NORMAL
1626,2026-08-01 00:27:05,TR-103,LT-001,234.32,6.64,1.462,0.94,49.996,2.53,NORMAL
537,2026-08-01 00:08:56,TR-103,LT-002,226.56,9.277,1.947,0.927,50.031,1.91,NORMAL
8767,2026-08-01 00:12:46,TR-104,LT-003,175.62,10.626,1.606,0.861,50.042,17.04,WARNING
7971,2026-08-01 02:12:50,TR-103,LT-001,236.39,12.121,2.737,0.955,49.97,0.55,NORMAL
4213,2026-08-01 01:10:12,TR-101,LT-001,233.19,3.678,0.802,0.935,50.036,0.43,NORMAL
6457,2026-08-01 01:47:36,TR-102,LT-003,225.27,8.942,1.882,0.934,49.929,1.16,NORMAL
3508,2026-08-01 00:58:27,TR-104,LT-005,229.76,7.297,1.619,0.966,49.902,1.21,NORMAL
8394,2026-08-01 00:06:33,TR-101,LT-004,139.07,8.569,0.959,0.805,49.9,9.65,WARNING
7113,2026-08-01 01:58:32,TR-102,LT-001,235.26,7.36,1.635,0.944,50.041,0.67,NORMAL
2709,2026-08-01 00:45:08,TR-103,LT-004,228.59,7.635,1.593,0.913,50.069,3.32,NORMAL
5032,2026-08-01 01:23:51,TR-101,LT-001,235.02,6.855,1.479,0.918,50.028,3.04,NORMAL
6515,2026-08-01 01:48:34,TR-102,LT-002,230.58,7.672,1.687,0.954,50.077,2.15,NORMAL
4663,2026-08-01 01:17:42,TR-103,LT-005,227.74,6.195,1.346,0.954,49.951,3.19,NORMAL
4022,2026-08-01 01:07:01,TR-103,LT-002,224.31,9.057,1.92,0.945,49.994,3.52,NORMAL
1855,2026-08-01 00:30:54,TR-102,LT-004,234.0,6.861,1.573,0.98,49.933,0.62,NORMAL
9426,2026-08-01 00:03:45,TR-102,LT-001,79.93,0.168,0.005,0.373,50.057,15.98,POSSIBLE_BROKEN_LT
2873,2026-08-01 00:47:52,TR-104,LT-005,221.65,9.377,1.943,0.935,49.933,0.95,NORMAL
3031,2026-08-01 00:50:30,TR-101,LT-005,220.05,6.793,1.487,0.995,50.101,2.27,NORMAL
1646,2026-08-01 00:27:25,TR-103,LT-003,231.71,7.414,1.61,0.937,50.043,3.86,NORMAL
3418,2026-08-01 00:56:57,TR-103,LT-001,230.83,6.977,1.492,0.926,49.975,1.57,NORMAL
3477,2026-08-01 00:57:56,TR-104,LT-003,233.91,10.342,2.347,0.97,49.945,2.99,NORMAL
9553,2026-08-01 00:05:52,TR-102,LT-001,84.16,0.327,0.01,0.378,49.982,40.62,POSSIBLE_BROKEN_LT
1793,2026-08-01 00:29:52,TR-101,LT-005,229.36,8.361,1.768,0.922,49.94,2.11,NORMAL
3798,2026-08-01 01:03:17,TR-104,LT-004,230.85,6.479,1.395,0.933,50.024,2.35,NORMAL
3369,2026-08-01 00:56:08,TR-101,LT-001,231.6,5.421,1.235,0.984,49.992,3.46,NORMAL
7197,2026-08-01 01:59:56,TR-101,LT-006,231.8,8.929,1.997,0.965,50.091,1.21,NORMAL
9642,2026-08-01 00:07:21,TR-104,LT-006,79.21,0.073,0.003,0.51,49.99,34.96,POSSIBLE_BROKEN_LT
5110,2026-08-01 01:25:09,TR-104,LT-001,230.32,6.024,1.322,0.953,50.046,0.17,NORMAL
6025,2026-08-01 01:40:24,TR-104,LT-002,228.73,4.344,0.9,0.906,50.049,3.1,NORMAL
8796,2026-08-01 00:13:15,TR-102,LT-002,157.09,8.51,1.184,0.885,50.043,14.93,WARNING
9295,2026-08-01 00:01:34,TR-104,LT-004,72.08,0.345,0.006,0.26,50.105,43.99,POSSIBLE_BROKEN_LT
127,2026-08-01 00:02:06,TR-102,LT-006,226.04,9.758,2.147,0.973,49.928,1.41,NORMAL
5960,2026-08-01 01:39:19,TR-102,LT-002,238.22,8.08,1.759,0.914,49.901,2.27,NORMAL
3877,2026-08-01 01:04:36,TR-101,LT-001,233.8,7.61,1.643,0.924,49.913,1.15,NORMAL
4452,2026-08-01 01:14:11,TR-101,LT-002,228.01,10.818,2.335,0.947,49.966,2.13,NORMAL
7148,2026-08-01 01:59:07,TR-104,LT-003,219.39,8.322,1.763,0.966,49.932,0.7,NORMAL
3532,2026-08-01 00:58:51,TR-101,LT-006,237.43,8.793,1.876,0.898,50.048,1.16,NORMAL
828,2026-08-01 00:13:47,TR-101,LT-006,227.91,8.672,1.908,0.965,50.127,1.7,NORMAL
7791,2026-08-01 02:09:50,TR-104,LT-003,230.46,10.385,2.187,0.914,49.955,2.83,NORMAL
985,2026-08-01 00:16:24,TR-104,LT-002,229.99,7.549,1.595,0.919,50.001,3.35,NORMAL
7784,2026-08-01 02:09:43,TR-101,LT-004,240.43,6.367,1.47,0.96,49.984,1.61,NORMAL
2444,2026-08-01 00:40:43,TR-102,LT-006,232.76,6.834,1.513,0.952,50.014,2.9,NORMAL
8555,2026-08-01 00:09:14,TR-103,LT-001,195.71,13.146,2.14,0.832,50.054,11.63,WARNING
346,2026-08-01 00:05:45,TR-104,LT-005,230.93,8.665,1.919,0.959,50.063,2.43,NORMAL
815,2026-08-01 00:13:34,TR-104,LT-003,234.13,8.626,1.866,0.924,50.057,1.38,NORMAL
6167,2026-08-01 01:42:46,TR-103,LT-002,234.54,8.876,1.886,0.906,50.01,3.35,NORMAL
5780,2026-08-01 01:36:19,TR-104,LT-006,232.79,8.348,1.86,0.957,49.912,1.56,NORMAL
2117,2026-08-01 00:35:16,TR-102,LT-001,229.09,8.889,1.814,0.891,49.929,1.84,NORMAL
794,2026-08-01 00:13:13,TR-101,LT-004,224.89,7.448,1.654,0.987,50.079,1.83,NORMAL
6899,2026-08-01 01:54:58,TR-102,LT-005,229.83,7.732,1.63,0.917,50.071,3.37,NORMAL
2675,2026-08-01 00:44:34,TR-101,LT-004,225.97,5.046,1.02,0.895,49.927,2.38,NORMAL
95,2026-08-01 00:01:34,TR-103,LT-003,228.43,8.084,1.77,0.958,49.861,0.87,NORMAL
4226,2026-08-01 01:10:25,TR-101,LT-001,232.08,10.67,2.34,0.945,49.994,2.37,NORMAL
3757,2026-08-01 01:02:36,TR-101,LT-002,230.41,8.19,1.75,0.928,50.02,1.35,NORMAL
2892,2026-08-01 00:48:11,TR-104,LT-001,221.48,8.947,1.88,0.949,50.037,3.27,NORMAL
2372,2026-08-01 00:39:31,TR-102,LT-005,227.81,7.553,1.589,0.923,49.948,1.24,NORMAL
9389,2026-08-01 00:03:08,TR-102,LT-004,64.4,0.179,0.006,0.546,50.092,36.38,POSSIBLE_BROKEN_LT
3229,2026-08-01 00:53:48,TR-102,LT-003,233.12,7.478,1.67,0.958,49.985,0.22,NORMAL
7864,2026-08-01 02:11:03,TR-102,LT-004,227.43,3.982,0.859,0.949,49.867,3.06,NORMAL
6360,2026-08-01 01:45:59,TR-101,LT-003,224.0,6.138,1.332,0.969,49.961,1.32,NORMAL
9197,2026-08-01 00:19:56,TR-101,LT-004,181.02,8.505,1.407,0.914,49.896,14.52,WARNING
7327,2026-08-01 02:02:06,TR-102,LT-006,234.71,7.214,1.531,0.904,49.888,0.57,NORMAL
6029,2026-08-01 01:40:28,TR-101,LT-002,222.14,9.48,1.909,0.907,49.997,2.1,NORMAL
1866,2026-08-01 00:31:05,TR-104,LT-006,223.35,7.94,1.662,0.937,50.137,2.23,NORMAL
4613,2026-08-01 01:16:52,TR-103,LT-001,235.77,4.943,1.079,0.926,49.927,3.6,NORMAL
2646,2026-08-01 00:44:05,TR-101,LT-005,226.86,8.453,1.84,0.959,50.058,1.06,NORMAL
2244,2026-08-01 00:37:23,TR-102,LT-002,223.74,9.031,1.862,0.922,50.018,1.77,NORMAL
5374,2026-08-01 01:29:33,TR-104,LT-003,229.73,8.132,1.83,0.979,50.006,0.41,NORMAL
2337,2026-08-01 00:38:56,TR-104,LT-004,232.0,6.357,1.357,0.92,50.007,3.6,NORMAL
951,2026-08-01 00:15:50,TR-101,LT-004,229.04,8.475,1.889,0.973,50.017,1.43,NORMAL
1121,2026-08-01 00:18:40,TR-103,LT-005,234.42,3.616,0.793,0.936,50.098,0.64,NORMAL
2205,2026-08-01 00:36:44,TR-103,LT-003,226.17,7.999,1.679,0.928,49.826,2.34,NORMAL
420,2026-08-01 00:06:59,TR-101,LT-005,230.27,6.98,1.504,0.936,50.004,2.82,NORMAL
923,2026-08-01 00:15:22,TR-101,LT-006,230.53,5.825,1.292,0.962,49.972,2.76,NORMAL
8670,2026-08-01 00:11:09,TR-102,LT-001,161.87,16.916,2.496,0.912,50.124,11.32,WARNING
5409,2026-08-01 01:30:08,TR-101,LT-005,229.18,12.108,2.697,0.972,49.978,2.12,NORMAL
5789,2026-08-01 01:36:28,TR-103,LT-001,223.01,9.637,2.071,0.964,49.995,0.2,NORMAL
5743,2026-08-01 01:35:42,TR-101,LT-001,230.08,6.536,1.475,0.981,49.944,1.71,NORMAL
7668,2026-08-01 02:07:47,TR-102,LT-003,228.06,3.788,0.796,0.921,50.064,1.88,NORMAL
5568,2026-08-01 01:32:47,TR-102,LT-003,232.77,6.279,1.317,0.901,50.074,1.55,NORMAL
8136,2026-08-01 00:02:15,TR-102,LT-005,198.71,7.368,1.427,0.974,49.973,5.36,WARNING
1203,2026-08-01 00:20:02,TR-104,LT-002,230.49,7.019,1.479,0.914,49.918,1.88,NORMAL
5766,2026-08-01 01:36:05,TR-104,LT-004,228.72,5.714,1.262,0.965,50.034,3.72,NORMAL
8390,2026-08-01 00:06:29,TR-102,LT-006,165.42,10.864,1.528,0.85,49.967,9.03,WARNING
1971,2026-08-01 00:32:50,TR-104,LT-004,232.37,6.175,1.353,0.943,50.03,0.7,NORMAL
4019,2026-08-01 01:06:58,TR-104,LT-003,227.93,9.276,1.937,0.916,50.006,1.42,NORMAL
3688,2026-08-01 01:01:27,TR-102,LT-003,231.06,2.4,0.517,0.931,50.023,3.26,NORMAL
1998,2026-08-01 00:33:17,TR-103,LT-005,226.47,6.589,1.432,0.96,49.899,2.96,NORMAL
4034,2026-08-01 01:07:13,TR-104,LT-006,218.64,7.842,1.632,0.952,49.96,1.61,NORMAL
1249,2026-08-01 00:20:48,TR-104,LT-004,230.94,10.66,2.254,0.916,50.153,1.09,NORMAL
2193,2026-08-01 00:36:32,TR-102,LT-004,238.1,10.155,2.276,0.941,50.067,1.76,NORMAL
2713,2026-08-01 00:45:12,TR-104,LT-002,232.0,5.138,1.103,0.926,49.989,1.92,NORMAL
2191,2026-08-01 00:36:30,TR-104,LT-006,223.61,6.328,1.32,0.933,50.006,2.26,NORMAL
4671,2026-08-01 01:17:50,TR-104,LT-002,232.61,7.773,1.786,0.988,50.093,0.63,NORMAL
5143,2026-08-01 01:25:42,TR-104,LT-005,234.14,7.772,1.683,0.925,49.932,2.87,NORMAL
5985,2026-08-01 01:39:44,TR-103,LT-003,236.36,8.854,2.066,0.987,49.999,2.28,NORMAL
6566,2026-08-01 01:49:25,TR-101,LT-003,232.83,7.505,1.626,0.931,49.993,1.8,NORMAL
7805,2026-08-01 02:10:04,TR-101,LT-004,229.36,5.953,1.301,0.953,50.072,3.02,NORMAL
6944,2026-08-01 01:55:43,TR-101,LT-004,233.84,5.447,1.204,0.945,50.102,2.62,NORMAL
2137,2026-08-01 00:35:36,TR-102,LT-001,230.41,5.613,1.193,0.922,49.927,2.29,NORMAL
1066,2026-08-01 00:17:45,TR-102,LT-003,225.52,7.266,1.581,0.965,49.989,0.91,NORMAL
601,2026-08-01 00:10:00,TR-103,LT-002,233.03,7.232,1.604,0.952,50.018,1.65,NORMAL
4228,2026-08-01 01:10:27,TR-101,LT-001,231.68,7.816,1.688,0.932,50.166,1.69,NORMAL
7578,2026-08-01 02:06:17,TR-101,LT-005,229.88,8.542,1.832,0.933,50.084,0.16,NORMAL
78,2026-08-01 00:01:17,TR-102,LT-004,228.8,10.272,2.185,0.929,50.067,1.51,NORMAL
7547,2026-08-01 02:05:46,TR-101,LT-003,230.05,7.733,1.641,0.923,49.924,1.43,NORMAL
2899,2026-08-01 00:48:18,TR-101,LT-005,228.85,6.646,1.431,0.941,50.018,2.61,NORMAL
4821,2026-08-01 01:20:20,TR-104,LT-006,229.37,10.863,2.317,0.93,49.92,0.51,NORMAL
9303,2026-08-01 00:01:42,TR-104,LT-002,56.54,0.21,0.003,0.287,50.024,42.01,POSSIBLE_BROKEN_LT
6414,2026-08-01 01:46:53,TR-103,LT-002,231.33,6.969,1.477,0.916,50.043,3.09,NORMAL
9065,2026-08-01 00:17:44,TR-101,LT-004,194.49,8.241,1.31,0.818,50.173,16.53,WARNING
8008,2026-08-01 00:00:07,TR-104,LT-006,173.0,7.263,1.206,0.96,50.046,8.39,WARNING
5469,2026-08-01 01:31:08,TR-102,LT-001,228.69,9.279,2.01,0.947,49.96,2.61,NORMAL
5952,2026-08-01 01:39:11,TR-102,LT-003,230.1,8.696,1.936,0.967,49.872,1.54,NORMAL
3392,2026-08-01 00:56:31,TR-103,LT-005,226.79,8.824,1.909,0.954,49.822,2.19,NORMAL
5416,2026-08-01 01:30:15,TR-104,LT-002,232.58,9.953,2.124,0.917,50.113,0.02,NORMAL
2561,2026-08-01 00:42:40,TR-103,LT-006,225.94,7.123,1.489,0.925,50.019,2.47,NORMAL
8163,2026-08-01 00:02:42,TR-104,LT-006,150.7,6.357,0.819,0.855,49.889,20.02,WARNING
2636,2026-08-01 00:43:55,TR-101,LT-005,234.29,5.77,1.253,0.927,49.71,1.15,NORMAL
5257,2026-08-01 01:27:36,TR-104,LT-006,228.35,11.71,2.518,0.942,50.118,3.61,NORMAL
3531,2026-08-01 00:58:50,TR-104,LT-005,235.99,5.564,1.22,0.929,50.003,2.85,NORMAL
8568,2026-08-01 00:09:27,TR-102,LT-003,175.95,12.239,1.846,0.857,50.033,9.44,WARNING
1909,2026-08-01 00:31:48,TR-101,LT-003,225.22,10.124,2.183,0.958,50.029,1.49,NORMAL
236,2026-08-01 00:03:55,TR-103,LT-006,232.54,9.577,2.01,0.903,50.12,2.62,NORMAL
1605,2026-08-01 00:26:44,TR-102,LT-003,228.07,9.714,1.937,0.874,49.893,1.5,NORMAL
7985,2026-08-01 02:13:04,TR-103,LT-002,230.95,6.613,1.384,0.906,50.059,0.47,NORMAL
3491,2026-08-01 00:58:10,TR-102,LT-002,228.69,6.372,1.457,1.0,49.968,2.0,NORMAL
1995,2026-08-01 00:33:14,TR-102,LT-005,231.41,10.388,2.181,0.907,50.012,1.25,NORMAL
2825,2026-08-01 00:47:04,TR-103,LT-006,229.79,5.77,1.271,0.959,50.109,1.55,NORMAL
9286,2026-08-01 00:01:25,TR-104,LT-002,77.02,0.506,0.023,0.59,50.141,28.12,POSSIBLE_BROKEN_LT
1343,2026-08-01 00:22:22,TR-102,LT-005,231.75,10.794,2.308,0.923,49.89,0.76,NORMAL
8513,2026-08-01 00:08:32,TR-102,LT-006,182.15,11.105,1.756,0.868,49.902,11.08,WARNING
1620,2026-08-01 00:26:59,TR-104,LT-002,234.59,6.704,1.573,1.0,49.962,1.28,NORMAL
5288,2026-08-01 01:28:07,TR-104,LT-004,235.45,8.513,1.871,0.933,50.015,2.91,NORMAL
2061,2026-08-01 00:34:20,TR-103,LT-001,233.4,8.28,1.823,0.943,49.942,0.99,NORMAL
9956,2026-08-01 00:12:35,TR-102,LT-002,56.09,0.316,0.006,0.341,50.092,22.29,POSSIBLE_BROKEN_LT
2220,2026-08-01 00:36:59,TR-101,LT-004,229.01,9.042,1.968,0.95,50.035,1.52,NORMAL
6039,2026-08-01 01:40:38,TR-103,LT-001,233.28,9.691,2.157,0.954,50.097,1.93,NORMAL
261,2026-08-01 00:04:20,TR-103,LT-001,226.29,6.963,1.544,0.98,50.165,1.08,NORMAL
9366,2026-08-01 00:02:45,TR-102,LT-003,78.48,0.384,0.009,0.312,49.91,18.54,POSSIBLE_BROKEN_LT
9094,2026-08-01 00:18:13,TR-101,LT-001,180.86,17.582,2.641,0.831,49.916,6.76,WARNING
3745,2026-08-01 01:02:24,TR-104,LT-005,226.02,9.746,2.064,0.937,49.991,0.44,NORMAL
2027,2026-08-01 00:33:46,TR-103,LT-006,237.2,8.491,1.908,0.947,49.923,2.65,NORMAL
6989,2026-08-01 01:56:28,TR-104,LT-002,229.91,9.703,2.047,0.918,50.098,1.1,NORMAL
4235,2026-08-01 01:10:34,TR-101,LT-006,223.75,7.687,1.595,0.928,49.965,0.78,NORMAL
1918,2026-08-01 00:31:57,TR-103,LT-003,227.52,6.922,1.488,0.945,49.917,2.02,NORMAL
1829,2026-08-01 00:30:28,TR-101,LT-004,229.61,9.045,1.998,0.962,49.972,1.14,NORMAL
6234,2026-08-01 01:43:53,TR-104,LT-003,220.05,8.611,1.747,0.922,49.885,0.46,NORMAL
9333,2026-08-01 00:02:12,TR-103,LT-004,78.6,0.481,0.02,0.533,50.136,25.89,POSSIBLE_BROKEN_LT
6284,2026-08-01 01:44:43,TR-104,LT-001,234.08,7.208,1.552,0.92,50.007,2.55,NORMAL
4209,2026-08-01 01:10:08,TR-102,LT-004,226.57,10.597,2.132,0.888,50.008,2.91,NORMAL
225,2026-08-01 00:03:44,TR-101,LT-002,228.11,9.842,2.148,0.957,49.954,2.18,NORMAL
8916,2026-08-01 00:15:15,TR-104,LT-002,184.37,11.6,1.733,0.81,49.825,24.23,WARNING
6470,2026-08-01 01:47:49,TR-102,LT-004,227.35,7.642,1.613,0.929,50.119,2.16,NORMAL
9414,2026-08-01 00:03:33,TR-104,LT-006,77.74,0.351,0.007,0.266,50.088,25.75,POSSIBLE_BROKEN_LT
847,2026-08-01 00:14:06,TR-101,LT-001,231.16,7.312,1.577,0.933,50.028,3.64,NORMAL
4290,2026-08-01 01:11:29,TR-103,LT-003,232.42,6.775,1.437,0.913,49.988,2.97,NORMAL
5561,2026-08-01 01:32:40,TR-102,LT-001,225.82,8.102,1.764,0.964,50.037,0.11,NORMAL
2552,2026-08-01 00:42:31,TR-101,LT-005,222.48,5.179,1.083,0.94,49.981,2.32,NORMAL
118,2026-08-01 00:01:57,TR-103,LT-006,225.33,8.678,1.813,0.927,49.879,1.76,NORMAL
8838,2026-08-01 00:13:57,TR-102,LT-001,192.09,10.969,1.629,0.773,49.866,11.07,WARNING
5967,2026-08-01 01:39:26,TR-101,LT-005,233.4,9.992,2.182,0.936,49.943,1.43,NORMAL
8196,2026-08-01 00:03:15,TR-102,LT-002,142.63,11.382,1.135,0.699,49.994,10.35,WARNING
8660,2026-08-01 00:10:59,TR-101,LT-003,207.37,17.582,3.175,0.871,49.999,11.26,WARNING
7490,2026-08-01 02:04:49,TR-104,LT-004,233.23,8.223,1.831,0.955,49.997,2.78,NORMAL
6,2026-08-01 00:00:05,TR-103,LT-001,229.06,9.141,2.063,0.985,49.846,1.33,NORMAL
5343,2026-08-01 01:29:02,TR-104,LT-005,223.19,6.879,1.523,0.992,49.943,1.22,NORMAL
9112,2026-08-01 00:18:31,TR-102,LT-004,166.54,4.928,0.607,0.74,50.004,11.45,WARNING
4325,2026-08-01 01:12:04,TR-102,LT-006,226.95,9.899,2.084,0.928,50.012,4.5,NORMAL
1064,2026-08-01 00:17:43,TR-101,LT-003,223.04,6.424,1.309,0.914,49.993,1.76,NORMAL
2591,2026-08-01 00:43:10,TR-104,LT-006,234.95,7.441,1.74,0.995,49.973,0.01,NORMAL
8435,2026-08-01 00:07:14,TR-102,LT-002,165.32,9.014,1.452,0.974,50.052,15.07,WARNING
3736,2026-08-01 01:02:15,TR-103,LT-004,229.51,7.772,1.614,0.905,49.984,2.12,NORMAL
3518,2026-08-01 00:58:37,TR-104,LT-003,231.7,9.57,2.031,0.916,50.087,1.09,NORMAL
6987,2026-08-01 01:56:26,TR-104,LT-001,224.39,10.287,2.205,0.955,49.987,0.06,NORMAL
6768,2026-08-01 01:52:47,TR-103,LT-002,231.13,11.97,2.584,0.934,49.942,1.12,NORMAL
5623,2026-08-01 01:33:42,TR-103,LT-003,226.24,9.197,2.004,0.963,49.814,3.03,NORMAL
1606,2026-08-01 00:26:45,TR-102,LT-004,226.19,11.049,2.339,0.936,50.098,2.79,NORMAL
1734,2026-08-01 00:28:53,TR-102,LT-003,228.79,5.51,1.226,0.973,50.1,1.82,NORMAL
9342,2026-08-01 00:02:21,TR-101,LT-001,57.29,0.356,0.009,0.455,50.036,29.16,POSSIBLE_BROKEN_LT
3813,2026-08-01 01:03:32,TR-103,LT-002,226.57,7.432,1.615,0.959,50.052,3.2,NORMAL
9625,2026-08-01 00:07:04,TR-103,LT-002,70.41,0.103,0.002,0.275,50.17,61.26,POSSIBLE_BROKEN_LT
1762,2026-08-01 00:29:21,TR-101,LT-006,232.97,6.285,1.377,0.94,50.101,1.63,NORMAL
5402,2026-08-01 01:30:01,TR-101,LT-005,228.41,6.044,1.31,0.949,49.947,1.85,NORMAL
2740,2026-08-01 00:45:39,TR-101,LT-004,233.42,5.09,1.118,0.941,49.98,0.79,NORMAL
2473,2026-08-01 00:41:12,TR-103,LT-003,226.86,7.006,1.415,0.89,49.982,1.35,NORMAL
6739,2026-08-01 01:52:18,TR-103,LT-003,241.74,5.566,1.265,0.94,50.061,1.01,NORMAL
6892,2026-08-01 01:54:51,TR-103,LT-001,244.12,4.408,1.076,1.0,50.163,2.66,NORMAL
7944,2026-08-01 02:12:23,TR-102,LT-004,231.78,11.131,2.396,0.929,50.037,1.52,NORMAL
4207,2026-08-01 01:10:06,TR-104,LT-002,231.98,9.666,2.11,0.941,49.954,1.71,NORMAL
6372,2026-08-01 01:46:11,TR-101,LT-005,229.25,6.462,1.39,0.938,49.816,2.79,NORMAL
233,2026-08-01 00:03:52,TR-102,LT-004,230.18,3.911,0.869,0.965,49.901,2.19,NORMAL
8259,2026-08-01 00:04:18,TR-101,LT-006,217.66,11.529,2.082,0.829,50.141,16.16,WARNING
7562,2026-08-01 02:06:01,TR-103,LT-001,225.49,7.764,1.575,0.9,49.978,1.11,NORMAL
6169,2026-08-01 01:42:48,TR-103,LT-005,229.35,7.098,1.531,0.941,50.093,1.63,NORMAL
3597,2026-08-01 00:59:56,TR-104,LT-003,226.11,4.726,1.013,0.948,50.142,3.46,NORMAL
6289,2026-08-01 01:44:48,TR-102,LT-002,235.8,7.612,1.699,0.947,50.07,1.73,NORMAL
4633,2026-08-01 01:17:12,TR-103,LT-004,231.55,7.708,1.638,0.918,49.984,3.47,NORMAL
126,2026-08-01 00:02:05,TR-104,LT-003,238.76,9.771,2.194,0.94,50.126,1.75,NORMAL
7642,2026-08-01 02:07:21,TR-101,LT-005,230.36,8.959,2.001,0.97,49.994,1.29,NORMAL
6230,2026-08-01 01:43:49,TR-104,LT-006,227.47,9.225,1.942,0.926,50.104,3.0,NORMAL
1297,2026-08-01 00:21:36,TR-104,LT-002,233.68,6.48,1.49,0.984,49.882,2.51,NORMAL
1977,2026-08-01 00:32:56,TR-102,LT-006,234.5,11.349,2.636,0.99,50.082,3.13,NORMAL
9481,2026-08-01 00:04:40,TR-103,LT-001,52.15,0.11,0.002,0.417,49.985,31.06,POSSIBLE_BROKEN_LT
9582,2026-08-01 00:06:21,TR-104,LT-002,89.15,0.613,0.024,0.446,49.944,38.1,POSSIBLE_BROKEN_LT
5751,2026-08-01 01:35:50,TR-101,LT-001,229.82,7.594,1.632,0.935,50.048,3.65,NORMAL
8153,2026-08-01 00:02:32,TR-101,LT-006,193.98,12.949,2.204,0.877,49.946,1.33,WARNING
3087,2026-08-01 00:51:26,TR-103,LT-001,229.77,8.442,1.83,0.944,49.998,1.18,NORMAL
9277,2026-08-01 00:01:16,TR-103,LT-001,69.39,0.443,0.014,0.451,49.951,43.21,POSSIBLE_BROKEN_LT
6883,2026-08-01 01:54:42,TR-101,LT-002,227.08,9.778,2.205,0.993,50.062,2.2,NORMAL
9306,2026-08-01 00:01:45,TR-104,LT-006,34.16,0.413,0.006,0.458,49.957,37.51,POSSIBLE_BROKEN_LT
7674,2026-08-01 02:07:53,TR-101,LT-002,228.84,4.103,0.898,0.956,50.012,1.08,NORMAL
3346,2026-08-01 00:55:45,TR-102,LT-002,236.51,7.087,1.585,0.946,49.879,3.83,NORMAL
8173,2026-08-01 00:02:52,TR-102,LT-002,190.2,11.776,2.022,0.903,49.963,7.71,WARNING
9422,2026-08-01 00:03:41,TR-104,LT-004,73.08,0.218,0.006,0.371,49.915,37.23,POSSIBLE_BROKEN_LT
5871,2026-08-01 01:37:50,TR-104,LT-004,227.46,6.145,1.326,0.949,50.104,2.38,NORMAL
6507,2026-08-01 01:48:26,TR-102,LT-001,235.07,8.344,1.828,0.932,49.971,1.5,NORMAL
2798,2026-08-01 00:46:37,TR-101,LT-001,222.86,7.034,1.46,0.931,50.097,2.54,NORMAL
919,2026-08-01 00:15:18,TR-101,LT-006,228.21,4.57,0.967,0.927,49.962,1.55,NORMAL
1647,2026-08-01 00:27:26,TR-101,LT-002,229.25,9.004,1.95,0.945,50.146,2.53,NORMAL
5123,2026-08-01 01:25:22,TR-101,LT-003,228.97,6.156,1.308,0.928,50.042,2.07,NORMAL
5127,2026-08-01 01:25:26,TR-101,LT-002,228.91,10.106,2.184,0.944,50.083,2.07,NORMAL
4622,2026-08-01 01:17:01,TR-104,LT-004,236.9,7.943,1.86,0.988,49.961,2.99,NORMAL
6810,2026-08-01 01:53:29,TR-101,LT-006,224.78,7.183,1.514,0.938,49.882,1.94,NORMAL
365,2026-08-01 00:06:04,TR-103,LT-004,232.76,9.755,2.142,0.944,49.931,3.16,NORMAL
2126,2026-08-01 00:35:25,TR-102,LT-005,232.19,7.746,1.725,0.959,50.015,0.39,NORMAL
8151,2026-08-01 00:02:30,TR-103,LT-004,143.54,12.01,1.412,0.819,50.074,12.54,WARNING
8718,2026-08-01 00:11:57,TR-103,LT-001,185.94,7.71,1.193,0.832,49.982,13.69,WARNING
56,2026-08-01 00:00:55,TR-104,LT-002,233.73,8.933,1.935,0.927,50.047,1.08,NORMAL
639,2026-08-01 00:10:38,TR-103,LT-005,224.84,9.019,1.861,0.918,50.014,0.51,NORMAL
303,2026-08-01 00:05:02,TR-104,LT-002,232.99,6.557,1.402,0.917,49.995,2.52,NORMAL
5812,2026-08-01 01:36:51,TR-103,LT-001,235.77,8.111,1.78,0.931,50.0,0.33,NORMAL
1277,2026-08-01 00:21:16,TR-104,LT-006,239.28,7.151,1.636,0.956,49.915,0.99,NORMAL
4433,2026-08-01 01:13:52,TR-101,LT-005,230.91,4.78,1.006,0.912,49.99,4.05,NORMAL
3645,2026-08-01 01:00:44,TR-101,LT-003,226.76,9.02,2.003,0.979,49.922,1.16,NORMAL
4144,2026-08-01 01:09:03,TR-104,LT-005,231.25,11.206,2.398,0.925,49.926,2.0,NORMAL
2879,2026-08-01 00:47:58,TR-104,LT-005,231.17,5.323,1.178,0.957,49.942,2.69,NORMAL
6494,2026-08-01 01:48:13,TR-101,LT-004,232.65,9.304,2.066,0.954,50.144,1.93,NORMAL
5241,2026-08-01 01:27:20,TR-102,LT-001,229.59,4.54,0.966,0.927,49.982,2.33,NORMAL
9409,2026-08-01 00:03:28,TR-102,LT-001,80.59,0.467,0.005,0.141,50.086,7.84,POSSIBLE_BROKEN_LT
6938,2026-08-01 01:55:37,TR-103,LT-006,228.16,7.996,1.702,0.933,50.008,3.35,NORMAL
7241,2026-08-01 02:00:40,TR-104,LT-001,232.75,8.827,1.876,0.913,49.978,2.65,NORMAL
2594,2026-08-01 00:43:13,TR-101,LT-005,230.23,9.671,2.119,0.952,49.994,1.27,NORMAL
2394,2026-08-01 00:39:53,TR-103,LT-001,227.4,7.281,1.553,0.938,49.891,0.63,NORMAL
524,2026-08-01 00:08:43,TR-104,LT-001,232.28,5.968,1.296,0.935,50.112,0.83,NORMAL
6377,2026-08-01 01:46:16,TR-104,LT-004,231.43,6.839,1.442,0.911,49.91,1.69,NORMAL
6982,2026-08-01 01:56:21,TR-104,LT-002,235.24,7.362,1.613,0.931,49.959,1.51,NORMAL
6678,2026-08-01 01:51:17,TR-101,LT-006,226.41,6.402,1.366,0.942,49.94,2.02,NORMAL
3901,2026-08-01 01:05:00,TR-104,LT-002,227.78,9.265,1.99,0.943,50.086,2.78,NORMAL
9635,2026-08-01 00:07:14,TR-102,LT-003,78.95,0.299,0.008,0.339,50.1,38.95,POSSIBLE_BROKEN_LT
5586,2026-08-01 01:33:05,TR-103,LT-005,227.1,9.042,2.008,0.978,49.974,2.97,NORMAL
9361,2026-08-01 00:02:40,TR-101,LT-003,85.89,0.37,0.013,0.401,49.893,25.68,POSSIBLE_BROKEN_LT
7957,2026-08-01 02:12:36,TR-102,LT-004,229.84,6.985,1.536,0.957,50.128,1.65,NORMAL
7571,2026-08-01 02:06:10,TR-102,LT-004,225.66,3.401,0.706,0.92,49.844,3.2,NORMAL
6778,2026-08-01 01:52:57,TR-101,LT-001,231.3,5.935,1.299,0.947,50.105,0.37,NORMAL
672,2026-08-01 00:11:11,TR-102,LT-006,221.71,11.139,2.274,0.921,50.04,2.54,NORMAL
4189,2026-08-01 01:09:48,TR-101,LT-006,228.33,5.144,1.079,0.919,49.834,1.42,NORMAL
667,2026-08-01 00:11:06,TR-101,LT-005,228.98,6.036,1.298,0.939,50.066,3.23,NORMAL
3267,2026-08-01 00:54:26,TR-103,LT-005,226.49,8.562,1.807,0.932,49.793,1.41,NORMAL
1888,2026-08-01 00:31:27,TR-104,LT-002,231.7,7.329,1.624,0.957,50.002,1.45,NORMAL
8473,2026-08-01 00:07:52,TR-101,LT-004,160.02,8.55,1.109,0.811,50.088,12.94,WARNING
9092,2026-08-01 00:18:11,TR-103,LT-002,200.67,9.747,1.572,0.804,49.885,8.44,WARNING
7688,2026-08-01 02:08:07,TR-102,LT-004,232.17,8.587,1.911,0.958,50.065,1.47,NORMAL
6032,2026-08-01 01:40:31,TR-101,LT-002,228.3,9.004,2.014,0.98,50.102,2.71,NORMAL
6091,2026-08-01 01:41:30,TR-101,LT-002,232.98,7.969,1.732,0.933,50.192,2.55,NORMAL
6239,2026-08-01 01:43:58,TR-101,LT-006,226.98,9.988,2.119,0.935,49.841,2.52,NORMAL
7351,2026-08-01 02:02:30,TR-101,LT-006,226.34,7.217,1.608,0.984,50.046,0.58,NORMAL
7831,2026-08-01 02:10:30,TR-103,LT-005,229.23,7.936,1.72,0.946,50.058,3.51,NORMAL
761,2026-08-01 00:12:40,TR-103,LT-004,227.7,9.943,2.092,0.924,50.115,1.15,NORMAL
6255,2026-08-01 01:44:14,TR-104,LT-003,228.45,11.731,2.51,0.937,50.022,1.06,NORMAL
1907,2026-08-01 00:31:46,TR-102,LT-004,223.72,9.273,1.976,0.952,50.003,3.09,NORMAL
3819,2026-08-01 01:03:38,TR-104,LT-006,228.41,8.241,1.851,0.983,50.009,3.04,NORMAL
6270,2026-08-01 01:44:29,TR-104,LT-003,231.98,6.328,1.385,0.943,49.929,2.41,NORMAL
4301,2026-08-01 01:11:40,TR-102,LT-002,228.31,8.454,1.831,0.949,49.943,3.11,NORMAL
5570,2026-08-01 01:32:49,TR-101,LT-005,226.01,3.826,0.776,0.898,49.978,2.92,NORMAL
7942,2026-08-01 02:12:21,TR-101,LT-005,231.15,10.137,2.264,0.966,50.07,0.11,NORMAL
4165,2026-08-01 01:09:24,TR-103,LT-006,228.27,11.117,2.364,0.931,49.926,1.83,NORMAL
5972,2026-08-01 01:39:31,TR-104,LT-006,230.0,9.474,1.996,0.916,50.0,2.43,NORMAL
3580,2026-08-01 00:59:39,TR-104,LT-002,225.74,6.561,1.399,0.944,49.948,4.27,NORMAL
2833,2026-08-01 00:47:12,TR-103,LT-002,236.25,6.878,1.517,0.934,50.095,1.76,NORMAL
5450,2026-08-01 01:30:49,TR-103,LT-001,224.37,6.374,1.334,0.932,49.956,2.65,NORMAL
3473,2026-08-01 00:57:52,TR-103,LT-003,230.21,5.675,1.174,0.899,50.093,3.13,NORMAL
6328,2026-08-01 01:45:27,TR-102,LT-002,232.48,2.766,0.581,0.904,49.982,1.86,NORMAL
138,2026-08-01 00:02:17,TR-104,LT-004,228.71,9.208,1.97,0.935,50.101,2.87,NORMAL
7044,2026-08-01 01:57:23,TR-104,LT-004,223.91,6.307,1.291,0.914,49.913,1.14,NORMAL
4893,2026-08-01 01:21:32,TR-103,LT-003,227.72,5.339,1.188,0.977,50.089,1.97,NORMAL
2181,2026-08-01 00:36:20,TR-101,LT-003,229.24,5.161,1.093,0.924,49.892,1.1,NORMAL
7731,2026-08-01 02:08:50,TR-102,LT-005,236.17,2.312,0.508,0.93,50.01,1.21,NORMAL
3178,2026-08-01 00:52:57,TR-101,LT-006,227.99,9.867,2.182,0.97,49.941,1.07,NORMAL
4855,2026-08-01 01:20:54,TR-101,LT-005,234.73,5.662,1.241,0.934,50.062,3.51,NORMAL
4638,2026-08-01 01:17:17,TR-101,LT-002,225.12,9.709,2.146,0.982,50.044,1.68,NORMAL
5116,2026-08-01 01:25:15,TR-101,LT-002,232.08,6.791,1.408,0.894,49.9,2.14,NORMAL
7649,2026-08-01 02:07:28,TR-102,LT-002,226.01,3.14,0.687,0.968,50.087,2.69,NORMAL
4262,2026-08-01 01:11:01,TR-101,LT-006,228.85,7.821,1.745,0.975,50.02,0.03,NORMAL
1332,2026-08-01 00:22:11,TR-101,LT-003,234.88,7.381,1.603,0.925,50.001,2.64,NORMAL
7003,2026-08-01 01:56:42,TR-101,LT-005,232.86,8.129,1.768,0.934,49.814,0.94,NORMAL
6942,2026-08-01 01:55:41,TR-104,LT-006,233.86,8.225,1.799,0.935,50.094,0.88,NORMAL
8018,2026-08-01 00:00:17,TR-102,LT-006,179.41,9.3,1.535,0.92,49.96,12.03,WARNING
6242,2026-08-01 01:44:01,TR-103,LT-004,226.24,7.639,1.631,0.944,49.982,1.86,NORMAL
9988,2026-08-01 00:13:07,TR-104,LT-006,54.78,0.233,0.001,0.117,49.919,34.66,POSSIBLE_BROKEN_LT
6882,2026-08-01 01:54:41,TR-102,LT-006,229.82,9.993,2.175,0.947,50.042,2.71,NORMAL
4531,2026-08-01 01:15:30,TR-103,LT-003,230.67,8.001,1.732,0.939,50.0,2.68,NORMAL
4674,2026-08-01 01:17:53,TR-102,LT-001,225.78,7.655,1.684,0.974,50.061,1.72,NORMAL
6997,2026-08-01 01:56:36,TR-101,LT-006,233.08,10.474,2.317,0.949,49.871,1.4,NORMAL
1253,2026-08-01 00:20:52,TR-102,LT-004,222.03,7.13,1.512,0.955,50.063,1.28,NORMAL
3375,2026-08-01 00:56:14,TR-103,LT-006,223.27,5.781,1.268,0.982,49.961,1.65,NORMAL
2815,2026-08-01 00:46:54,TR-103,LT-005,237.33,7.081,1.662,0.989,49.906,1.45,NORMAL
4720,2026-08-01 01:18:39,TR-103,LT-006,230.45,6.117,1.314,0.932,49.96,1.7,NORMAL
6545,2026-08-01 01:49:04,TR-103,LT-003,230.33,10.366,2.258,0.946,49.993,1.83,NORMAL
4859,2026-08-01 01:20:58,TR-101,LT-006,230.52,8.021,1.73,0.936,50.026,1.43,NORMAL
7902,2026-08-01 02:11:41,TR-104,LT-003,225.5,8.285,1.79,0.958,50.058,1.4,NORMAL
8581,2026-08-01 00:09:40,TR-101,LT-001,174.64,9.272,1.619,1.0,49.95,7.11,WARNING
8428,2026-08-01 00:07:07,TR-102,LT-004,201.84,8.475,1.37,0.801,50.022,7.87,WARNING
1078,2026-08-01 00:17:57,TR-103,LT-003,228.29,5.691,1.247,0.96,50.022,2.08,NORMAL
4364,2026-08-01 01:12:43,TR-103,LT-003,234.78,7.014,1.535,0.932,50.023,2.0,NORMAL
771,2026-08-01 00:12:50,TR-103,LT-001,232.83,7.25,1.549,0.918,50.109,3.18,NORMAL
8866,2026-08-01 00:14:25,TR-102,LT-006,197.11,11.574,1.91,0.837,50.14,14.78,WARNING
250,2026-08-01 00:04:09,TR-102,LT-003,231.62,9.353,2.093,0.966,50.136,1.6,NORMAL
7240,2026-08-01 02:00:39,TR-104,LT-005,226.01,13.341,2.958,0.981,49.853,0.43,NORMAL
3420,2026-08-01 00:56:59,TR-103,LT-005,227.87,9.683,2.011,0.912,49.986,1.8,NORMAL
4977,2026-08-01 01:22:56,TR-104,LT-004,235.51,9.572,2.058,0.913,50.064,1.33,NORMAL
4545,2026-08-01 01:15:44,TR-102,LT-005,231.48,6.698,1.492,0.962,50.078,3.19,NORMAL
5566,2026-08-01 01:32:45,TR-103,LT-006,232.76,6.682,1.454,0.935,49.938,1.0,NORMAL
7940,2026-08-01 02:12:19,TR-103,LT-006,228.86,5.559,1.145,0.9,49.945,3.47,NORMAL
717,2026-08-01 00:11:56,TR-103,LT-004,230.46,9.289,2.055,0.96,49.942,1.37,NORMAL
9653,2026-08-01 00:07:32,TR-104,LT-006,69.94,0.275,0.011,0.593,50.017,11.95,POSSIBLE_BROKEN_LT
2049,2026-08-01 00:34:08,TR-101,LT-006,228.69,8.915,1.908,0.936,50.042,3.22,NORMAL
5998,2026-08-01 01:39:57,TR-101,LT-001,225.13,7.229,1.479,0.909,49.959,1.5,NORMAL
6601,2026-08-01 01:50:00,TR-101,LT-005,224.84,10.661,2.276,0.949,50.023,1.06,NORMAL
7246,2026-08-01 02:00:45,TR-103,LT-004,227.48,5.796,1.235,0.937,50.1,2.3,NORMAL
4179,2026-08-01 01:09:38,TR-103,LT-006,237.25,4.959,1.114,0.947,49.985,2.06,NORMAL
4810,2026-08-01 01:20:09,TR-102,LT-003,228.32,8.445,1.915,0.993,50.055,2.49,NORMAL
9483,2026-08-01 00:04:42,TR-102,LT-006,56.15,0.583,0.014,0.417,50.082,34.55,POSSIBLE_BROKEN_LT
7141,2026-08-01 01:59:00,TR-101,LT-003,217.12,9.152,1.929,0.971,49.925,2.13,NORMAL
7191,2026-08-01 01:59:50,TR-101,LT-005,230.63,5.882,1.317,0.971,49.996,0.25,NORMAL
1461,2026-08-01 00:24:20,TR-103,LT-001,229.45,8.762,1.854,0.922,50.039,3.49,NORMAL
5990,2026-08-01 01:39:49,TR-102,LT-006,228.42,5.341,1.17,0.959,49.98,3.6,NORMAL
2001,2026-08-01 00:33:20,TR-103,LT-004,227.3,6.643,1.432,0.948,50.044,1.86,NORMAL
8176,2026-08-01 00:02:55,TR-104,LT-001,169.77,7.248,1.03,0.837,49.93,10.02,WARNING
405,2026-08-01 00:06:44,TR-101,LT-006,228.2,10.705,2.357,0.965,50.103,3.56,NORMAL
385,2026-08-01 00:06:24,TR-101,LT-001,226.96,8.247,1.725,0.922,49.959,2.76,NORMAL
9449,2026-08-01 00:04:08,TR-104,LT-001,53.44,0.452,0.014,0.559,49.882,19.73,POSSIBLE_BROKEN_LT
9488,2026-08-01 00:04:47,TR-102,LT-003,88.19,0.55,0.013,0.271,49.985,28.47,POSSIBLE_BROKEN_LT
1634,2026-08-01 00:27:13,TR-103,LT-004,234.12,6.616,1.423,0.919,49.96,2.46,NORMAL
9854,2026-08-01 00:10:53,TR-102,LT-001,62.36,0.467,0.014,0.474,50.022,53.31,POSSIBLE_BROKEN_LT
4785,2026-08-01 01:19:44,TR-104,LT-006,241.02,7.262,1.686,0.963,50.134,2.23,NORMAL
9457,2026-08-01 00:04:16,TR-102,LT-002,80.45,0.615,0.02,0.401,49.922,35.91,POSSIBLE_BROKEN_LT
6971,2026-08-01 01:56:10,TR-101,LT-003,225.74,8.876,1.894,0.945,50.085,0.8,NORMAL
3926,2026-08-01 01:05:25,TR-104,LT-006,228.65,8.148,1.786,0.959,50.092,1.5,NORMAL
4159,2026-08-01 01:09:18,TR-103,LT-002,227.4,6.681,1.421,0.935,49.914,3.15,NORMAL
7450,2026-08-01 02:04:09,TR-102,LT-005,228.98,10.19,2.26,0.968,50.001,1.63,NORMAL
8416,2026-08-01 00:06:55,TR-102,LT-001,185.37,12.413,1.797,0.781,49.96,14.01,WARNING
2194,2026-08-01 00:36:33,TR-104,LT-006,224.55,7.964,1.702,0.952,50.032,2.58,NORMAL
1016,2026-08-01 00:16:55,TR-101,LT-005,230.79,6.046,1.352,0.969,50.101,1.61,NORMAL
5125,2026-08-01 01:25:24,TR-103,LT-005,232.76,8.699,1.953,0.965,49.939,2.34,NORMAL
7419,2026-08-01 02:03:38,TR-102,LT-006,229.92,7.37,1.578,0.931,49.901,2.54,NORMAL
7410,2026-08-01 02:03:29,TR-104,LT-005,234.72,10.036,2.253,0.956,50.032,2.72,NORMAL
8990,2026-08-01 00:16:29,TR-101,LT-003,201.52,11.996,2.0,0.828,49.94,8.52,WARNING
2872,2026-08-01 00:47:51,TR-103,LT-002,231.83,8.564,1.883,0.948,49.977,2.35,NORMAL
10,2026-08-01 00:00:09,TR-102,LT-004,232.17,10.062,2.202,0.943,49.965,2.9,NORMAL
1839,2026-08-01 00:30:38,TR-102,LT-006,229.87,6.002,1.322,0.958,49.892,2.19,NORMAL
4805,2026-08-01 01:20:04,TR-101,LT-001,228.95,6.079,1.27,0.913,49.948,3.04,NORMAL
256,2026-08-01 00:04:15,TR-102,LT-002,228.06,10.855,2.311,0.934,49.889,1.59,NORMAL
7027,2026-08-01 01:57:06,TR-102,LT-005,231.24,8.188,1.722,0.909,50.006,1.06,NORMAL
5714,2026-08-01 01:35:13,TR-104,LT-002,231.59,6.826,1.478,0.935,49.894,0.57,NORMAL
3325,2026-08-01 00:55:24,TR-103,LT-001,234.42,8.919,2.07,0.99,50.037,2.29,NORMAL
7715,2026-08-01 02:08:34,TR-101,LT-005,235.2,9.815,2.051,0.889,49.953,2.18,NORMAL
1582,2026-08-01 00:26:21,TR-104,LT-001,234.59,5.182,1.156,0.951,49.971,2.58,NORMAL
925,2026-08-01 00:15:24,TR-101,LT-003,234.78,5.763,1.281,0.947,49.898,1.93,NORMAL
2780,2026-08-01 00:46:19,TR-101,LT-005,231.92,8.15,1.727,0.914,49.988,0.82,NORMAL
7892,2026-08-01 02:11:31,TR-102,LT-001,234.24,7.966,1.751,0.939,50.027,0.04,NORMAL
6133,2026-08-01 01:42:12,TR-103,LT-006,237.47,10.719,2.451,0.963,50.133,3.91,NORMAL
5321,2026-08-01 01:28:40,TR-102,LT-005,230.89,6.512,1.423,0.946,50.023,2.43,NORMAL
7313,2026-08-01 02:01:52,TR-101,LT-006,230.9,10.914,2.31,0.917,49.843,2.68,NORMAL
7103,2026-08-01 01:58:22,TR-101,LT-001,230.41,9.835,2.2,0.971,50.006,3.28,NORMAL
6043,2026-08-01 01:40:42,TR-103,LT-003,238.81,10.588,2.394,0.947,50.061,1.18,NORMAL
3776,2026-08-01 01:02:55,TR-104,LT-004,231.89,6.67,1.454,0.94,50.042,1.52,NORMAL
4836,2026-08-01 01:20:35,TR-101,LT-004,230.37,5.841,1.262,0.938,50.007,0.78,NORMAL
4965,2026-08-01 01:22:44,TR-101,LT-005,227.38,5.086,1.114,0.963,50.034,3.62,NORMAL
540,2026-08-01 00:08:59,TR-102,LT-003,227.69,9.292,1.912,0.904,49.994,0.39,NORMAL
7484,2026-08-01 02:04:43,TR-103,LT-004,228.75,7.03,1.556,0.968,49.947,3.49,NORMAL
2746,2026-08-01 00:45:45,TR-103,LT-006,228.81,7.854,1.659,0.923,50.113,0.07,NORMAL
3720,2026-08-01 01:01:59,TR-102,LT-005,229.57,11.488,2.503,0.949,49.823,1.89,NORMAL
6820,2026-08-01 01:53:39,TR-103,LT-005,227.83,8.648,1.8,0.914,50.081,0.86,NORMAL
9338,2026-08-01 00:02:17,TR-101,LT-002,82.28,0.303,0.009,0.359,50.034,38.55,POSSIBLE_BROKEN_LT
4469,2026-08-01 01:14:28,TR-103,LT-002,230.43,11.052,2.427,0.953,50.007,2.2,NORMAL
668,2026-08-01 00:11:07,TR-104,LT-002,236.02,6.627,1.469,0.939,49.917,0.54,NORMAL
7576,2026-08-01 02:06:15,TR-101,LT-005,224.4,9.148,1.924,0.937,50.064,3.79,NORMAL
8550,2026-08-01 00:09:09,TR-101,LT-002,194.79,8.988,1.323,0.756,50.031,19.55,WARNING
5064,2026-08-01 01:24:23,TR-101,LT-004,224.64,10.3,2.133,0.922,49.974,2.18,NORMAL
1354,2026-08-01 00:22:33,TR-103,LT-001,233.04,8.336,1.816,0.935,49.966,2.49,NORMAL
7115,2026-08-01 01:58:34,TR-103,LT-004,234.25,6.134,1.353,0.941,49.911,1.79,NORMAL
9774,2026-08-01 00:09:33,TR-101,LT-004,57.76,0.527,0.009,0.299,50.061,34.57,POSSIBLE_BROKEN_LT
8663,2026-08-01 00:11:02,TR-101,LT-005,195.75,11.951,1.904,0.814,49.947,15.09,WARNING
2704,2026-08-01 00:45:03,TR-101,LT-004,234.09,10.544,2.366,0.959,50.133,3.28,NORMAL
3331,2026-08-01 00:55:30,TR-102,LT-003,233.66,8.699,1.925,0.947,50.04,2.94,NORMAL
8054,2026-08-01 00:00:53,TR-102,LT-003,181.21,9.376,1.513,0.891,49.994,15.38,WARNING
3585,2026-08-01 00:59:44,TR-102,LT-003,230.29,9.111,2.098,1.0,50.004,2.19,NORMAL
9442,2026-08-01 00:04:01,TR-101,LT-003,89.26,0.063,0.002,0.428,50.119,35.14,POSSIBLE_BROKEN_LT
5646,2026-08-01 01:34:05,TR-103,LT-003,223.03,7.052,1.493,0.949,50.038,0.66,NORMAL
3377,2026-08-01 00:56:16,TR-103,LT-005,228.88,7.983,1.668,0.913,50.054,3.23,NORMAL
1257,2026-08-01 00:20:56,TR-103,LT-004,236.69,6.328,1.375,0.918,49.908,0.27,NORMAL
6191,2026-08-01 01:43:10,TR-104,LT-004,234.33,10.841,2.318,0.912,50.009,2.17,NORMAL
5349,2026-08-01 01:29:08,TR-103,LT-005,222.0,4.073,0.896,0.991,49.939,0.25,NORMAL
4176,2026-08-01 01:09:35,TR-103,LT-004,231.97,7.34,1.59,0.934,50.04,2.85,NORMAL
4911,2026-08-01 01:21:50,TR-102,LT-001,227.93,8.331,1.787,0.941,49.983,1.03,NORMAL
1853,2026-08-01 00:30:52,TR-102,LT-004,225.23,9.374,1.973,0.934,49.849,1.49,NORMAL
6317,2026-08-01 01:45:16,TR-101,LT-001,239.3,9.649,2.229,0.965,50.033,1.04,NORMAL
9855,2026-08-01 00:10:54,TR-102,LT-002,73.46,0.398,0.014,0.471,49.936,43.78,POSSIBLE_BROKEN_LT
2106,2026-08-01 00:35:05,TR-101,LT-006,236.57,6.907,1.587,0.971,50.043,3.19,NORMAL
134,2026-08-01 00:02:13,TR-102,LT-005,231.89,11.665,2.402,0.888,50.021,2.08,NORMAL
5030,2026-08-01 01:23:49,TR-102,LT-005,230.06,8.664,1.938,0.972,50.063,1.13,NORMAL
929,2026-08-01 00:15:28,TR-103,LT-001,236.26,5.991,1.312,0.927,50.05,1.95,NORMAL
824,2026-08-01 00:13:43,TR-101,LT-005,228.55,6.702,1.419,0.926,50.11,0.94,NORMAL
7577,2026-08-01 02:06:16,TR-103,LT-001,221.39,8.156,1.677,0.929,49.921,0.32,NORMAL
1532,2026-08-01 00:25:31,TR-102,LT-005,222.93,10.465,2.24,0.96,49.936,3.1,NORMAL
1215,2026-08-01 00:20:14,TR-102,LT-003,228.82,6.765,1.548,1.0,49.917,3.4,NORMAL
505,2026-08-01 00:08:24,TR-101,LT-002,227.4,5.255,1.139,0.953,49.981,4.59,NORMAL
6531,2026-08-01 01:48:50,TR-104,LT-004,232.32,7.363,1.541,0.901,49.994,0.71,NORMAL
3073,2026-08-01 00:51:12,TR-101,LT-004,230.81,5.77,1.278,0.959,50.035,1.95,NORMAL
9087,2026-08-01 00:18:06,TR-102,LT-001,149.72,9.385,1.126,0.801,49.998,8.39,WARNING
8648,2026-08-01 00:10:47,TR-104,LT-003,180.99,10.998,1.884,0.946,49.978,16.61,WARNING
6620,2026-08-01 01:50:19,TR-102,LT-003,229.1,9.228,2.011,0.951,49.943,3.01,NORMAL
9274,2026-08-01 00:01:13,TR-103,LT-003,77.81,0.232,0.006,0.323,50.065,34.17,POSSIBLE_BROKEN_LT
3710,2026-08-01 01:01:49,TR-104,LT-001,230.16,7.803,1.698,0.946,49.981,1.28,NORMAL
4850,2026-08-01 01:20:49,TR-102,LT-001,231.92,5.76,1.273,0.953,49.957,2.07,NORMAL
4749,2026-08-01 01:19:08,TR-104,LT-001,226.53,8.292,1.755,0.934,50.05,4.01,NORMAL
4269,2026-08-01 01:11:08,TR-103,LT-005,225.52,6.229,1.296,0.923,49.968,1.8,NORMAL
9879,2026-08-01 00:11:18,TR-102,LT-001,105.97,0.361,0.024,0.614,49.92,37.54,POSSIBLE_BROKEN_LT
8906,2026-08-01 00:15:05,TR-103,LT-002,209.54,11.802,1.939,0.784,50.021,10.32,WARNING
4187,2026-08-01 01:09:46,TR-104,LT-002,239.4,8.818,2.022,0.958,49.954,2.77,NORMAL
5302,2026-08-01 01:28:21,TR-102,LT-004,228.75,8.137,1.781,0.957,49.981,0.12,NORMAL
2924,2026-08-01 00:48:43,TR-102,LT-003,229.74,7.481,1.549,0.902,49.99,3.16,NORMAL
6589,2026-08-01 01:49:48,TR-103,LT-003,226.48,6.11,1.305,0.943,50.086,1.43,NORMAL
1811,2026-08-01 00:30:10,TR-103,LT-002,228.07,6.874,1.507,0.961,49.986,3.17,NORMAL
3487,2026-08-01 00:58:06,TR-102,LT-004,236.12,3.234,0.707,0.925,49.95,5.13,NORMAL
7420,2026-08-01 02:03:39,TR-104,LT-005,229.01,7.292,1.547,0.927,50.143,1.69,NORMAL
3142,2026-08-01 00:52:21,TR-102,LT-005,221.49,10.941,2.222,0.917,50.009,0.85,NORMAL
9348,2026-08-01 00:02:27,TR-101,LT-004,66.41,0.224,0.002,0.163,49.975,43.61,POSSIBLE_BROKEN_LT
1325,2026-08-01 00:22:04,TR-101,LT-005,230.26,5.109,1.147,0.975,50.046,2.12,NORMAL
4313,2026-08-01 01:11:52,TR-101,LT-006,231.98,6.323,1.384,0.944,49.992,1.11,NORMAL
7495,2026-08-01 02:04:54,TR-104,LT-005,225.76,5.859,1.282,0.969,49.9,1.45,NORMAL
8703,2026-08-01 00:11:42,TR-102,LT-004,181.71,8.979,1.097,0.672,50.021,13.41,WARNING
8692,2026-08-01 00:11:31,TR-101,LT-004,201.21,12.033,1.632,0.674,50.127,15.39,WARNING
9504,2026-08-01 00:05:03,TR-102,LT-001,85.07,0.083,0.003,0.491,49.942,46.52,POSSIBLE_BROKEN_LT
5542,2026-08-01 01:32:21,TR-104,LT-003,236.68,8.803,1.932,0.927,49.949,4.49,NORMAL
6173,2026-08-01 01:42:52,TR-103,LT-006,228.47,10.43,2.248,0.944,50.213,1.63,NORMAL
1541,2026-08-01 00:25:40,TR-104,LT-004,229.89,8.657,1.915,0.962,50.075,1.08,NORMAL
9410,2026-08-01 00:03:29,TR-104,LT-006,56.52,0.467,0.017,0.653,49.978,33.78,POSSIBLE_BROKEN_LT
2682,2026-08-01 00:44:41,TR-102,LT-003,228.79,8.191,1.794,0.958,49.94,0.83,NORMAL
9883,2026-08-01 00:11:22,TR-101,LT-005,75.91,0.525,0.007,0.181,49.931,21.08,POSSIBLE_BROKEN_LT
6314,2026-08-01 01:45:13,TR-102,LT-001,232.43,7.538,1.615,0.922,50.166,3.09,NORMAL
1192,2026-08-01 00:19:51,TR-104,LT-002,224.66,4.383,0.933,0.947,50.123,1.47,NORMAL
5294,2026-08-01 01:28:13,TR-101,LT-003,226.33,9.451,2.032,0.95,50.044,2.9,NORMAL
1543,2026-08-01 00:25:42,TR-103,LT-005,236.65,9.566,2.227,0.984,49.918,1.77,NORMAL
7057,2026-08-01 01:57:36,TR-102,LT-002,228.92,7.16,1.585,0.967,49.953,0.02,NORMAL
2540,2026-08-01 00:42:19,TR-101,LT-002,230.22,11.737,2.431,0.9,50.016,2.59,NORMAL
954,2026-08-01 00:15:53,TR-104,LT-002,235.78,6.907,1.603,0.984,50.067,1.26,NORMAL
7242,2026-08-01 02:00:41,TR-102,LT-006,228.23,9.98,2.222,0.975,49.969,1.88,NORMAL
6732,2026-08-01 01:52:11,TR-101,LT-003,226.46,7.521,1.55,0.91,49.962,1.1,NORMAL
4847,2026-08-01 01:20:46,TR-104,LT-002,221.29,11.629,2.498,0.971,50.089,1.72,NORMAL
6802,2026-08-01 01:53:21,TR-101,LT-004,226.37,9.486,2.014,0.938,49.984,2.75,NORMAL
8011,2026-08-01 00:00:10,TR-101,LT-003,194.69,8.165,1.325,0.833,49.947,18.96,WARNING
4331,2026-08-01 01:12:10,TR-104,LT-001,232.73,6.232,1.318,0.909,50.043,2.66,NORMAL
8925,2026-08-01 00:15:24,TR-104,LT-003,188.26,15.413,2.508,0.864,49.947,3.2,WARNING
5335,2026-08-01 01:28:54,TR-102,LT-003,226.91,10.007,2.077,0.915,50.096,1.6,NORMAL
7331,2026-08-01 02:02:10,TR-102,LT-003,241.77,6.773,1.624,0.992,50.028,1.25,NORMAL
9349,2026-08-01 00:02:28,TR-101,LT-001,46.28,0.339,0.007,0.455,50.128,20.28,POSSIBLE_BROKEN_LT
4730,2026-08-01 01:18:49,TR-104,LT-005,230.08,8.816,1.971,0.972,49.893,0.96,NORMAL
6542,2026-08-01 01:49:01,TR-104,LT-001,219.3,10.722,2.181,0.928,49.944,2.13,NORMAL
5306,2026-08-01 01:28:25,TR-104,LT-004,234.33,6.93,1.476,0.909,50.047,3.22,NORMAL
5162,2026-08-01 01:26:01,TR-103,LT-006,221.7,7.267,1.507,0.935,49.78,1.75,NORMAL
7861,2026-08-01 02:11:00,TR-102,LT-006,238.22,11.911,2.581,0.91,49.904,2.6,NORMAL
2157,2026-08-01 00:35:56,TR-104,LT-001,228.5,5.806,1.249,0.941,50.071,0.74,NORMAL
1063,2026-08-01 00:17:42,TR-103,LT-004,234.6,8.801,1.914,0.927,49.908,0.94,NORMAL
1168,2026-08-01 00:19:27,TR-103,LT-006,232.26,6.002,1.269,0.911,49.918,2.27,NORMAL
3637,2026-08-01 01:00:36,TR-101,LT-004,228.64,7.901,1.697,0.939,49.986,0.89,NORMAL
7652,2026-08-01 02:07:31,TR-101,LT-005,228.46,8.377,1.852,0.968,49.972,2.11,NORMAL
5589,2026-08-01 01:33:08,TR-101,LT-001,234.74,6.591,1.46,0.944,49.966,2.09,NORMAL
7193,2026-08-01 01:59:52,TR-101,LT-005,229.67,8.226,1.811,0.959,49.918,4.28,NORMAL
4492,2026-08-01 01:14:51,TR-103,LT-002,226.17,8.247,1.791,0.96,49.969,3.43,NORMAL
7267,2026-08-01 02:01:06,TR-102,LT-005,233.5,8.831,1.963,0.952,49.908,3.07,NORMAL
4981,2026-08-01 01:23:00,TR-101,LT-006,225.21,5.437,1.224,1.0,49.89,0.69,NORMAL
8336,2026-08-01 00:05:35,TR-104,LT-004,189.11,9.544,1.386,0.768,50.035,7.21,WARNING
9953,2026-08-01 00:12:32,TR-102,LT-003,69.14,0.231,0.007,0.415,50.116,47.48,POSSIBLE_BROKEN_LT
4947,2026-08-01 01:22:26,TR-103,LT-006,227.04,9.641,2.132,0.974,49.961,2.77,NORMAL
2783,2026-08-01 00:46:22,TR-103,LT-005,225.19,6.518,1.417,0.965,49.957,1.85,NORMAL
718,2026-08-01 00:11:57,TR-101,LT-004,230.6,8.293,1.828,0.956,50.028,0.15,NORMAL
2503,2026-08-01 00:41:42,TR-103,LT-002,228.67,9.555,1.969,0.901,50.067,0.17,NORMAL
4361,2026-08-01 01:12:40,TR-104,LT-005,231.23,11.08,2.339,0.913,49.978,0.49,NORMAL
4172,2026-08-01 01:09:31,TR-104,LT-002,229.36,8.742,1.973,0.984,50.04,1.94,NORMAL
8083,2026-08-01 00:01:22,TR-102,LT-001,178.96,10.678,1.666,0.872,49.972,6.88,WARNING
9761,2026-08-01 00:09:20,TR-101,LT-002,82.0,0.349,0.022,0.778,50.046,37.24,POSSIBLE_BROKEN_LT
396,2026-08-01 00:06:35,TR-104,LT-004,228.12,9.792,2.082,0.932,49.958,1.08,NORMAL
7187,2026-08-01 01:59:46,TR-103,LT-001,221.74,10.395,2.238,0.971,49.956,1.77,NORMAL
9823,2026-08-01 00:10:22,TR-103,LT-002,69.63,0.01,0.0,0.522,50.016,43.49,POSSIBLE_BROKEN_LT
4493,2026-08-01 01:14:52,TR-102,LT-006,227.64,5.821,1.169,0.882,50.12,0.16,NORMAL
1366,2026-08-01 00:22:45,TR-104,LT-006,229.37,4.998,1.065,0.929,50.003,2.41,NORMAL
9527,2026-08-01 00:05:26,TR-102,LT-005,77.81,0.631,0.021,0.435,49.951,32.25,POSSIBLE_BROKEN_LT
8788,2026-08-01 00:13:07,TR-101,LT-004,176.17,6.395,0.949,0.842,50.024,17.72,WARNING
5918,2026-08-01 01:38:37,TR-101,LT-001,222.51,5.111,1.06,0.932,49.966,2.74,NORMAL
4969,2026-08-01 01:22:48,TR-104,LT-004,228.82,8.528,1.878,0.962,50.085,1.47,NORMAL
2915,2026-08-01 00:48:34,TR-102,LT-004,232.74,6.399,1.405,0.944,50.074,5.16,NORMAL
5645,2026-08-01 01:34:04,TR-104,LT-002,233.04,10.57,2.397,0.973,50.049,3.78,NORMAL
3767,2026-08-01 01:02:46,TR-102,LT-006,226.1,7.625,1.651,0.957,49.957,1.24,NORMAL
3441,2026-08-01 00:57:20,TR-101,LT-001,230.58,7.961,1.816,0.989,49.959,1.36,NORMAL
7358,2026-08-01 02:02:37,TR-104,LT-004,229.08,7.297,1.61,0.963,50.025,1.36,NORMAL
6807,2026-08-01 01:53:26,TR-102,LT-001,226.36,8.149,1.726,0.936,49.98,2.22,NORMAL
2144,2026-08-01 00:35:43,TR-102,LT-006,230.98,6.35,1.378,0.94,49.899,3.01,NORMAL
5105,2026-08-01 01:25:04,TR-101,LT-001,231.6,8.717,1.995,0.988,49.879,2.84,NORMAL
5074,2026-08-01 01:24:33,TR-104,LT-005,223.78,8.92,1.886,0.945,50.066,1.42,NORMAL
1572,2026-08-01 00:26:11,TR-104,LT-001,224.98,6.878,1.434,0.927,49.915,2.05,NORMAL
4080,2026-08-01 01:07:59,TR-101,LT-004,228.78,9.452,2.024,0.936,50.009,2.5,NORMAL
1123,2026-08-01 00:18:42,TR-104,LT-006,232.55,9.363,2.04,0.937,50.024,2.96,NORMAL
2787,2026-08-01 00:46:26,TR-103,LT-002,226.92,10.115,2.187,0.953,49.884,1.62,NORMAL
2968,2026-08-01 00:49:27,TR-102,LT-002,227.72,5.948,1.274,0.941,50.043,0.8,NORMAL
2505,2026-08-01 00:41:44,TR-103,LT-004,225.66,8.045,1.758,0.968,50.025,2.85,NORMAL
5989,2026-08-01 01:39:48,TR-102,LT-006,231.74,6.126,1.4,0.986,50.01,3.04,NORMAL
8868,2026-08-01 00:14:27,TR-104,LT-001,201.18,10.751,1.715,0.793,49.978,0.59,WARNING
7165,2026-08-01 01:59:24,TR-101,LT-002,227.03,9.101,1.998,0.967,50.065,2.67,NORMAL
729,2026-08-01 00:12:08,TR-104,LT-005,227.84,8.826,1.896,0.943,50.022,2.24,NORMAL
7588,2026-08-01 02:06:27,TR-103,LT-002,233.27,9.169,2.009,0.939,50.084,2.28,NORMAL
7544,2026-08-01 02:05:43,TR-101,LT-005,235.4,6.424,1.365,0.903,49.994,2.9,NORMAL
413,2026-08-01 00:06:52,TR-103,LT-004,223.86,5.884,1.307,0.993,49.971,1.24,NORMAL
5746,2026-08-01 01:35:45,TR-103,LT-006,231.47,6.807,1.454,0.923,49.925,2.53,NORMAL
7669,2026-08-01 02:07:48,TR-102,LT-006,229.98,10.388,2.286,0.957,49.993,0.23,NORMAL
826,2026-08-01 00:13:45,TR-104,LT-004,235.81,5.268,1.176,0.947,50.133,3.19,NORMAL
3268,2026-08-01 00:54:27,TR-103,LT-004,228.49,9.618,2.003,0.912,50.14,3.07,NORMAL
3975,2026-08-01 01:06:14,TR-102,LT-006,231.42,6.673,1.411,0.913,50.077,4.21,NORMAL
8809,2026-08-01 00:13:28,TR-102,LT-003,172.19,14.394,1.98,0.799,50.094,10.72,WARNING
8307,2026-08-01 00:05:06,TR-104,LT-001,172.35,11.452,1.797,0.91,50.072,4.94,WARNING
418,2026-08-01 00:06:57,TR-101,LT-002,230.46,8.186,1.764,0.935,49.936,1.13,NORMAL
6749,2026-08-01 01:52:28,TR-104,LT-003,227.98,8.222,1.786,0.953,50.056,1.18,NORMAL
8968,2026-08-01 00:16:07,TR-104,LT-002,214.25,9.199,1.705,0.865,50.148,7.56,WARNING
2083,2026-08-01 00:34:42,TR-104,LT-005,224.22,8.547,1.78,0.929,49.988,1.63,NORMAL
8946,2026-08-01 00:15:45,TR-101,LT-004,176.02,9.898,1.516,0.87,49.866,6.1,WARNING
3374,2026-08-01 00:56:13,TR-103,LT-004,237.23,7.491,1.634,0.92,50.042,1.18,NORMAL
5727,2026-08-01 01:35:26,TR-103,LT-006,221.17,9.124,1.926,0.954,49.913,2.03,NORMAL
4108,2026-08-01 01:08:27,TR-102,LT-005,235.43,12.036,2.7,0.953,50.007,1.57,NORMAL
4381,2026-08-01 01:13:00,TR-102,LT-002,230.63,7.845,1.648,0.911,50.03,1.5,NORMAL
7724,2026-08-01 02:08:43,TR-103,LT-001,230.05,7.107,1.539,0.942,49.998,2.14,NORMAL
1067,2026-08-01 00:17:46,TR-102,LT-004,224.82,6.207,1.316,0.943,50.158,3.21,NORMAL
3914,2026-08-01 01:05:13,TR-102,LT-006,226.62,6.565,1.35,0.908,49.994,2.03,NORMAL
5537,2026-08-01 01:32:16,TR-103,LT-001,225.78,6.228,1.358,0.966,49.752,4.85,NORMAL
8003,2026-08-01 00:00:02,TR-102,LT-005,175.19,11.709,1.536,0.749,50.068,7.49,WARNING
5388,2026-08-01 01:29:47,TR-102,LT-005,223.95,11.355,2.478,0.975,49.907,0.97,NORMAL
5733,2026-08-01 01:35:32,TR-101,LT-006,234.09,11.023,2.419,0.938,50.048,0.94,NORMAL
2739,2026-08-01 00:45:38,TR-104,LT-002,236.22,7.175,1.663,0.981,49.863,3.14,NORMAL
5053,2026-08-01 01:24:12,TR-103,LT-004,231.37,8.477,1.874,0.955,49.847,0.61,NORMAL
4001,2026-08-01 01:06:40,TR-101,LT-005,226.55,10.35,2.224,0.949,49.92,3.77,NORMAL
2428,2026-08-01 00:40:27,TR-103,LT-001,229.75,6.996,1.485,0.924,49.915,2.17,NORMAL
6834,2026-08-01 01:53:53,TR-104,LT-005,230.44,8.953,1.943,0.942,49.994,1.62,NORMAL
1688,2026-08-01 00:28:07,TR-101,LT-004,230.8,4.953,1.048,0.917,50.036,2.24,NORMAL
852,2026-08-01 00:14:11,TR-103,LT-004,227.78,6.491,1.399,0.946,49.975,0.97,NORMAL
6304,2026-08-01 01:45:03,TR-102,LT-001,234.51,5.106,1.154,0.964,49.858,1.67,NORMAL
9088,2026-08-01 00:18:07,TR-104,LT-003,200.91,12.332,2.108,0.851,50.22,19.53,WARNING
5879,2026-08-01 01:37:58,TR-102,LT-006,226.73,8.604,1.838,0.942,49.911,1.5,NORMAL
8528,2026-08-01 00:08:47,TR-103,LT-001,145.54,11.247,1.391,0.85,50.021,14.52,WARNING
2840,2026-08-01 00:47:19,TR-101,LT-001,229.36,6.811,1.431,0.916,50.029,2.01,NORMAL
4612,2026-08-01 01:16:51,TR-104,LT-005,221.92,11.338,2.387,0.949,49.874,2.11,NORMAL
9541,2026-08-01 00:05:40,TR-103,LT-001,71.72,0.146,0.003,0.293,49.841,46.28,POSSIBLE_BROKEN_LT
9208,2026-08-01 00:00:07,TR-103,LT-002,61.74,0.385,0.011,0.459,49.959,41.29,POSSIBLE_BROKEN_LT
2490,2026-08-01 00:41:29,TR-103,LT-003,222.32,6.452,1.333,0.929,49.981,2.49,NORMAL
6906,2026-08-01 01:55:05,TR-104,LT-004,231.15,10.266,2.271,0.957,50.016,1.33,NORMAL
7391,2026-08-01 02:03:10,TR-102,LT-004,235.13,6.731,1.551,0.98,50.017,0.12,NORMAL
2850,2026-08-01 00:47:29,TR-102,LT-003,227.84,6.738,1.434,0.934,49.947,3.13,NORMAL
6666,2026-08-01 01:51:05,TR-101,LT-004,226.3,9.605,2.131,0.98,49.932,1.65,NORMAL
5882,2026-08-01 01:38:01,TR-102,LT-005,235.57,6.239,1.442,0.981,50.124,2.4,NORMAL
4453,2026-08-01 01:14:12,TR-104,LT-001,234.6,9.098,2.003,0.938,50.091,2.76,NORMAL
7422,2026-08-01 02:03:41,TR-103,LT-003,229.96,7.367,1.656,0.978,49.971,1.51,NORMAL
6485,2026-08-01 01:48:04,TR-103,LT-005,232.81,8.618,1.892,0.943,49.844,3.13,NORMAL
2480,2026-08-01 00:41:19,TR-101,LT-002,232.77,8.787,1.962,0.959,49.98,2.31,NORMAL
6618,2026-08-01 01:50:17,TR-104,LT-002,239.46,11.071,2.421,0.913,50.019,4.23,NORMAL
2142,2026-08-01 00:35:41,TR-104,LT-001,230.2,9.506,2.028,0.927,49.929,3.7,NORMAL
5189,2026-08-01 01:26:28,TR-101,LT-004,226.33,9.713,2.047,0.931,50.062,1.55,NORMAL
9705,2026-08-01 00:08:24,TR-103,LT-003,29.78,0.21,0.005,0.778,50.053,23.36,POSSIBLE_BROKEN_LT
2745,2026-08-01 00:45:44,TR-104,LT-003,219.88,11.356,2.434,0.975,50.059,2.36,NORMAL
7254,2026-08-01 02:00:53,TR-103,LT-005,233.87,8.575,1.884,0.939,49.932,2.59,NORMAL
3507,2026-08-01 00:58:26,TR-104,LT-006,231.29,10.199,2.274,0.964,49.933,1.27,NORMAL
1680,2026-08-01 00:27:59,TR-103,LT-002,228.27,7.986,1.705,0.935,50.019,2.76,NORMAL
4250,2026-08-01 01:10:49,TR-104,LT-005,229.77,7.468,1.591,0.927,49.967,1.05,NORMAL
3148,2026-08-01 00:52:27,TR-103,LT-004,227.15,8.685,1.868,0.947,50.033,1.26,NORMAL
8131,2026-08-01 00:02:10,TR-101,LT-002,185.96,13.745,1.857,0.727,49.942,18.56,WARNING
7005,2026-08-01 01:56:44,TR-102,LT-006,232.83,6.506,1.456,0.961,49.927,2.01,NORMAL
581,2026-08-01 00:09:40,TR-104,LT-006,231.35,8.348,1.818,0.942,50.074,2.81,NORMAL
4071,2026-08-01 01:07:50,TR-104,LT-006,232.29,9.41,2.095,0.959,50.06,0.79,NORMAL
3344,2026-08-01 00:55:43,TR-101,LT-003,234.92,8.06,1.84,0.972,50.032,3.1,NORMAL
7405,2026-08-01 02:03:24,TR-101,LT-005,226.91,8.617,1.79,0.915,49.963,1.87,NORMAL
3673,2026-08-01 01:01:12,TR-104,LT-006,225.43,5.35,1.137,0.943,49.974,2.5,NORMAL
560,2026-08-01 00:09:19,TR-101,LT-004,228.32,10.326,2.152,0.913,50.012,2.24,NORMAL
5238,2026-08-01 01:27:17,TR-102,LT-003,234.81,9.842,2.206,0.955,49.961,3.11,NORMAL
7806,2026-08-01 02:10:05,TR-101,LT-002,227.78,10.034,2.153,0.942,50.12,0.11,NORMAL
513,2026-08-01 00:08:32,TR-104,LT-006,229.04,8.476,1.821,0.938,49.949,2.29,NORMAL
1082,2026-08-01 00:18:01,TR-101,LT-003,228.6,11.211,2.402,0.937,50.132,2.49,NORMAL
1665,2026-08-01 00:27:44,TR-102,LT-003,235.19,6.816,1.469,0.916,49.879,0.07,NORMAL
9205,2026-08-01 00:00:04,TR-103,LT-002,76.62,0.803,0.02,0.33,49.964,25.07,POSSIBLE_BROKEN_LT
1932,2026-08-01 00:32:11,TR-103,LT-005,231.99,6.308,1.372,0.938,50.034,0.84,NORMAL
9667,2026-08-01 00:07:46,TR-104,LT-005,79.76,0.602,0.022,0.464,49.93,27.81,POSSIBLE_BROKEN_LT
1151,2026-08-01 00:19:10,TR-101,LT-001,226.03,9.317,1.942,0.922,50.04,2.7,NORMAL
2839,2026-08-01 00:47:18,TR-101,LT-002,238.88,6.902,1.509,0.915,50.074,2.64,NORMAL
5950,2026-08-01 01:39:09,TR-101,LT-004,224.02,9.138,1.874,0.915,49.963,0.25,NORMAL
8309,2026-08-01 00:05:08,TR-104,LT-006,189.45,12.807,2.118,0.873,49.915,13.01,WARNING
8933,2026-08-01 00:15:32,TR-102,LT-003,176.49,11.718,1.662,0.804,50.018,12.41,WARNING
9789,2026-08-01 00:09:48,TR-103,LT-004,87.0,0.586,0.025,0.487,49.994,26.27,POSSIBLE_BROKEN_LT
5178,2026-08-01 01:26:17,TR-102,LT-005,222.59,11.978,2.528,0.948,50.106,0.77,NORMAL
831,2026-08-01 00:13:50,TR-102,LT-004,224.62,7.234,1.61,0.991,50.119,0.61,NORMAL
8312,2026-08-01 00:05:11,TR-104,LT-003,149.96,10.295,1.262,0.817,49.941,7.29,WARNING
4753,2026-08-01 01:19:12,TR-104,LT-004,229.06,5.637,1.191,0.923,49.877,1.62,NORMAL
9851,2026-08-01 00:10:50,TR-104,LT-004,99.89,0.359,0.017,0.47,49.942,29.54,POSSIBLE_BROKEN_LT
636,2026-08-01 00:10:35,TR-104,LT-005,223.38,5.664,1.163,0.919,50.099,0.44,NORMAL
4466,2026-08-01 01:14:25,TR-102,LT-006,225.37,7.423,1.532,0.916,50.033,1.94,NORMAL
6800,2026-08-01 01:53:19,TR-102,LT-004,234.92,7.283,1.566,0.915,49.997,2.21,NORMAL
7988,2026-08-01 02:13:07,TR-102,LT-001,228.59,5.556,1.177,0.927,49.89,1.21,NORMAL
7080,2026-08-01 01:57:59,TR-103,LT-003,229.37,7.319,1.578,0.94,49.926,2.07,NORMAL
6967,2026-08-01 01:56:06,TR-103,LT-003,227.69,8.036,1.718,0.939,50.048,3.65,NORMAL
4143,2026-08-01 01:09:02,TR-102,LT-005,231.53,8.735,1.804,0.892,50.114,1.85,NORMAL
7028,2026-08-01 01:57:07,TR-101,LT-006,225.49,9.481,2.032,0.95,49.985,0.48,NORMAL
9184,2026-08-01 00:19:43,TR-104,LT-001,182.71,16.708,2.466,0.808,50.067,12.78,WARNING
877,2026-08-01 00:14:36,TR-102,LT-005,227.93,7.448,1.546,0.911,49.917,1.44,NORMAL
4870,2026-08-01 01:21:09,TR-103,LT-001,227.91,5.739,1.221,0.933,50.094,2.85,NORMAL
5316,2026-08-01 01:28:35,TR-102,LT-006,228.96,8.58,1.867,0.951,49.895,1.91,NORMAL
5223,2026-08-01 01:27:02,TR-102,LT-006,229.1,9.796,2.083,0.928,49.956,0.8,NORMAL
5,2026-08-01 00:00:04,TR-104,LT-002,229.06,10.556,2.294,0.949,50.004,1.07,NORMAL
3052,2026-08-01 00:50:51,TR-102,LT-006,227.16,4.655,0.99,0.936,50.191,0.45,NORMAL
5692,2026-08-01 01:34:51,TR-101,LT-002,223.01,6.623,1.424,0.964,50.003,1.62,NORMAL
3125,2026-08-01 00:52:04,TR-101,LT-003,229.44,10.122,2.141,0.922,49.926,1.06,NORMAL
2492,2026-08-01 00:41:31,TR-104,LT-001,227.24,8.17,1.745,0.94,50.072,1.37,NORMAL
3855,2026-08-01 01:04:14,TR-104,LT-001,228.54,6.872,1.421,0.905,49.973,1.35,NORMAL
4778,2026-08-01 01:19:37,TR-103,LT-004,234.81,10.538,2.152,0.87,49.908,2.61,NORMAL
7510,2026-08-01 02:05:09,TR-101,LT-001,228.0,9.641,2.097,0.954,50.126,0.85,NORMAL
6458,2026-08-01 01:47:37,TR-102,LT-001,233.98,9.976,2.219,0.951,50.074,3.07,NORMAL
6294,2026-08-01 01:44:53,TR-103,LT-001,231.74,7.442,1.609,0.933,49.998,1.69,NORMAL
1149,2026-08-01 00:19:08,TR-101,LT-004,236.38,6.968,1.552,0.942,50.183,2.23,NORMAL
575,2026-08-01 00:09:34,TR-101,LT-005,233.32,7.71,1.624,0.903,50.059,2.52,NORMAL
3770,2026-08-01 01:02:49,TR-103,LT-005,227.79,5.834,1.254,0.944,50.001,2.53,NORMAL
4147,2026-08-01 01:09:06,TR-104,LT-001,231.55,10.147,2.141,0.911,50.013,2.52,NORMAL
854,2026-08-01 00:14:13,TR-102,LT-005,234.76,3.997,0.861,0.917,49.993,2.81,NORMAL
5920,2026-08-01 01:38:39,TR-103,LT-004,225.6,12.038,2.547,0.938,50.061,1.62,NORMAL
9359,2026-08-01 00:02:38,TR-102,LT-002,63.62,0.283,0.01,0.543,49.991,30.2,POSSIBLE_BROKEN_LT
6615,2026-08-01 01:50:14,TR-102,LT-004,233.07,5.924,1.218,0.882,50.015,0.88,NORMAL
6003,2026-08-01 01:40:02,TR-103,LT-004,226.23,12.471,2.733,0.969,50.012,1.41,NORMAL
9164,2026-08-01 00:19:23,TR-101,LT-001,179.12,7.863,1.019,0.723,49.955,16.62,WARNING
4496,2026-08-01 01:14:55,TR-101,LT-004,236.71,6.915,1.521,0.929,50.071,0.83,NORMAL
8174,2026-08-01 00:02:53,TR-101,LT-002,190.24,9.171,1.452,0.832,49.844,17.61,WARNING
6656,2026-08-01 01:50:55,TR-101,LT-004,237.27,12.224,2.658,0.916,50.115,2.39,NORMAL
2369,2026-08-01 00:39:28,TR-103,LT-001,225.53,5.261,1.1,0.927,49.945,2.37,NORMAL
4781,2026-08-01 01:19:40,TR-104,LT-006,231.12,10.282,2.292,0.965,49.896,1.83,NORMAL
7993,2026-08-01 02:13:12,TR-101,LT-006,236.56,8.929,2.044,0.968,50.043,0.56,NORMAL
2951,2026-08-01 00:49:10,TR-103,LT-003,234.82,6.614,1.439,0.926,49.97,2.45,NORMAL
5626,2026-08-01 01:33:45,TR-104,LT-006,229.61,10.776,2.308,0.933,50.091,1.9,NORMAL
6972,2026-08-01 01:56:11,TR-102,LT-003,229.79,7.474,1.661,0.967,49.969,4.83,NORMAL
8717,2026-08-01 00:11:56,TR-102,LT-001,193.9,10.279,1.706,0.856,49.85,9.58,WARNING
1842,2026-08-01 00:30:41,TR-101,LT-003,222.47,10.669,2.208,0.93,49.954,0.51,NORMAL
5987,2026-08-01 01:39:46,TR-102,LT-006,226.81,8.221,1.779,0.954,50.006,1.61,NORMAL
538,2026-08-01 00:08:57,TR-104,LT-004,228.46,11.395,2.508,0.963,50.05,2.31,NORMAL
2807,2026-08-01 00:46:46,TR-103,LT-001,229.68,6.85,1.543,0.981,50.089,3.11,NORMAL
5802,2026-08-01 01:36:41,TR-104,LT-005,229.05,4.529,0.972,0.937,49.883,0.92,NORMAL
5597,2026-08-01 01:33:16,TR-102,LT-003,231.64,8.334,1.803,0.934,49.895,2.38,NORMAL
7207,2026-08-01 02:00:06,TR-103,LT-002,231.12,8.985,2.025,0.975,49.998,0.6,NORMAL
7344,2026-08-01 02:02:23,TR-103,LT-002,226.36,11.023,2.319,0.929,49.838,2.13,NORMAL
7561,2026-08-01 02:06:00,TR-103,LT-004,223.87,2.248,0.457,0.908,49.972,0.06,NORMAL
8097,2026-08-01 00:01:36,TR-103,LT-004,192.19,5.377,0.76,0.736,50.031,12.22,WARNING
785,2026-08-01 00:13:04,TR-101,LT-003,232.24,5.592,1.201,0.925,50.016,2.13,NORMAL
1410,2026-08-01 00:23:29,TR-101,LT-001,229.0,10.712,2.307,0.94,49.911,1.03,NORMAL
155,2026-08-01 00:02:34,TR-101,LT-003,231.17,9.853,2.21,0.97,49.967,1.7,NORMAL
7807,2026-08-01 02:10:06,TR-104,LT-002,231.71,6.018,1.292,0.926,49.99,1.77,NORMAL
3010,2026-08-01 00:50:09,TR-103,LT-001,228.12,7.843,1.69,0.945,50.057,2.35,NORMAL
1687,2026-08-01 00:28:06,TR-104,LT-005,228.14,4.234,0.894,0.926,50.092,1.29,NORMAL
4015,2026-08-01 01:06:54,TR-104,LT-002,229.68,8.038,1.76,0.953,50.022,2.02,NORMAL
7456,2026-08-01 02:04:15,TR-104,LT-004,225.8,11.277,2.399,0.942,50.213,3.27,NORMAL
3864,2026-08-01 01:04:23,TR-102,LT-006,229.14,11.274,2.342,0.907,50.103,1.71,NORMAL
2734,2026-08-01 00:45:33,TR-101,LT-002,226.48,6.924,1.484,0.946,49.924,1.85,NORMAL
1896,2026-08-01 00:31:35,TR-104,LT-002,228.52,6.443,1.383,0.939,49.85,2.25,NORMAL
5443,2026-08-01 01:30:42,TR-102,LT-005,226.6,8.125,1.732,0.941,50.126,0.6,NORMAL
570,2026-08-01 00:09:29,TR-103,LT-006,228.59,4.555,1.023,0.982,49.995,2.07,NORMAL
6710,2026-08-01 01:51:49,TR-102,LT-005,228.84,7.977,1.688,0.925,49.959,3.75,NORMAL
5855,2026-08-01 01:37:34,TR-101,LT-001,224.47,7.697,1.623,0.939,49.909,1.1,NORMAL
1817,2026-08-01 00:30:16,TR-102,LT-005,221.39,8.229,1.691,0.928,49.8,2.12,NORMAL
8320,2026-08-01 00:05:19,TR-102,LT-005,190.43,12.72,2.001,0.826,50.04,19.41,WARNING
3395,2026-08-01 00:56:34,TR-104,LT-001,237.89,6.331,1.385,0.919,49.87,0.26,NORMAL
3328,2026-08-01 00:55:27,TR-104,LT-005,227.64,9.351,1.967,0.924,49.925,3.05,NORMAL
9983,2026-08-01 00:13:02,TR-102,LT-005,88.01,0.312,0.007,0.248,50.0,49.47,POSSIBLE_BROKEN_LT
6103,2026-08-01 01:41:42,TR-104,LT-001,225.47,10.01,2.151,0.953,49.957,0.23,NORMAL
2976,2026-08-01 00:49:35,TR-102,LT-005,230.42,8.497,1.806,0.923,50.071,0.05,NORMAL
981,2026-08-01 00:16:20,TR-104,LT-003,233.14,7.386,1.621,0.941,49.975,2.59,NORMAL
191,2026-08-01 00:03:10,TR-101,LT-004,228.21,9.208,2.001,0.952,50.086,3.01,NORMAL
9332,2026-08-01 00:02:11,TR-103,LT-003,96.89,0.612,0.014,0.236,49.968,22.59,POSSIBLE_BROKEN_LT
5089,2026-08-01 01:24:48,TR-103,LT-005,230.34,6.395,1.435,0.974,50.152,0.55,NORMAL
700,2026-08-01 00:11:39,TR-103,LT-005,229.26,5.639,1.246,0.964,50.078,1.25,NORMAL
9760,2026-08-01 00:09:19,TR-104,LT-005,69.62,0.249,0.013,0.749,50.067,34.13,POSSIBLE_BROKEN_LT
607,2026-08-01 00:10:06,TR-103,LT-006,226.9,5.157,1.07,0.914,50.175,3.75,NORMAL
302,2026-08-01 00:05:01,TR-101,LT-005,227.76,7.04,1.514,0.944,50.059,2.0,NORMAL
3421,2026-08-01 00:57:00,TR-103,LT-006,227.57,8.368,1.73,0.908,49.949,0.77,NORMAL
9805,2026-08-01 00:10:04,TR-102,LT-002,89.03,0.264,0.016,0.672,50.033,36.38,POSSIBLE_BROKEN_LT
1061,2026-08-01 00:17:40,TR-101,LT-001,233.09,7.796,1.748,0.962,50.15,2.3,NORMAL
3445,2026-08-01 00:57:24,TR-101,LT-004,232.78,5.229,1.13,0.928,49.936,0.17,NORMAL
1070,2026-08-01 00:17:49,TR-104,LT-004,231.39,9.45,1.975,0.903,49.869,3.62,NORMAL
2206,2026-08-01 00:36:45,TR-103,LT-001,231.89,10.393,2.183,0.906,50.05,3.22,NORMAL
9436,2026-08-01 00:03:55,TR-102,LT-002,45.07,0.358,0.008,0.519,49.962,32.57,POSSIBLE_BROKEN_LT
7340,2026-08-01 02:02:19,TR-102,LT-001,234.84,7.561,1.62,0.913,50.044,2.29,NORMAL
8209,2026-08-01 00:03:28,TR-104,LT-004,185.94,11.704,1.914,0.88,49.984,11.74,WARNING
7680,2026-08-01 02:07:59,TR-102,LT-005,226.5,7.978,1.688,0.934,49.97,1.14,NORMAL
4643,2026-08-01 01:17:22,TR-103,LT-006,229.1,7.528,1.618,0.938,50.017,4.06,NORMAL
7684,2026-08-01 02:08:03,TR-101,LT-005,236.17,12.761,2.787,0.925,50.098,1.75,NORMAL
9008,2026-08-01 00:16:47,TR-101,LT-006,191.1,9.463,1.58,0.874,50.053,11.93,WARNING
7997,2026-08-01 02:13:16,TR-102,LT-006,231.31,10.381,2.297,0.957,49.92,1.16,NORMAL
5601,2026-08-01 01:33:20,TR-104,LT-005,229.25,6.219,1.354,0.95,49.89,1.26,NORMAL
9152,2026-08-01 00:19:11,TR-101,LT-002,152.19,12.487,1.555,0.818,49.926,1.87,WARNING
7023,2026-08-01 01:57:02,TR-104,LT-003,227.77,10.623,2.358,0.974,49.973,2.4,NORMAL
4894,2026-08-01 01:21:33,TR-104,LT-004,229.5,6.458,1.366,0.922,49.85,2.63,NORMAL
226,2026-08-01 00:03:45,TR-102,LT-004,234.36,7.041,1.596,0.967,49.954,2.56,NORMAL
3355,2026-08-01 00:55:54,TR-104,LT-005,227.62,9.469,2.07,0.96,50.128,1.01,NORMAL
5896,2026-08-01 01:38:15,TR-104,LT-001,234.03,9.136,1.961,0.917,50.025,2.96,NORMAL
8755,2026-08-01 00:12:34,TR-103,LT-005,160.63,13.985,1.982,0.882,49.965,18.22,WARNING
3437,2026-08-01 00:57:16,TR-102,LT-005,232.29,7.626,1.771,1.0,49.954,1.97,NORMAL
1694,2026-08-01 00:28:13,TR-101,LT-006,224.62,7.544,1.567,0.925,49.99,2.04,NORMAL
6894,2026-08-01 01:54:53,TR-102,LT-005,231.8,4.757,1.027,0.931,49.877,1.61,NORMAL
1046,2026-08-01 00:17:25,TR-102,LT-004,233.53,5.031,1.076,0.916,49.891,1.73,NORMAL
3447,2026-08-01 00:57:26,TR-102,LT-005,229.55,7.223,1.534,0.925,49.987,1.79,NORMAL
8051,2026-08-01 00:00:50,TR-103,LT-003,164.99,6.466,0.921,0.863,50.12,1.55,WARNING
9147,2026-08-01 00:19:06,TR-104,LT-004,168.42,12.141,1.503,0.735,49.949,21.39,WARNING
9982,2026-08-01 00:13:01,TR-104,LT-002,74.86,0.308,0.017,0.736,49.998,29.21,POSSIBLE_BROKEN_LT
4736,2026-08-01 01:18:55,TR-101,LT-001,233.83,7.63,1.669,0.935,49.914,1.55,NORMAL
4497,2026-08-01 01:14:56,TR-104,LT-004,226.78,9.839,2.161,0.968,50.099,0.35,NORMAL
1219,2026-08-01 00:20:18,TR-102,LT-006,226.66,6.2,1.314,0.935,49.816,1.4,NORMAL
6016,2026-08-01 01:40:15,TR-101,LT-001,226.55,7.873,1.676,0.94,49.896,2.64,NORMAL
9720,2026-08-01 00:08:39,TR-104,LT-006,71.36,0.386,0.002,0.079,50.146,44.68,POSSIBLE_BROKEN_LT
3988,2026-08-01 01:06:27,TR-102,LT-006,227.81,9.779,2.056,0.923,49.984,2.57,NORMAL
4912,2026-08-01 01:21:51,TR-103,LT-001,235.3,6.587,1.452,0.937,49.886,3.14,NORMAL
9493,2026-08-01 00:04:52,TR-103,LT-002,75.36,0.46,0.021,0.602,49.885,32.54,POSSIBLE_BROKEN_LT
4494,2026-08-01 01:14:53,TR-102,LT-005,228.17,5.131,1.096,0.936,49.98,0.72,NORMAL
6945,2026-08-01 01:55:44,TR-104,LT-001,222.82,7.917,1.691,0.958,49.967,0.63,NORMAL
5700,2026-08-01 01:34:59,TR-104,LT-005,232.45,8.869,1.978,0.96,50.14,1.48,NORMAL
8353,2026-08-01 00:05:52,TR-104,LT-004,194.04,12.445,1.985,0.822,49.968,4.43,WARNING
957,2026-08-01 00:15:56,TR-101,LT-003,231.37,5.674,1.298,0.989,49.975,0.27,NORMAL
2870,2026-08-01 00:47:49,TR-103,LT-003,234.92,9.19,1.999,0.926,49.911,2.46,NORMAL
4434,2026-08-01 01:13:53,TR-104,LT-002,227.75,8.655,1.76,0.893,49.961,1.4,NORMAL
4974,2026-08-01 01:22:53,TR-101,LT-001,221.66,8.463,1.795,0.957,49.875,1.64,NORMAL
2962,2026-08-01 00:49:21,TR-101,LT-006,227.57,5.469,1.126,0.905,49.907,1.04,NORMAL
2201,2026-08-01 00:36:40,TR-101,LT-004,237.22,8.583,1.964,0.965,49.962,3.49,NORMAL
99,2026-08-01 00:01:38,TR-101,LT-001,230.02,8.871,1.855,0.909,50.196,2.01,NORMAL
9850,2026-08-01 00:10:49,TR-104,LT-005,64.04,0.151,0.007,0.773,50.076,31.9,POSSIBLE_BROKEN_LT
2558,2026-08-01 00:42:37,TR-102,LT-004,230.01,7.468,1.607,0.935,49.967,1.13,NORMAL
8446,2026-08-01 00:07:25,TR-103,LT-003,166.31,13.237,1.924,0.874,50.074,11.97,WARNING
4200,2026-08-01 01:09:59,TR-104,LT-002,232.28,8.035,1.731,0.927,49.944,1.94,NORMAL
9638,2026-08-01 00:07:17,TR-102,LT-002,42.03,0.751,0.018,0.559,49.906,2.06,POSSIBLE_BROKEN_LT
5540,2026-08-01 01:32:19,TR-104,LT-006,233.81,7.266,1.568,0.923,49.977,0.15,NORMAL
1649,2026-08-01 00:27:28,TR-103,LT-005,234.75,8.63,1.967,0.971,49.925,2.33,NORMAL
6198,2026-08-01 01:43:17,TR-101,LT-003,228.09,7.117,1.526,0.94,50.01,3.07,NORMAL
6296,2026-08-01 01:44:55,TR-102,LT-003,232.71,8.86,1.824,0.885,49.998,2.34,NORMAL
4500,2026-08-01 01:14:59,TR-101,LT-001,225.22,5.685,1.167,0.912,49.842,2.95,NORMAL
1155,2026-08-01 00:19:14,TR-101,LT-004,236.57,7.41,1.692,0.965,49.958,1.06,NORMAL
2256,2026-08-01 00:37:35,TR-104,LT-004,231.45,5.297,1.221,0.996,50.129,2.58,NORMAL
3171,2026-08-01 00:52:50,TR-102,LT-001,226.22,9.789,2.064,0.932,49.933,2.75,NORMAL
7401,2026-08-01 02:03:20,TR-101,LT-005,227.48,8.254,1.781,0.948,49.945,1.4,NORMAL
7159,2026-08-01 01:59:18,TR-101,LT-003,226.58,5.884,1.275,0.957,49.882,2.8,NORMAL
3109,2026-08-01 00:51:48,TR-103,LT-001,231.8,7.614,1.745,0.989,49.91,2.18,NORMAL
4549,2026-08-01 01:15:48,TR-104,LT-004,231.64,7.367,1.598,0.937,50.061,1.43,NORMAL
5424,2026-08-01 01:30:23,TR-104,LT-005,229.64,7.446,1.655,0.968,50.085,2.85,NORMAL
2050,2026-08-01 00:34:09,TR-102,LT-005,230.62,8.867,1.903,0.931,49.917,3.62,NORMAL
9209,2026-08-01 00:00:08,TR-102,LT-002,92.88,0.298,0.009,0.308,50.118,61.01,POSSIBLE_BROKEN_LT
8816,2026-08-01 00:13:35,TR-103,LT-005,207.18,10.872,1.836,0.815,49.964,11.19,WARNING
9798,2026-08-01 00:09:57,TR-101,LT-006,85.58,0.244,0.006,0.285,49.894,26.98,POSSIBLE_BROKEN_LT
263,2026-08-01 00:04:22,TR-101,LT-005,217.03,7.622,1.54,0.931,50.079,2.64,NORMAL
4062,2026-08-01 01:07:41,TR-101,LT-006,231.12,5.346,1.145,0.927,49.997,2.48,NORMAL
5535,2026-08-01 01:32:14,TR-104,LT-003,229.36,8.879,1.931,0.948,49.994,1.53,NORMAL
6617,2026-08-01 01:50:16,TR-101,LT-006,234.36,6.756,1.56,0.985,49.899,1.94,NORMAL
8121,2026-08-01 00:02:00,TR-104,LT-004,176.6,8.464,1.259,0.842,50.039,14.62,WARNING
8156,2026-08-01 00:02:35,TR-103,LT-003,185.01,8.432,1.225,0.785,49.987,15.68,WARNING
1803,2026-08-01 00:30:02,TR-104,LT-005,227.17,12.611,2.668,0.931,49.974,2.79,NORMAL
4737,2026-08-01 01:18:56,TR-102,LT-006,226.84,6.461,1.41,0.962,50.047,0.39,NORMAL
2386,2026-08-01 00:39:45,TR-104,LT-004,226.97,7.729,1.596,0.91,50.054,0.01,NORMAL
6695,2026-08-01 01:51:34,TR-104,LT-006,232.08,9.121,1.991,0.941,49.945,1.72,NORMAL
5760,2026-08-01 01:35:59,TR-103,LT-006,233.41,7.798,1.72,0.945,50.021,2.63,NORMAL
1960,2026-08-01 00:32:39,TR-103,LT-005,230.89,8.852,1.843,0.902,50.022,0.92,NORMAL
2977,2026-08-01 00:49:36,TR-102,LT-002,235.05,9.505,2.113,0.946,50.024,3.31,NORMAL
8681,2026-08-01 00:11:20,TR-104,LT-001,167.31,12.91,1.525,0.706,49.961,18.18,WARNING
1844,2026-08-01 00:30:43,TR-103,LT-001,230.37,5.497,1.233,0.973,50.008,3.5,NORMAL
1735,2026-08-01 00:28:54,TR-101,LT-006,233.2,10.715,2.37,0.949,50.034,2.08,NORMAL
2912,2026-08-01 00:48:31,TR-101,LT-004,231.43,8.687,1.77,0.88,49.986,0.65,NORMAL
8339,2026-08-01 00:05:38,TR-103,LT-001,166.92,15.502,2.125,0.821,49.824,20.14,WARNING
1987,2026-08-01 00:33:06,TR-102,LT-002,232.9,7.257,1.635,0.968,50.008,3.89,NORMAL
9562,2026-08-01 00:06:01,TR-102,LT-005,71.42,0.302,0.019,0.9,50.071,60.01,POSSIBLE_BROKEN_LT
6547,2026-08-01 01:49:06,TR-102,LT-001,223.68,9.04,1.915,0.947,50.003,3.38,NORMAL
7099,2026-08-01 01:58:18,TR-101,LT-001,226.49,9.368,2.012,0.948,49.987,1.6,NORMAL
2812,2026-08-01 00:46:51,TR-101,LT-006,227.46,8.453,1.817,0.945,50.002,0.55,NORMAL
660,2026-08-01 00:10:59,TR-104,LT-002,229.42,8.253,1.83,0.966,50.017,3.61,NORMAL
2512,2026-08-01 00:41:51,TR-104,LT-004,232.19,8.0,1.784,0.96,50.123,2.95,NORMAL
4283,2026-08-01 01:11:22,TR-103,LT-006,234.64,9.312,2.068,0.946,49.862,0.51,NORMAL
9340,2026-08-01 00:02:19,TR-102,LT-002,70.62,0.38,0.011,0.427,50.011,34.25,POSSIBLE_BROKEN_LT
8801,2026-08-01 00:13:20,TR-104,LT-002,179.03,8.834,1.225,0.775,49.875,11.41,WARNING
6288,2026-08-01 01:44:47,TR-103,LT-003,232.8,8.524,1.878,0.946,49.964,1.35,NORMAL
1931,2026-08-01 00:32:10,TR-104,LT-005,225.08,6.589,1.351,0.911,50.022,2.15,NORMAL
7126,2026-08-01 01:58:45,TR-103,LT-002,222.26,7.519,1.485,0.889,50.039,3.55,NORMAL
198,2026-08-01 00:03:17,TR-104,LT-004,230.61,12.155,2.597,0.927,50.012,1.17,NORMAL
7778,2026-08-01 02:09:37,TR-103,LT-006,225.92,7.743,1.664,0.951,49.971,3.52,NORMAL
2932,2026-08-01 00:48:51,TR-102,LT-004,228.18,11.702,2.511,0.94,49.952,2.38,NORMAL
8005,2026-08-01 00:00:04,TR-104,LT-005,146.2,6.061,0.806,0.91,49.95,20.24,WARNING
2328,2026-08-01 00:38:47,TR-103,LT-005,228.45,8.996,1.963,0.955,49.91,1.98,NORMAL
4390,2026-08-01 01:13:09,TR-101,LT-005,232.34,7.805,1.709,0.942,50.052,2.81,NORMAL
8959,2026-08-01 00:15:58,TR-103,LT-006,176.97,11.015,1.519,0.779,49.905,7.28,WARNING
4219,2026-08-01 01:10:18,TR-103,LT-004,231.3,8.104,1.759,0.938,49.957,2.62,NORMAL
203,2026-08-01 00:03:22,TR-103,LT-006,234.33,6.919,1.492,0.92,50.151,0.67,NORMAL
3511,2026-08-01 00:58:30,TR-102,LT-006,234.88,10.017,2.17,0.923,49.947,2.26,NORMAL
4932,2026-08-01 01:22:11,TR-102,LT-001,221.23,6.75,1.432,0.959,49.907,2.12,NORMAL
5536,2026-08-01 01:32:15,TR-102,LT-006,240.0,9.808,2.109,0.896,49.997,1.75,NORMAL
5792,2026-08-01 01:36:31,TR-102,LT-002,219.97,8.882,1.902,0.973,50.002,1.45,NORMAL
1708,2026-08-01 00:28:27,TR-103,LT-004,237.6,9.985,2.157,0.909,50.001,3.88,NORMAL
5173,2026-08-01 01:26:12,TR-101,LT-006,228.34,6.828,1.485,0.953,50.025,2.85,NORMAL
5250,2026-08-01 01:27:29,TR-102,LT-004,231.7,4.862,1.067,0.948,50.003,2.31,NORMAL
6529,2026-08-01 01:48:48,TR-102,LT-005,230.08,10.687,2.361,0.96,49.991,2.11,NORMAL
9849,2026-08-01 00:10:48,TR-103,LT-001,74.92,0.171,0.002,0.191,50.002,38.97,POSSIBLE_BROKEN_LT
5856,2026-08-01 01:37:35,TR-101,LT-004,222.81,8.513,1.845,0.972,49.952,2.67,NORMAL
8165,2026-08-01 00:02:44,TR-103,LT-006,202.18,12.532,1.985,0.784,49.848,6.64,WARNING
855,2026-08-01 00:14:14,TR-104,LT-004,235.68,7.699,1.725,0.951,50.091,2.51,NORMAL
4738,2026-08-01 01:18:57,TR-102,LT-006,230.14,6.74,1.41,0.909,50.056,2.34,NORMAL
699,2026-08-01 00:11:38,TR-103,LT-001,233.7,7.792,1.76,0.967,49.993,3.22,NORMAL
3697,2026-08-01 01:01:36,TR-102,LT-001,227.71,6.741,1.415,0.922,50.082,1.59,NORMAL
1637,2026-08-01 00:27:16,TR-102,LT-001,226.18,7.848,1.693,0.954,50.008,1.62,NORMAL
7281,2026-08-01 02:01:20,TR-103,LT-002,226.9,8.566,1.718,0.884,50.101,0.64,NORMAL
7555,2026-08-01 02:05:54,TR-101,LT-006,233.42,9.838,2.146,0.935,49.958,0.04,NORMAL
3582,2026-08-01 00:59:41,TR-103,LT-003,235.33,8.923,1.931,0.92,49.977,3.06,NORMAL
1292,2026-08-01 00:21:31,TR-101,LT-006,239.97,8.673,2.034,0.977,50.115,1.7,NORMAL
6586,2026-08-01 01:49:45,TR-103,LT-005,230.41,8.631,1.922,0.967,50.109,3.3,NORMAL
1854,2026-08-01 00:30:53,TR-101,LT-004,233.68,6.716,1.444,0.92,49.993,2.64,NORMAL
5233,2026-08-01 01:27:12,TR-101,LT-002,225.78,8.761,1.834,0.927,50.166,1.92,NORMAL
3764,2026-08-01 01:02:43,TR-103,LT-002,233.29,8.171,1.81,0.95,50.101,1.36,NORMAL
3305,2026-08-01 00:55:04,TR-102,LT-001,234.4,6.014,1.355,0.961,50.033,0.08,NORMAL
1496,2026-08-01 00:24:55,TR-101,LT-001,238.02,5.581,1.265,0.952,50.086,1.0,NORMAL
7995,2026-08-01 02:13:14,TR-103,LT-006,227.17,7.417,1.597,0.948,49.86,0.65,NORMAL
1999,2026-08-01 00:33:18,TR-102,LT-003,229.35,8.992,1.879,0.911,49.924,0.4,NORMAL
664,2026-08-01 00:11:03,TR-104,LT-006,227.83,11.328,2.493,0.966,49.888,0.75,NORMAL
3749,2026-08-01 01:02:28,TR-101,LT-001,235.72,8.6,1.819,0.898,50.069,1.41,NORMAL
4414,2026-08-01 01:13:33,TR-103,LT-002,220.01,9.208,1.838,0.907,50.014,3.23,NORMAL
5531,2026-08-01 01:32:10,TR-102,LT-005,235.17,9.276,1.993,0.914,50.017,0.45,NORMAL
5576,2026-08-01 01:32:55,TR-104,LT-004,222.17,7.711,1.61,0.94,49.914,0.61,NORMAL
8902,2026-08-01 00:15:01,TR-101,LT-001,168.17,7.728,1.132,0.871,49.904,15.87,WARNING
7527,2026-08-01 02:05:26,TR-103,LT-003,234.06,7.794,1.777,0.974,50.149,3.17,NORMAL
9475,2026-08-01 00:04:34,TR-103,LT-002,38.5,0.657,0.009,0.363,50.048,49.15,POSSIBLE_BROKEN_LT
5865,2026-08-01 01:37:44,TR-102,LT-006,227.73,9.348,2.016,0.947,49.982,2.04,NORMAL
6777,2026-08-01 01:52:56,TR-104,LT-001,233.49,10.423,2.227,0.915,50.034,3.24,NORMAL
1307,2026-08-01 00:21:46,TR-102,LT-004,230.11,9.66,2.058,0.926,50.035,2.09,NORMAL
7393,2026-08-01 02:03:12,TR-103,LT-004,224.77,9.688,2.015,0.926,49.913,0.7,NORMAL
5593,2026-08-01 01:33:12,TR-102,LT-006,226.98,4.86,1.013,0.918,50.018,3.52,NORMAL
9722,2026-08-01 00:08:41,TR-103,LT-005,60.97,0.437,0.011,0.412,49.852,42.09,POSSIBLE_BROKEN_LT
1664,2026-08-01 00:27:43,TR-104,LT-005,227.57,8.454,1.836,0.954,50.09,1.72,NORMAL
5451,2026-08-01 01:30:50,TR-103,LT-004,228.23,9.644,1.998,0.908,50.03,2.72,NORMAL
9955,2026-08-01 00:12:34,TR-103,LT-001,88.32,0.281,0.02,0.819,49.939,12.7,POSSIBLE_BROKEN_LT
3628,2026-08-01 01:00:27,TR-103,LT-001,233.06,6.746,1.475,0.938,50.033,0.68,NORMAL
2694,2026-08-01 00:44:53,TR-103,LT-004,229.46,7.823,1.639,0.913,49.907,0.72,NORMAL
9790,2026-08-01 00:09:49,TR-101,LT-005,86.72,0.699,0.017,0.282,49.92,58.54,POSSIBLE_BROKEN_LT
5916,2026-08-01 01:38:35,TR-104,LT-004,226.43,7.201,1.573,0.965,49.908,4.26,NORMAL
3158,2026-08-01 00:52:37,TR-101,LT-005,230.44,7.661,1.636,0.927,50.061,1.26,NORMAL
6669,2026-08-01 01:51:08,TR-102,LT-001,231.54,7.124,1.574,0.954,50.088,0.77,NORMAL
1060,2026-08-01 00:17:39,TR-103,LT-001,228.52,10.303,2.164,0.919,50.006,1.97,NORMAL
4637,2026-08-01 01:17:16,TR-101,LT-005,232.09,10.072,2.271,0.972,49.921,3.17,NORMAL
3243,2026-08-01 00:54:02,TR-102,LT-004,223.33,7.293,1.473,0.904,50.019,1.65,NORMAL
1679,2026-08-01 00:27:58,TR-103,LT-004,233.99,8.568,1.838,0.917,50.128,2.71,NORMAL
6893,2026-08-01 01:54:52,TR-103,LT-003,225.02,9.143,1.912,0.929,50.029,2.62,NORMAL
6375,2026-08-01 01:46:14,TR-101,LT-003,229.31,9.503,1.994,0.915,49.954,2.63,NORMAL
7575,2026-08-01 02:06:14,TR-103,LT-001,227.06,8.602,1.837,0.941,49.937,0.29,NORMAL
1758,2026-08-01 00:29:17,TR-103,LT-002,233.81,7.009,1.54,0.94,50.074,2.79,NORMAL
6020,2026-08-01 01:40:19,TR-103,LT-004,233.86,7.733,1.704,0.942,49.967,1.46,NORMAL
5117,2026-08-01 01:25:16,TR-102,LT-002,236.69,11.489,2.597,0.955,50.092,3.74,NORMAL
8756,2026-08-01 00:12:35,TR-102,LT-005,167.78,9.853,1.409,0.852,50.046,14.37,WARNING
7409,2026-08-01 02:03:28,TR-102,LT-004,222.5,7.703,1.602,0.935,50.147,2.24,NORMAL
2791,2026-08-01 00:46:30,TR-102,LT-004,232.38,7.482,1.677,0.965,49.958,3.3,NORMAL
864,2026-08-01 00:14:23,TR-102,LT-001,237.18,4.686,1.016,0.914,50.077,2.13,NORMAL
7859,2026-08-01 02:10:58,TR-102,LT-004,218.6,11.809,2.385,0.924,49.964,2.87,NORMAL
1485,2026-08-01 00:24:44,TR-102,LT-002,230.9,5.016,1.124,0.97,49.935,2.38,NORMAL
7036,2026-08-01 01:57:15,TR-102,LT-003,234.9,10.444,2.412,0.983,50.009,3.84,NORMAL
7722,2026-08-01 02:08:41,TR-103,LT-004,235.75,9.195,2.046,0.944,49.937,1.88,NORMAL
5978,2026-08-01 01:39:37,TR-102,LT-005,232.49,8.666,1.873,0.93,49.966,0.66,NORMAL
5135,2026-08-01 01:25:34,TR-103,LT-001,223.67,7.695,1.617,0.94,49.952,0.72,NORMAL
207,2026-08-01 00:03:26,TR-101,LT-003,232.06,9.225,2.088,0.975,49.859,2.59,NORMAL
4489,2026-08-01 01:14:48,TR-102,LT-003,233.52,7.979,1.756,0.942,50.103,0.82,NORMAL
6939,2026-08-01 01:55:38,TR-101,LT-004,228.28,6.504,1.385,0.933,49.874,0.77,NORMAL
9063,2026-08-01 00:17:42,TR-103,LT-004,188.03,12.37,2.059,0.885,49.74,8.79,WARNING
6911,2026-08-01 01:55:10,TR-102,LT-004,221.56,7.283,1.461,0.905,50.044,1.55,NORMAL
503,2026-08-01 00:08:22,TR-103,LT-006,224.41,11.79,2.441,0.923,49.879,2.63,NORMAL
7386,2026-08-01 02:03:05,TR-102,LT-003,231.26,9.752,2.104,0.933,49.942,2.71,NORMAL
1029,2026-08-01 00:17:08,TR-104,LT-001,232.45,8.59,1.861,0.932,50.038,1.96,NORMAL
3841,2026-08-01 01:04:00,TR-103,LT-001,227.54,9.196,2.029,0.969,49.93,1.95,NORMAL
8111,2026-08-01 00:01:50,TR-103,LT-001,153.94,13.27,1.724,0.844,50.063,11.61,WARNING
5057,2026-08-01 01:24:16,TR-102,LT-005,232.84,7.254,1.617,0.957,49.959,2.24,NORMAL
9763,2026-08-01 00:09:22,TR-102,LT-003,76.06,0.132,0.004,0.42,49.922,48.86,POSSIBLE_BROKEN_LT
8155,2026-08-01 00:02:34,TR-102,LT-006,194.87,8.975,1.501,0.858,50.063,21.24,WARNING
2732,2026-08-01 00:45:31,TR-101,LT-001,236.74,8.673,1.884,0.917,49.96,2.08,NORMAL
8997,2026-08-01 00:16:36,TR-102,LT-001,165.8,9.211,1.323,0.866,49.953,16.78,WARNING
2455,2026-08-01 00:40:54,TR-102,LT-002,232.73,6.022,1.306,0.932,50.133,1.74,NORMAL
7216,2026-08-01 02:00:15,TR-101,LT-004,232.26,11.338,2.437,0.925,50.063,1.2,NORMAL
3105,2026-08-01 00:51:44,TR-103,LT-004,227.08,9.357,1.963,0.924,50.12,2.56,NORMAL
8393,2026-08-01 00:06:32,TR-103,LT-002,152.56,17.459,2.161,0.811,50.012,18.32,WARNING
6279,2026-08-01 01:44:38,TR-101,LT-006,225.16,9.475,1.907,0.894,49.949,1.34,NORMAL
3100,2026-08-01 00:51:39,TR-101,LT-005,232.32,7.603,1.664,0.942,50.027,1.72,NORMAL
6185,2026-08-01 01:43:04,TR-102,LT-004,229.76,8.623,1.871,0.944,49.962,1.99,NORMAL
3562,2026-08-01 00:59:21,TR-102,LT-006,226.97,5.714,1.21,0.933,50.191,2.58,NORMAL
5893,2026-08-01 01:38:12,TR-102,LT-004,224.4,7.804,1.622,0.926,50.104,0.05,NORMAL
392,2026-08-01 00:06:31,TR-101,LT-002,231.97,7.766,1.711,0.95,50.025,2.05,NORMAL
6737,2026-08-01 01:52:16,TR-101,LT-006,233.25,8.86,1.91,0.924,50.022,2.06,NORMAL
5619,2026-08-01 01:33:38,TR-104,LT-003,231.56,4.312,0.95,0.952,50.056,2.07,NORMAL
5259,2026-08-01 01:27:38,TR-104,LT-003,223.49,8.959,1.869,0.934,50.128,2.1,NORMAL
9688,2026-08-01 00:08:07,TR-101,LT-002,98.59,0.441,0.014,0.324,50.073,35.19,POSSIBLE_BROKEN_LT
2696,2026-08-01 00:44:55,TR-104,LT-002,235.73,5.846,1.33,0.965,49.906,3.24,NORMAL
2028,2026-08-01 00:33:47,TR-104,LT-002,234.96,7.49,1.638,0.931,49.911,3.38,NORMAL
5464,2026-08-01 01:31:03,TR-103,LT-001,227.01,5.786,1.182,0.9,50.194,2.91,NORMAL
2569,2026-08-01 00:42:48,TR-104,LT-002,233.43,7.041,1.55,0.943,49.926,2.61,NORMAL
8007,2026-08-01 00:00:06,TR-102,LT-006,198.65,10.294,1.324,0.648,50.018,9.58,WARNING
65,2026-08-01 00:01:04,TR-101,LT-005,233.25,6.237,1.407,0.967,49.988,2.49,NORMAL
2063,2026-08-01 00:34:22,TR-102,LT-001,231.56,9.771,2.092,0.925,49.989,0.94,NORMAL
5277,2026-08-01 01:27:56,TR-103,LT-006,224.12,7.382,1.585,0.958,50.017,0.61,NORMAL
7209,2026-08-01 02:00:08,TR-103,LT-003,224.92,13.402,2.806,0.931,50.039,0.93,NORMAL
8685,2026-08-01 00:11:24,TR-103,LT-003,202.59,12.433,2.115,0.84,50.014,11.07,WARNING
8572,2026-08-01 00:09:31,TR-103,LT-005,151.87,10.601,1.463,0.909,50.032,20.25,WARNING
6332,2026-08-01 01:45:31,TR-101,LT-005,224.57,7.548,1.577,0.931,49.963,2.76,NORMAL
4860,2026-08-01 01:20:59,TR-104,LT-004,229.43,5.2,1.121,0.94,50.155,2.41,NORMAL
4888,2026-08-01 01:21:27,TR-103,LT-004,236.44,8.023,1.748,0.922,50.041,0.62,NORMAL
9269,2026-08-01 00:01:08,TR-104,LT-003,87.56,0.073,0.002,0.295,49.969,31.16,POSSIBLE_BROKEN_LT
879,2026-08-01 00:14:38,TR-104,LT-001,229.93,9.133,2.046,0.974,49.848,1.63,NORMAL
8530,2026-08-01 00:08:49,TR-104,LT-003,186.45,12.951,2.066,0.855,49.909,10.91,WARNING
7917,2026-08-01 02:11:56,TR-104,LT-002,228.9,4.82,1.022,0.926,49.978,4.16,NORMAL
6864,2026-08-01 01:54:23,TR-101,LT-005,231.03,7.547,1.66,0.952,49.954,3.21,NORMAL
7893,2026-08-01 02:11:32,TR-103,LT-006,225.22,9.284,2.018,0.965,50.113,1.38,NORMAL
6440,2026-08-01 01:47:19,TR-104,LT-004,232.11,5.729,1.252,0.942,50.063,2.75,NORMAL
7870,2026-08-01 02:11:09,TR-102,LT-004,232.9,9.047,1.979,0.939,49.972,2.35,NORMAL
1017,2026-08-01 00:16:56,TR-101,LT-002,227.39,4.599,0.953,0.911,49.928,1.32,NORMAL
9468,2026-08-01 00:04:27,TR-101,LT-001,68.03,0.382,0.009,0.358,50.102,49.65,POSSIBLE_BROKEN_LT
7630,2026-08-01 02:07:09,TR-103,LT-002,231.58,8.864,1.958,0.954,49.999,3.46,NORMAL
996,2026-08-01 00:16:35,TR-104,LT-005,228.88,8.203,1.771,0.943,49.848,1.39,NORMAL
4298,2026-08-01 01:11:37,TR-102,LT-002,230.51,6.727,1.538,0.992,50.053,0.69,NORMAL
162,2026-08-01 00:02:41,TR-104,LT-005,233.15,9.756,2.134,0.938,50.126,1.42,NORMAL
5676,2026-08-01 01:34:35,TR-101,LT-002,230.08,9.732,2.092,0.934,50.039,2.41,NORMAL
6874,2026-08-01 01:54:33,TR-103,LT-005,228.18,9.969,2.144,0.942,50.142,1.41,NORMAL
9693,2026-08-01 00:08:12,TR-103,LT-003,66.23,0.208,0.007,0.531,49.904,34.72,POSSIBLE_BROKEN_LT
7990,2026-08-01 02:13:09,TR-103,LT-003,232.32,7.634,1.68,0.947,50.041,2.15,NORMAL
3844,2026-08-01 01:04:03,TR-101,LT-003,224.51,6.947,1.392,0.892,49.939,0.61,NORMAL
1022,2026-08-01 00:17:01,TR-104,LT-001,227.71,11.216,2.404,0.941,50.027,1.05,NORMAL
3074,2026-08-01 00:51:13,TR-103,LT-003,236.53,8.146,1.791,0.929,50.228,2.06,NORMAL
7556,2026-08-01 02:05:55,TR-103,LT-002,231.06,5.881,1.259,0.926,49.912,2.1,NORMAL
3944,2026-08-01 01:05:43,TR-101,LT-005,220.44,8.919,1.863,0.947,49.962,1.92,NORMAL
1586,2026-08-01 00:26:25,TR-101,LT-006,232.77,4.851,1.118,0.99,49.988,1.75,NORMAL
3153,2026-08-01 00:52:32,TR-102,LT-006,218.37,5.553,1.123,0.927,49.957,1.46,NORMAL
8227,2026-08-01 00:03:46,TR-101,LT-004,208.04,12.331,2.263,0.882,50.056,22.12,WARNING
776,2026-08-01 00:12:55,TR-102,LT-001,223.72,5.245,1.104,0.94,49.888,0.99,NORMAL
9671,2026-08-01 00:07:50,TR-103,LT-005,42.21,0.415,0.008,0.436,50.083,49.86,POSSIBLE_BROKEN_LT
7100,2026-08-01 01:58:19,TR-103,LT-005,224.37,5.427,1.13,0.928,49.907,1.98,NORMAL
5487,2026-08-01 01:31:26,TR-104,LT-003,230.54,9.131,1.959,0.931,49.906,2.3,NORMAL
6236,2026-08-01 01:43:55,TR-103,LT-003,233.88,9.452,2.047,0.926,49.977,1.6,NORMAL
9556,2026-08-01 00:05:55,TR-103,LT-001,64.6,0.118,0.002,0.268,49.93,13.61,POSSIBLE_BROKEN_LT
7042,2026-08-01 01:57:21,TR-102,LT-003,228.34,5.374,1.165,0.95,50.013,2.49,NORMAL
2613,2026-08-01 00:43:32,TR-102,LT-005,229.19,10.766,2.328,0.943,49.85,2.06,NORMAL
7514,2026-08-01 02:05:13,TR-103,LT-005,228.14,5.272,1.134,0.943,50.078,2.65,NORMAL
8434,2026-08-01 00:07:13,TR-104,LT-001,225.0,9.785,1.906,0.866,49.957,13.9,WARNING
8793,2026-08-01 00:13:12,TR-101,LT-006,196.49,11.23,2.017,0.914,49.965,13.34,WARNING
5394,2026-08-01 01:29:53,TR-102,LT-002,230.6,5.962,1.272,0.925,49.953,2.07,NORMAL
8839,2026-08-01 00:13:58,TR-103,LT-005,187.06,11.437,1.657,0.775,50.006,14.71,WARNING
3891,2026-08-01 01:04:50,TR-101,LT-002,232.77,7.28,1.624,0.958,50.031,2.13,NORMAL
3557,2026-08-01 00:59:16,TR-102,LT-001,232.56,8.845,1.855,0.902,49.9,2.58,NORMAL
1529,2026-08-01 00:25:28,TR-101,LT-004,228.04,8.351,1.808,0.949,49.905,1.28,NORMAL
1268,2026-08-01 00:21:07,TR-104,LT-002,226.38,4.148,0.887,0.945,50.026,1.51,NORMAL
7735,2026-08-01 02:08:54,TR-104,LT-001,230.47,11.146,2.483,0.967,50.075,3.15,NORMAL
1900,2026-08-01 00:31:39,TR-103,LT-004,228.82,9.893,2.111,0.932,50.1,4.37,NORMAL
4659,2026-08-01 01:17:38,TR-103,LT-003,230.98,8.946,1.904,0.921,49.862,3.1,NORMAL
3006,2026-08-01 00:50:05,TR-102,LT-002,224.66,7.576,1.662,0.977,49.89,1.99,NORMAL
2735,2026-08-01 00:45:34,TR-102,LT-006,237.95,6.031,1.312,0.914,50.19,1.7,NORMAL
190,2026-08-01 00:03:09,TR-104,LT-006,223.94,9.893,2.123,0.958,50.008,1.52,NORMAL
9168,2026-08-01 00:19:27,TR-102,LT-003,189.54,14.244,1.902,0.705,49.988,7.25,WARNING
2748,2026-08-01 00:45:47,TR-104,LT-002,225.4,6.117,1.311,0.951,49.857,2.47,NORMAL
2048,2026-08-01 00:34:07,TR-103,LT-001,229.96,8.419,1.775,0.917,49.983,2.73,NORMAL
7850,2026-08-01 02:10:49,TR-101,LT-001,228.69,11.763,2.635,0.98,49.979,1.64,NORMAL
2559,2026-08-01 00:42:38,TR-103,LT-003,231.31,7.795,1.803,1.0,50.023,2.83,NORMAL
9275,2026-08-01 00:01:14,TR-104,LT-001,62.29,0.125,0.004,0.561,50.039,32.12,POSSIBLE_BROKEN_LT
8667,2026-08-01 00:11:06,TR-103,LT-005,178.29,12.119,1.759,0.814,49.907,11.68,WARNING
6397,2026-08-01 01:46:36,TR-102,LT-004,230.47,10.902,2.333,0.929,49.779,1.85,NORMAL
3386,2026-08-01 00:56:25,TR-101,LT-001,227.74,7.679,1.517,0.867,49.941,1.23,NORMAL
4556,2026-08-01 01:15:55,TR-104,LT-002,228.8,5.01,1.076,0.939,50.004,0.46,NORMAL
1185,2026-08-01 00:19:44,TR-101,LT-001,226.04,7.658,1.705,0.985,49.969,2.27,NORMAL
6421,2026-08-01 01:47:00,TR-101,LT-004,225.45,8.273,1.747,0.937,49.976,0.71,NORMAL
5052,2026-08-01 01:24:11,TR-101,LT-005,231.4,11.16,2.387,0.924,50.081,1.49,NORMAL
5312,2026-08-01 01:28:31,TR-101,LT-003,234.93,9.816,2.151,0.933,49.871,1.93,NORMAL
2434,2026-08-01 00:40:33,TR-101,LT-002,229.3,7.904,1.666,0.919,50.02,1.52,NORMAL
6950,2026-08-01 01:55:49,TR-102,LT-005,232.81,7.683,1.737,0.971,49.984,4.17,NORMAL
770,2026-08-01 00:12:49,TR-101,LT-003,237.25,9.56,2.18,0.961,49.837,1.47,NORMAL
1686,2026-08-01 00:28:05,TR-103,LT-004,234.75,9.984,2.242,0.957,49.958,1.84,NORMAL
8323,2026-08-01 00:05:22,TR-103,LT-001,187.44,6.945,1.07,0.822,50.12,11.66,WARNING
5579,2026-08-01 01:32:58,TR-103,LT-005,224.61,4.321,0.911,0.939,50.057,3.19,NORMAL
4427,2026-08-01 01:13:46,TR-102,LT-001,231.4,6.568,1.46,0.961,50.059,2.13,NORMAL
467,2026-08-01 00:07:46,TR-101,LT-002,232.46,9.207,2.013,0.941,49.981,1.69,NORMAL
6266,2026-08-01 01:44:25,TR-101,LT-004,230.56,7.24,1.564,0.937,50.049,1.45,NORMAL
5735,2026-08-01 01:35:34,TR-102,LT-001,227.7,10.043,2.194,0.96,50.088,3.44,NORMAL
5192,2026-08-01 01:26:31,TR-102,LT-005,229.83,6.463,1.398,0.941,49.936,1.85,NORMAL
5391,2026-08-01 01:29:50,TR-103,LT-006,227.2,8.746,1.921,0.967,50.121,2.09,NORMAL
861,2026-08-01 00:14:20,TR-103,LT-002,230.81,8.592,1.909,0.963,49.907,0.93,NORMAL
7271,2026-08-01 02:01:10,TR-104,LT-004,223.13,7.62,1.583,0.931,50.066,1.06,NORMAL
